id,department_code,insee_code,zip_code,-ARDENNES,slug,gps_lat,gps_lng
2416,8,8001,8300,Acy-Romance,acy romance,49.493736263736,4.3276251648352
2417,8,8003,8090,Aiglemont,aiglemont,49.786468395062,4.7714258024691
2418,8,8004,8190,Aire,aire,49.475624578313,4.1581303614458
2419,8,8005,8310,Alincourt,alincourt,49.406881969697,4.3483528787879
2420,8,8006,8130,Alland'Huy-et-Sausseuil,alland huy et sausseuil,49.513776666667,4.5493504444444
2421,8,8008,8300,Amagne,amagne,49.512478409091,4.5042950757576
2422,8,8010,8130,Ambly-Fleury,ambly fleury,49.490795677966,4.4895538135593
2423,8,8011,8500,Anchamps,anchamps,49.921193870968,4.6662287096774
2424,8,8013,8450,Angecourt,angecourt,49.635650735294,4.9765051470588
2425,8,8014,8310,Annelles,annelles,49.434303611111,4.4146884722222
2426,8,8015,8260,Antheny,antheny,49.846266842105,4.3096251315789
2427,8,8016,8290,Aouste,aouste,49.79423872093,4.3113715116279
2428,8,8017,8250,Apremont,apremont,49.258126285714,4.9642535238095
2429,8,8018,8400,Ardeuil-et-Montfauxelles,ardeuil et montfauxelles,49.2672375,4.7025384375
2430,8,8019,8390,Les Grandes-Armoises,les grandes armoises,49.52882175,4.899909
2431,8,8020,8390,Les Petites-Armoises,les petites armoises,49.5017152,4.8270558666667
2432,8,8021,8300,Arnicourt,arnicourt,49.555794464286,4.3367121428571
2433,8,8022,8090,Arreux,arreux,49.828012654867,4.6613792035398
2434,8,8023,8390,Artaise-le-Vivier,artaise le vivier,49.572380803571,4.8940009821429
2435,8,8024,8190,Asfeld,asfeld,49.479638025478,4.1283085987261
2436,8,8025,8130,Attigny,attigny,49.477670909091,4.5904783636364
2437,8,8026,8150,Aubigny-les-Pothées,aubigny les pothees,49.773328089172,4.4263634394904
2438,8,8027,8270,Auboncourt-Vauzelles,auboncourt vauzelles,49.557240808081,4.4853486868687
2439,8,8028,8320,Aubrives,aubrives,50.092151775701,4.7633074766355
2440,8,8029,8370,Auflance,auflance,49.612507606838,5.2958061538461
2441,8,8030,8380,Auge,auge,49.855254545455,4.2659618181818
2442,8,8031,8400,Aure,aure,49.275997403846,4.6220064423077
2443,8,8032,8310,Aussonce,aussonce,49.339176285714,4.3342078571429
2444,8,8033,8240,Authe,authe,49.463022190476,4.8838303809524
2445,8,8034,8210,Autrecourt-et-Pourron,autrecourt et pourron,49.605174344828,5.0304117931035
2446,8,8035,8240,Autruche,autruche,49.455235403226,4.9071227419355
2447,8,8036,8250,Autry,autry,49.262532297297,4.8415013513513
2448,8,8037,8260,Auvillers-les-Forges,auvillers les forges,49.865556161616,4.3656494949495
2449,8,8038,8300,Avançon,avancon,49.4778888,4.2542956
2450,8,8039,8190,Avaux,avaux,49.458562818182,4.0704153636364
2451,8,8040,8000,Les Ayvelles,les ayvelles,49.722589139785,4.75117
2452,8,8041,8430,Baâlons,baalons,49.599822823529,4.6637421764706
2453,8,8042,8160,Balaives-et-Butz,balaives et butz,49.669606875,4.713315390625
2454,8,8043,8200,Balan,balan,49.688346271186,4.9627493220339
2455,8,8044,8190,Balham,balham,49.49051984375,4.15209578125
2456,8,8045,8400,Ballay,ballay,49.417180795455,4.7462079545455
2457,8,8046,8220,Banogne-Recouvrance,banogne recouvrance,49.568358378378,4.1345991891892
2458,8,8047,8430,Barbaise,barbaise,49.673101089109,4.5815228712871
2459,8,8048,8300,Barby,barby,49.525320422535,4.3089842253521
2460,8,8049,8240,Bar-lès-Buzancy,bar les buzancy,49.444634326923,4.95618625
2461,8,8052,8240,Bayonville,bayonville,49.395204741379,5.0067552586207
2462,8,8053,8140,Bazeilles,bazeilles,49.713138654971,5.0260053508772
2463,8,8055,8210,Beaumont-en-Argonne,beaumont en argonne,49.522278369906,5.0440947648903
2464,8,8056,8250,Beffu-et-le-Morthomme,beffu et le morthomme,49.374428095238,4.8929633333333
2465,8,8057,8240,Belleville-et-Châtillon-sur-Bar,belleville et chatillon sur bar,49.467747809524,4.8121331904762
2466,8,8058,8090,Belval,belval,49.777651610169,4.6358333050847
2467,8,8059,8240,Belval-Bois-des-Dames,belval bois des dames,49.491480711462,5.0511085770751
2468,8,8060,8300,Bergnicourt,bergnicourt,49.417046179775,4.2441839325843
2469,8,8061,8240,La Berlière,la berliere,49.526550808824,4.94164375
2470,8,8062,8300,Bertoncourt,bertoncourt,49.535437176471,4.4031064705882
2471,8,8063,8450,La Besace,la besace,49.552394552846,4.9665933333333
2472,8,8064,8300,Biermes,biermes,49.478724421053,4.38443
2473,8,8065,8370,Bièvres,bievres,49.555710140845,5.2745990140845
2474,8,8066,8310,Bignicourt,bignicourt,49.390540862069,4.4246425862069
2475,8,8067,8110,Blagny,blagny,49.624783539823,5.1992478761062
2476,8,8069,8290,Blanchefosse-et-Bay,blanchefosse et bay,49.765176781609,4.2510812068965
2477,8,8070,8190,Blanzy-la-Salonnaise,blanzy la salonnaise,49.491418907563,4.1852971428571
2478,8,8071,8260,Blombay,blombay,49.823263757225,4.450848150289
2479,8,8073,8290,Bossus-lès-Rumigny,bossus les rumigny,49.83826625,4.2519221590909
2480,8,8074,8250,Bouconville,bouconville,49.252843026316,4.7726282894737
2481,8,8075,8240,Boult-aux-Bois,boult aux bois,49.42187056338,4.8397670422535
2482,8,8076,8410,Boulzicourt,boulzicourt,49.691216781609,4.6926327586207
2483,8,8077,8400,Bourcq,bourcq,49.382593333333,4.6172694623656
2484,8,8078,8230,Bourg-Fidèle,bourg fidele,49.8949709375,4.5527392708333
2485,8,8079,8160,Boutancourt,boutancourt,49.681319677419,4.7692903225806
2486,8,8080,8430,Bouvellemont,bouvellemont,49.583229156627,4.6625344578313
2487,8,8081,8120,Bogny-sur-Meuse,bogny sur meuse,49.846349464286,4.7470092857143
2488,8,8082,8400,Brécy-Brières,brecy brieres,49.334488088235,4.7587072058824
2489,8,8083,8140,Brévilly,brevilly,49.659604387755,5.0813310204082
2490,8,8084,8190,Brienne-sur-Aisne,brienne sur aisne,49.430581875,4.059166375
2491,8,8085,8240,Brieulles-sur-Bar,brieulles sur bar,49.483886050955,4.8662874522293
2492,8,8086,8240,Briquenay,briquenay,49.406342857143,4.8803778306878
2493,8,8087,8380,Brognon,brognon,49.92769975,4.27542175
2494,8,8088,8450,Bulson,bulson,49.628872692308,4.9168647435897
2495,8,8089,8240,Buzancy,buzancy,49.417831368421,4.9744857894737
2496,8,8090,8110,Carignan,carignan,49.637853631285,5.1714675418994
2497,8,8092,8310,Cauroy,cauroy,49.3551094,4.4591066
2498,8,8094,8260,Cernion,cernion,49.797907401575,4.4242018897638
2499,8,8095,8430,Chagny,chagny,49.569241395349,4.7006751937984
2500,8,8096,8160,Chalandry-Elaire,chalandry elaire,49.710187402597,4.7586327272727
2501,8,8097,8400,Challerange,challerange,49.309132182741,4.7488010659899
2502,8,8098,8250,Champigneulle,champigneulle,49.353146504854,4.9300049514563
2503,8,8099,8430,Champigneul-sur-Vence,champigneul sur vence,49.705014680851,4.6676367021277
2504,8,8100,8260,Champlin,champlin,49.833650144928,4.3270742028986
2505,8,8101,8200,La Chapelle,la chapelle,49.755304965517,5.0231127586207
2506,8,8102,8220,Chappes,chappes,49.609587410714,4.2816911607143
2507,8,8103,8130,Charbogne,charbogne,49.507597818182,4.59075
2508,8,8104,8400,Chardeny,chardeny,49.420019764706,4.595614
2509,8,8105,8000,Charleville-Mézières,charleville mezieres,49.775825972222,4.720758125
2510,8,8106,8600,Charnois,charnois,50.1033095,4.83114325
2511,8,8107,8360,Château-Porcien,chateau porcien,49.524493809524,4.2441004761905
2512,8,8109,8250,Chatel-Chéhéry,chatel chehery,49.277399324324,4.9552404504505
2513,8,8110,8150,Le Châtelet-sur-Sormonne,le chatelet sur sormonne,49.83364955,4.5201453
2514,8,8111,8300,Le Châtelet-sur-Retourne,le chatelet sur retourne,49.4149016,4.2757508
2515,8,8113,8220,Chaumont-Porcien,chaumont porcien,49.655257777778,4.2340482986111
2516,8,8115,8350,Chémery-Chéhéry,chemery chehery,49.643586,4.875106
2517,8,8115,8450,Chémery-Chéhéry,chemery chehery,49.643586,4.875106
2518,8,8116,8390,Bairon et ses environs,bairon et ses environs,49.5559582,4.7944142
2519,8,8116,8400,Bairon et ses environs,bairon et ses environs,49.530979,4.766465
2520,8,8117,8270,Chesnois-Auboncourt,chesnois auboncourt,49.55869712963,4.5638893518519
2521,8,8119,8350,Cheveuges,cheveuges,49.661252702703,4.8875502702703
2522,8,8120,8250,Chevières,chevieres,49.321400617284,4.8952238271605
2523,8,8121,8260,Chilly,chilly,49.841074589041,4.4693163013699
2524,8,8122,8600,Chooz,chooz,50.087976029412,4.8032381617647
2525,8,8123,8130,Chuffilly-Roche,chuffilly roche,49.451319,4.621071
2526,8,8124,8460,Clavy-Warby,clavy warby,49.745436470588,4.5491844705882
2527,8,8125,8090,Cliron,cliron,49.810281015228,4.6147034517767
2528,8,8126,8360,Condé-lès-Herpy,conde les herpy,49.541561956522,4.1945416304348
2529,8,8128,8250,Condé-lès-Autry,conde les autry,49.244495027933,4.8522631284916
2530,8,8130,8400,Contreuve,contreuve,49.361508454545,4.6191594545454
2531,8,8131,8250,Cornay,cornay,49.296401052632,4.9291120300752
2532,8,8132,8270,Corny-Machéroménil,corny macheromenil,49.580189099099,4.4511592792793
2533,8,8133,8300,Coucy,coucy,49.508843615385,4.4607213076923
2534,8,8134,8130,Coulommes-et-Marqueny,coulommes et marqueny,49.43057556701,4.5794843298969
2535,8,8135,8400,La Croix-aux-Bois,la croix aux bois,49.405193076923,4.7808287179487
2536,8,8136,8140,Daigny,daigny,49.704084878049,5.0026753658537
2537,8,8137,8090,Damouzy,damouzy,49.809263081081,4.6831518918919
2538,8,8138,8110,Les Deux-Villes,les deux villes,49.654022857143,5.2332323214286
2539,8,8139,8800,Deville,deville,49.879367857143,4.6917857142857
2540,8,8140,8160,Dom-le-Mesnil,dom le mesnil,49.686607977528,4.8145804494382
2541,8,8141,8460,Dommery,dommery,49.6801946875,4.4841065625
2542,8,8142,8350,Donchery,donchery,49.731478210526,4.8859486315789
2543,8,8143,8220,Doumely-Bégny,doumely begny,49.633354925373,4.3042768656716
2544,8,8144,8300,Doux,doux,49.514655818182,4.4292081818182
2545,8,8145,8140,Douzy,douzy,49.662878357488,5.0433449275362
2546,8,8146,8220,Draize,draize,49.65319625,4.33176875
2547,8,8147,8310,Dricourt,dricourt,49.392397924528,4.5149124528302
2548,8,8148,8300,L'Écaille,l ecaille,49.415510217391,4.2141306521739
2549,8,8149,8150,L'Échelle,l echelle,49.800262881356,4.4851989830509
2550,8,8150,8300,Écly,ecly,49.552655,4.2956643518519
2551,8,8151,8130,Écordal,ecordal,49.537070466667,4.5862042666667
2552,8,8152,8160,Élan,elan,49.654675652174,4.7540111594203
2553,8,8153,8110,Escombres-et-le-Chesnois,escombres et le chesnois,49.698072037037,5.1288326851852
2554,8,8154,8260,Estrebay,estrebay,49.824773305785,4.3484318181818
2555,8,8155,8260,Étalle,etalle,49.851291590909,4.4507677272727
2556,8,8156,8260,Éteignières,eteignieres,49.897707615385,4.4046754615385
2557,8,8158,8160,Étrépigny,etrepigny,49.687530526316,4.749792631579
2558,8,8159,8210,Euilly-et-Lombut,euilly et lombut,49.631878434783,5.1169871304348
2559,8,8160,8090,Évigny,evigny,49.727715555556,4.675489047619
2560,8,8161,8250,Exermont,exermont,49.295793222222,5.0200706111111
2561,8,8162,8090,Fagnon,fagnon,49.73220484375,4.618295390625
2562,8,8163,8270,Faissault,faissault,49.611458135593,4.5073572881356
2563,8,8164,8400,Falaise,falaise,49.382972122905,4.7341731843575
2564,8,8165,8270,Faux,faux,49.536253392857,4.50401625
2565,8,8166,8170,Fépin,fepin,50.023735857143,4.7054164285714
2566,8,8167,8290,La Férée,la feree,49.75934979021,4.3088872027972
2567,8,8168,8370,La Ferté-sur-Chiers,la ferte sur chiers,49.573127142857,5.2375892436975
2568,8,8169,8260,Flaignes-Havys,flaignes havys,49.822659189189,4.3993754054054
2569,8,8170,8200,Fleigneux,fleigneux,49.774825465838,4.9646270186335
2570,8,8171,8250,Fléville,fleville,49.30658013986,4.9821955944056
2571,8,8172,8380,Fligny,fligny,49.8900412,4.2693946666667
2572,8,8173,8160,Flize,flize,49.693689756098,4.7727663414634
2573,8,8174,8200,Floing,floing,49.724546865672,4.9382862686567
2574,8,8175,8600,Foisches,foisches,50.131099210526,4.7801818421053
2575,8,8176,8240,Fossé,fosse,49.446075480769,5.0045560576923
2576,8,8178,8220,Fraillicourt,fraillicourt,49.667208230088,4.1687683185841
2577,8,8179,8140,Francheval,francheval,49.721926391753,5.0806125257732
2578,8,8180,8000,La Francheville,la francheville,49.725208965517,4.7082551724138
2579,8,8182,8290,Le Fréty,le frety,49.732399689922,4.2557867441861
2580,8,8183,8600,Fromelennes,fromelennes,50.115436482759,4.8638930344828
2581,8,8184,8370,Fromy,fromy,49.602894666667,5.2560272222222
2582,8,8185,8170,Fumay,fumay,49.970879045643,4.6714028630705
2583,8,8186,8240,Germont,germont,49.430089078947,4.8794267105263
2584,8,8187,8440,Gernelle,gernelle,49.773570229885,4.8279934482759
2585,8,8188,8700,Gespunsart,gespunsart,49.816467962963,4.8463987037037
2586,8,8189,8260,Girondelle,girondelle,49.850911791045,4.3874185820896
2587,8,8190,8600,Givet,givet,50.142144135802,4.8418841975309
2588,8,8191,8200,Givonne,givonne,49.738311342282,4.9981065100671
2589,8,8192,8220,Givron,givron,49.655824752475,4.2955304950495
2590,8,8193,8130,Givry,givry,49.490717971015,4.5290402173913
2591,8,8194,8200,Glaire,glaire,49.714234,4.906385625
2592,8,8195,8190,Gomont,gomont,49.505066538462,4.1735169230769
2593,8,8196,8270,Grandchamp,grandchamp,49.651291923077,4.4084347115385
2594,8,8197,8250,Grandham,grandham,49.294136351351,4.8530471621622
2595,8,8198,8250,Grandpré,grandpre,49.34800262931,4.8463278017241
2596,8,8199,8700,La Grandville,la grandville,49.787154215686,4.8008892156863
2597,8,8200,8400,Grivy-Loisy,grivy loisy,49.428698651685,4.6409869662921
2598,8,8201,8430,Gruyères,gruyeres,49.711033962264,4.6068901886792
2599,8,8202,8230,Gué-d'Hossus,gue d hossus,49.959413241379,4.5411100689655
2600,8,8203,8430,Guignicourt-sur-Vence,guignicourt sur vence,49.685113873874,4.6405742342342
2601,8,8204,8130,Guincourt,guincourt,49.556209347826,4.6304443478261
2602,8,8205,8430,Hagnicourt,hagnicourt,49.613466,4.5892297142857
2603,8,8206,8090,Ham-les-Moines,ham les moines,49.795688640777,4.5904524271845
2604,8,8207,8600,Ham-sur-Meuse,ham sur meuse,50.091966046512,4.7836586046512
2605,8,8208,8290,Hannappes,hannappes,49.823186262626,4.2396481818182
2606,8,8209,8160,Hannogne-Saint-Martin,hannogne saint martin,49.673642269504,4.8349204255319
2607,8,8210,8220,Hannogne-Saint-Rémy,hannogne saint remy,49.603454875,4.13646875
2608,8,8211,8450,Haraucourt,haraucourt,49.620761313869,4.9529842335766
2609,8,8212,8150,Harcy,harcy,49.85010373057,4.5630461658031
2610,8,8214,8170,Hargnies,hargnies,50.010112453704,4.7867456018518
2611,8,8215,8240,Harricourt,harricourt,49.440874042553,4.9226469148936
2612,8,8216,8090,Haudrecy,haudrecy,49.785549615385,4.6137359615385
2613,8,8217,8800,Haulmé,haulme,49.859637321429,4.7939973214286
2614,8,8218,8800,Les Hautes-Rivières,les hautes rivieres,49.901379954338,4.844938630137
2615,8,8219,8300,Hauteville,hauteville,49.581019285714,4.3007742857143
2616,8,8220,8310,Hauviné,hauvine,49.312870978261,4.4177601086957
2617,8,8222,8170,Haybes,haybes,49.996598659218,4.7334177094972
2618,8,8223,8370,Herbeuval,herbeuval,49.602193712121,5.3533299242424
2619,8,8225,8360,Herpy-l'Arlésienne,herpy l arlesienne,49.522938536585,4.193108902439
2620,8,8226,8320,Hierges,hierges,50.0968414,4.7355134
2621,8,8228,8430,La Horgne,la horgne,49.62192530303,4.676831969697
2622,8,8229,8190,Houdilcourt,houdilcourt,49.429012222222,4.1263308333333
2623,8,8230,8090,Houldizy,houldizy,49.809056071429,4.6637189285714
2624,8,8232,8200,Illy,illy,49.752212645503,4.9774476719577
2625,8,8233,8240,Imécourt,imecourt,49.370851509434,4.9720412264151
2626,8,8234,8300,Inaumont,inaumont,49.562857109375,4.31695140625
2627,8,8235,8440,Issancourt-et-Rumel,issancourt et rumel,49.757562440945,4.8307310236221
2628,8,8236,8430,Jandun,jandun,49.666208308824,4.5610292647059
2629,8,8237,8700,Joigny-sur-Meuse,joigny sur meuse,49.832493492063,4.7659623809524
2630,8,8238,8130,Jonval,jonval,49.572247735849,4.665111509434
2631,8,8239,8310,Juniville,juniville,49.405099784946,4.378859139785
2632,8,8240,8270,Justine-Herbigny,justine herbigny,49.606792926829,4.3266094634146
2633,8,8242,8800,Laifour,laifour,49.903218571429,4.6909606122449
2634,8,8243,8460,Lalobbe,lalobbe,49.67144939759,4.3696684337349
2635,8,8244,8130,Lametz,lametz,49.525833716216,4.6871493918919
2636,8,8245,8250,Lançon,lancon,49.278505522388,4.8847789552239
2637,8,8246,8240,Landres-et-Saint-Georges,landres et saint georges,49.352078053691,5.012079261745
2638,8,8247,8600,Landrichamps,landrichamps,50.080449402985,4.825146119403
2639,8,8248,8430,Launois-sur-Vence,launois sur vence,49.661256119403,4.5267715671642
2640,8,8249,8150,Laval-Morency,laval morency,49.83182989899,4.4922101010101
2641,8,8250,8310,Leffincourt,leffincourt,49.381546060606,4.5512415151515
2642,8,8251,8150,Lépron-les-Vallées,lepron les vallees,49.748279767442,4.4580322093023
2643,8,8252,8210,Létanne,letanne,49.539681780105,5.081764973822
2644,8,8254,8290,Liart,liart,49.756992119205,4.3363195364238
2645,8,8255,8110,Linay,linay,49.615735233645,5.2271535514019
2646,8,8256,8400,Liry,liry,49.304838490566,4.6466833962264
2647,8,8257,8150,Logny-Bogny,logny bogny,49.774747115385,4.3990580769231
2648,8,8259,8400,Longwé,longwe,49.381605918367,4.7916082653061
2649,8,8260,8150,Lonny,lonny,49.815688099174,4.585862892562
2650,8,8262,8300,Lucquy,lucquy,49.535366373626,4.4739671428571
2651,8,8263,8440,Lumes,lumes,49.7344584,4.7844388
2652,8,8264,8310,Machault,machault,49.347767457627,4.5079661016949
2653,8,8268,8450,Maisoncelle-et-Villers,maisoncelle et villers,49.587245,4.9167989423077
2654,8,8269,8370,Malandry,malandry,49.576531071429,5.1874654761905
2655,8,8271,8400,Manre,manre,49.259443162393,4.6544975213675
2656,8,8272,8460,Maranwez,maranwez,49.725730925926,4.3440373148148
2657,8,8273,8260,Marby,marby,49.831557047619,4.4315141904762
2658,8,8274,8250,Marcq,marcq,49.317748333333,4.9162937719298
2659,8,8275,8370,Margny,margny,49.617187904192,5.3616162874252
2660,8,8276,8370,Margut,margut,49.584167111111,5.2702318888889
2661,8,8277,8290,Marlemont,marlemont,49.745089912281,4.3715784210526
2662,8,8278,8390,Marquigny,marquigny,49.548551785714,4.7001961904762
2663,8,8279,8400,Mars-sous-Bourcq,mars sous bourcq,49.40042673913,4.6408732608696
2664,8,8280,8400,Marvaux-Vieux,marvaux vieux,49.289102462687,4.6986110447761
2665,8,8281,8110,Matton-et-Clémency,matton et clemency,49.675052805755,5.2230620143885
2666,8,8282,8260,Maubert-Fontaine,maubert fontaine,49.879314875,4.4318755
2667,8,8283,8430,Mazerny,mazerny,49.60426825,4.6209895833333
2668,8,8284,8500,Les Mazures,les mazures,49.890265318352,4.6264655805243
2669,8,8286,8310,Ménil-Annelles,menil annelles,49.439196756757,4.4490474324324
2670,8,8287,8310,Ménil-Lépinois,menil lepinois,49.376067777778,4.2832222222222
2671,8,8288,8270,Mesmont,mesmont,49.619613418803,4.401112991453
2672,8,8289,8110,Messincourt,messincourt,49.689574771242,5.1515107843137
2673,8,8291,8110,Mogues,mogues,49.658409909091,5.281681
2674,8,8293,8370,Moiry,moiry,49.598456146789,5.2790035779817
2675,8,8294,8140,La Moncelle,la moncelle,49.692727666667,4.9962736666667
2676,8,8295,8430,Mondigny,mondigny,49.713304153846,4.6376647692308
2677,8,8296,8250,Montcheutin,montcheutin,49.293435306122,4.8147613265306
2678,8,8297,8090,Montcornet,montcornet,49.832257623762,4.6499786633663
2679,8,8298,8090,Montcy-Notre-Dame,montcy notre dame,49.791742698413,4.7400458730159
2680,8,8300,8390,Le Mont-Dieu,le mont dieu,49.555267307692,4.8506841346154
2681,8,8301,8390,Montgon,montgon,49.513524404762,4.7206051190476
2682,8,8302,8800,Monthermé,montherme,49.896421800948,4.7454525592417
2683,8,8303,8400,Monthois,monthois,49.305611372549,4.7105296732026
2684,8,8304,8170,Montigny-sur-Meuse,montigny sur meuse,50.048681923077,4.7103192307692
2685,8,8305,8430,Montigny-sur-Vence,montigny sur vence,49.648940309278,4.609394742268
2686,8,8306,8130,Mont-Laurent,mont laurent,49.469922631579,4.4870257894737
2687,8,8307,8220,Montmeillant,montmeillant,49.704703186813,4.3295304395604
2688,8,8308,8400,Mont-Saint-Martin,mont saint martin,49.334386046512,4.6489568604651
2689,8,8309,8310,Mont-Saint-Remy,mont saint remy,49.391302,4.4714702222222
2690,8,8310,8250,Mouron,mouron,49.316671311475,4.7810804918033
2691,8,8311,8210,Mouzon,mouzon,49.599973147541,5.0680459344262
2692,8,8312,8150,Murtin-et-Bogny,murtin et bogny,49.805842126437,4.5396161494253
2693,8,8313,8300,Nanteuil-sur-Aisne,nanteuil sur aisne,49.507755833333,4.3006233333333
2694,8,8314,8300,Neuflize,neuflize,49.40532942029,4.3114442028986
2695,8,8315,8460,Neufmaison,neufmaison,49.760112,4.5121056190476
2696,8,8316,8700,Neufmanil,neufmanil,49.82380168,4.80901312
2697,8,8317,8450,La Neuville-à-Maire,la neuville a maire,49.578723916084,4.8549812587413
2698,8,8318,8380,La Neuville-aux-Joûtes,la neuville aux joutes,49.9292764,4.236
2699,8,8319,8380,Neuville-lez-Beaulieu,neuville lez beaulieu,49.917160408163,4.3670744897959
2700,8,8320,8310,La Neuville-en-Tourne-à-Fuy,la neuville en tourne a fuy,49.34458530303,4.3949127272727
2701,8,8321,8130,Neuville-Day,neuville day,49.505162115385,4.6874952884615
2702,8,8322,8090,Neuville-lès-This,neuville les this,49.733256790123,4.5914622222222
2703,8,8323,8270,La Neuville-lès-Wasigny,la neuville les wasigny,49.645342352941,4.3636088235294
2704,8,8324,8430,Neuvizy,neuvizy,49.627291666667,4.54087625
2705,8,8325,8400,Noirval,noirval,49.456673564356,4.7966384158416
2706,8,8326,8240,Nouart,nouart,49.444976992481,5.0506106766917
2707,8,8327,8160,Nouvion-sur-Meuse,nouvion sur meuse,49.71369688172,4.8007209677419
2708,8,8328,8700,Nouzonville,nouzonville,49.822449151515,4.7480229090909
2709,8,8329,8270,Novion-Porcien,novion porcien,49.598050714286,4.4296726785714
2710,8,8330,8300,Novy-Chevrières,novy chevrieres,49.544668716216,4.4458895945946
2711,8,8331,8350,Noyers-Pont-Maugis,noyers pont maugis,49.657012123894,4.9320773451327
2712,8,8332,8240,Oches,oches,49.50681114094,4.9268632214765
2713,8,8333,8250,Olizy-Primat,olizy primat,49.355552806324,4.7753972727273
2714,8,8334,8450,Omicourt,omicourt,49.630559722222,4.8305798611111
2715,8,8335,8430,Omont,omont,49.597296442953,4.7319018120805
2716,8,8336,8110,Osnes,osnes,49.656798762887,5.1551813402062
2717,8,8338,8310,Pauvres,pauvres,49.412163768116,4.4956646376812
2718,8,8339,8300,Perthes,perthes,49.448215960265,4.3597521854305
2719,8,8340,8190,Poilcourt-Sydney,poilcourt sydney,49.4241621875,4.09264
2720,8,8341,8430,Poix-Terron,poix terron,49.645043203883,4.6545108737864
2721,8,8342,8140,Pouru-aux-Bois,pouru aux bois,49.714874,5.1027933684211
2722,8,8343,8140,Pouru-Saint-Remy,pouru saint remy,49.6766086,5.0883587
2723,8,8344,8290,Prez,prez,49.804519375,4.3637059821429
2724,8,8346,8000,Prix-lès-Mézières,prix les mezieres,49.748683648649,4.6854463513514
2725,8,8347,8370,Puilly-et-Charbeaux,puilly et charbeaux,49.6362244,5.27170555
2726,8,8348,8270,Puiseux,puiseux,49.595139340659,4.5358643956044
2727,8,8349,8110,Pure,pure,49.681944691358,5.1758601234568
2728,8,8350,8400,Quatre-Champs,quatre champs,49.447086634615,4.7784727884615
2729,8,8351,8400,Quilly,quilly,49.40888037037,4.5907414814815
2730,8,8352,8430,Raillicourt,raillicourt,49.651513865031,4.5893236809816
2731,8,8353,8600,Rancennes,rancennes,50.121063855422,4.8279563855422
2732,8,8354,8450,Raucourt-et-Flaba,raucourt et flaba,49.596131370968,4.9589945967742
2733,8,8355,8230,Regniowez,regniowez,49.925429708738,4.4120345145631
2734,8,8356,8220,Remaucourt,remaucourt,49.606389705882,4.2326080882353
2735,8,8357,8450,Remilly-Aillicourt,remilly aillicourt,49.64969625,4.9920963095238
2736,8,8358,8150,Remilly-les-Pothées,remilly les pothees,49.788550457516,4.547988496732
2737,8,8360,8220,Renneville,renneville,49.655439102564,4.1359175641026
2738,8,8361,8150,Renwez,renwez,49.84980004329,4.603521038961
2739,8,8362,8300,Rethel,rethel,49.513720195122,4.3827577560976
2740,8,8363,8500,Revin,revin,49.933985578512,4.700815
2741,8,8364,8130,Rilly-sur-Aisne,rilly sur aisne,49.484955692308,4.6322698461539
2742,8,8365,8150,Rimogne,rimogne,49.842357662338,4.5325136363636
2743,8,8366,8220,Rocquigny,rocquigny,49.704109924433,4.2420410075567
2744,8,8367,8230,Rocroi,rocroi,49.926406893939,4.5575023106061
2745,8,8368,8190,Roizy,roizy,49.431899230769,4.1831401282051
2746,8,8369,8220,La Romagne,la romagne,49.683489847328,4.3012520610687
2747,8,8370,8150,Rouvroy-sur-Audry,rouvroy sur audry,49.78595147651,4.502435704698
2748,8,8372,8220,Rubigny,rubigny,49.684198444444,4.2019654074074
2749,8,8373,8290,Rumigny,rumigny,49.801217371795,4.2660342948718
2750,8,8374,8130,La Sabotterie,la sabotterie,49.543817169811,4.6722147169811
2751,8,8375,8110,Sachy,sachy,49.669855392157,5.128638627451
2752,8,8376,8110,Sailly,sailly,49.602690729927,5.1753700729927
2753,8,8377,8350,Saint-Aignan,saint aignan,49.658090892857,4.8517801785714
2754,8,8378,8310,Saint-Clément-à-Arnes,saint clement a arnes,49.303715696203,4.4333970886076
2755,8,8379,8310,Saint-Étienne-à-Arnes,saint etienne a arnes,49.3091475,4.5233836538461
2756,8,8380,8360,Saint-Fergeux,saint fergeux,49.575804857143,4.1913021904762
2757,8,8381,8190,Saint-Germainmont,saint germainmont,49.510666470588,4.1311149411765
2758,8,8382,8220,Saint-Jean-aux-Bois,saint jean aux bois,49.7219932,4.30783368
2759,8,8383,8250,Saint-Juvin,saint juvin,49.336967596899,4.9441103100775
2760,8,8384,8130,Saint-Lambert-et-Mont-de-Jeux,saint lambert et mont de jeux,49.497623370787,4.622104494382
2761,8,8385,8090,Saint-Laurent,saint laurent,49.758831190476,4.7758414285714
2762,8,8386,8300,Saint-Loup-en-Champagne,saint loup en champagne,49.454573766234,4.2146879220779
2763,8,8387,8130,Saint-Loup-Terrier,saint loup terrier,49.568832606061,4.6164348484848
2764,8,8388,8160,Saint-Marceau,saint marceau,49.707786391753,4.7143841237113
2765,8,8389,8460,Saint-Marcel,saint marcel,49.768433333333,4.5681748148148
2766,8,8390,8400,Sainte-Marie,sainte marie,49.370473239437,4.676656056338
2767,8,8391,8200,Saint-Menges,saint menges,49.760376744186,4.9263858139535
2768,8,8392,8400,Saint-Morel,saint morel,49.3389315625,4.697849609375
2769,8,8393,8310,Saint-Pierre-à-Arnes,saint pierre a arnes,49.300185526316,4.45936
2770,8,8394,8240,Saint-Pierremont,saint pierremont,49.497091647059,4.9446105098039
2771,8,8395,8430,Saint-Pierre-sur-Vence,saint pierre sur vence,49.703035866667,4.6869693333333
2772,8,8396,8220,Saint-Quentin-le-Petit,saint quentin le petit,49.583100649351,4.0747087012987
2773,8,8397,8300,Saint-Remy-le-Petit,saint remy le petit,49.40506877193,4.2360884210526
2774,8,8398,8130,Sainte-Vaubourg,sainte vaubourg,49.457657272727,4.5964177272727
2775,8,8399,8370,Sapogne-sur-Marche,sapogne sur marche,49.599591843972,5.3137308510638
2776,8,8400,8160,Sapogne-et-Feuchères,sapogne et feucheres,49.661206465517,4.7989868103448
2777,8,8401,8130,Saulces-Champenoises,saulces champenoises,49.449672149533,4.5144890654206
2778,8,8402,8270,Saulces-Monclin,saulces monclin,49.572730569948,4.5125758549223
2779,8,8403,8300,Sault-lès-Rethel,sault les rethel,49.492330759494,4.3598287341772
2780,8,8404,8190,Sault-Saint-Remy,sault saint remy,49.428474807692,4.1605701923077
2781,8,8405,8390,Sauville,sauville,49.552430862069,4.7945187356322
2782,8,8406,8400,Savigny-sur-Aisne,savigny sur aisne,49.361954888889,4.725192
2783,8,8407,8250,Séchault,sechault,49.27531,4.7380926153846
2784,8,8408,8150,Sécheval,secheval,49.861811478261,4.6601115652174
2785,8,8409,8200,Sedan,sedan,49.696804516129,4.9278100645161
2786,8,8410,8400,Semide,semide,49.323101233766,4.5812070779221
2787,8,8411,8130,Semuy,semuy,49.496891408451,4.6628877464789
2788,8,8412,8250,Senuc,senuc,49.30464320197,4.848158226601
2789,8,8413,8220,Seraincourt,seraincourt,49.623306138614,4.1904316831683
2790,8,8415,8270,Sery,sery,49.588914512195,4.3572706707317
2791,8,8416,8300,Seuil,seuil,49.480114836066,4.4564035245902
2792,8,8417,8230,Sévigny-la-Forêt,sevigny la foret,49.86870982906,4.4734746153846
2793,8,8418,8220,Sévigny-Waleppe,sevigny waleppe,49.621337651515,4.083081969697
2794,8,8419,8460,Signy-l'Abbaye,signy l abbaye,49.69720200565,4.3959924293785
2795,8,8420,8380,Signy-le-Petit,signy le petit,49.942010914454,4.2844824188791
2796,8,8421,8370,Signy-Montlibert,signy montlibert,49.581750449438,5.3131302247191
2797,8,8422,8430,Singly,singly,49.645887478992,4.7118651260504
2798,8,8424,8240,Sommauthe,sommauthe,49.497984405594,4.9859716083916
2799,8,8425,8250,Sommerance,sommerance,49.324730412371,4.9946850515464
2800,8,8426,8300,Son,son,49.582443882353,4.2716850588235
2801,8,8427,8300,Sorbon,sorbon,49.556276612903,4.3748745967742
2802,8,8428,8270,Sorcy-Bauthémont,sorcy bauthemont,49.54450208,4.54038144
2803,8,8429,8150,Sormonne,sormonne,49.808410444444,4.5638493333333
2804,8,8430,8390,Stonne,stonne,49.550369275362,4.9227760869565
2805,8,8431,8400,Sugny,sugny,49.355744608696,4.6638614782609
2806,8,8432,8090,Sury,sury,49.764935063291,4.6176467088608
2807,8,8433,8130,Suzanne,suzanne,49.519580564516,4.6392811290323
2808,8,8434,8390,Sy,sy,49.512544235294,4.8789172941176
2809,8,8435,8300,Tagnon,tagnon,49.452619638554,4.2942027710843
2810,8,8436,8230,Taillette,taillette,49.933106792453,4.4810939622641
2811,8,8437,8240,Tailly,tailly,49.411497545788,5.0750264102564
2812,8,8438,8360,Taizy,taizy,49.514278901099,4.256253956044
2813,8,8439,8390,Tannay,tannay,49.52740125,4.8212108695652
2814,8,8440,8380,Tarzy,tarzy,49.868414166667,4.2945027777778
2815,8,8444,8110,Tétaigne,tetaigne,49.649536688742,5.1197203311258
2816,8,8445,8350,Thelonne,thelonne,49.650338596491,4.9445629824561
2817,8,8446,8240,Thénorgues,thenorgues,49.402468206522,4.9165284782609
2818,8,8448,8800,Thilay,thilay,49.89583925,4.810204
2819,8,8449,8460,Thin-le-Moutier,thin le moutier,49.716376783217,4.5116856643357
2820,8,8450,8090,This,this,49.753633058824,4.611776
2821,8,8451,8190,Le Thour,le thour,49.543942074074,4.0918859259259
2822,8,8452,8300,Thugny-Trugny,thugny trugny,49.479041970803,4.4188124087591
2823,8,8453,8400,Toges,toges,49.426393404255,4.7826046808511
2824,8,8454,8430,Touligny,touligny,49.675520512821,4.6153137606838
2825,8,8455,8400,Tourcelles-Chaumont,tourcelles chaumont,49.396964262295,4.603913442623
2826,8,8456,8800,Tournavaux,tournavaux,49.874054615385,4.7839064615385
2827,8,8457,8090,Tournes,tournes,49.796475240964,4.6366431927711
2828,8,8458,8130,Tourteron,tourteron,49.540994245283,4.6377473584906
2829,8,8459,8110,Tremblois-lès-Carignan,tremblois les carignan,49.664477142857,5.2626826373626
2830,8,8460,8150,Tremblois-lès-Rocroi,tremblois les rocroi,49.845969393939,4.4989075757576
2831,8,8461,8400,Vandy,vandy,49.442500091743,4.7086340366972
2832,8,8462,8130,Vaux-Champagne,vaux champagne,49.447958061224,4.5446708163265
2833,8,8463,8240,Vaux-en-Dieulet,vaux en dieulet,49.484636728395,4.9961198765432
2834,8,8464,8250,Vaux-lès-Mouron,vaux les mouron,49.29836902439,4.7859312195122
2835,8,8465,8220,Vaux-lès-Rubigny,vaux les rubigny,49.68729962963,4.1806930864198
2836,8,8466,8210,Vaux-lès-Mouzon,vaux les mouzon,49.605116407767,5.1387349514563
2837,8,8467,8270,Vaux-Montreuil,vaux montreuil,49.58615046729,4.555941588785
2838,8,8468,8150,Vaux-Villaine,vaux villaine,49.770172876712,4.4733348630137
2839,8,8469,8160,Vendresse,vendresse,49.59968192053,4.7980187748344
2840,8,8470,8240,Verpel,verpel,49.384253163265,4.9272228571429
2841,8,8471,8390,Verrières,verrieres,49.495839640288,4.8920074100719
2842,8,8472,8270,Viel-Saint-Remy,viel saint remy,49.63502949495,4.4743729292929
2843,8,8473,8190,Vieux-lès-Asfeld,vieux les asfeld,49.452922533333,4.1006574666667
2844,8,8476,8190,Villers-devant-le-Thour,villers devant le thour,49.509981764706,4.0854202352941
2845,8,8477,8210,Villers-devant-Mouzon,villers devant mouzon,49.631223378378,5.019952972973
2846,8,8478,8430,Villers-le-Tilleul,villers le tilleul,49.624652254902,4.7236938235294
2847,8,8479,8430,Villers-le-Tourneur,villers le tourneur,49.622025607477,4.5601440186916
2848,8,8480,8000,Villers-Semeuse,villers semeuse,49.739033738318,4.7486238317757
2849,8,8481,8350,Villers-sur-Bar,villers sur bar,49.682572,4.8475083571429
2850,8,8482,8430,Villers-sur-le-Mont,villers sur le mont,49.663699466667,4.6822566666667
2851,8,8483,8440,Ville-sur-Lumes,ville sur lumes,49.754433508772,4.7959124561403
2852,8,8484,8310,Ville-sur-Retourne,ville sur retourne,49.39624825,4.451241
2853,8,8485,8370,Villy,villy,49.593736363636,5.2223213223141
2854,8,8486,8320,Vireux-Molhain,vireux molhain,50.076526477273,4.7047652272727
2855,8,8487,8320,Vireux-Wallerand,vireux wallerand,50.052835789474,4.7494281954887
2856,8,8488,8440,Vivier-au-Court,vivier au court,49.73415025,4.8234958333333
2857,8,8489,8400,Voncq,voncq,49.473583409091,4.6882896818182
2858,8,8490,8400,Vouziers,vouziers,49.421580396396,4.7047204684685
2859,8,8491,8330,Vrigne aux Bois,vrigne aux bois,49.7375658,4.8614221
2860,8,8491,8350,Vrigne aux Bois,vrigne aux bois,49.737021,4.857817
2861,8,8492,8350,Vrigne-Meuse,vrigne meuse,49.706844659091,4.837025
2862,8,8494,8200,Wadelincourt,wadelincourt,49.680086538462,4.92871
2863,8,8496,8270,Wagnon,wagnon,49.648775631068,4.4501664563107
2864,8,8497,8000,Warcq,warcq,49.763924910714,4.6665444642857
2865,8,8498,8090,Warnécourt,warnecourt,49.738207719298,4.6562833333333
2866,8,8499,8270,Wasigny,wasigny,49.627142650602,4.3548145783132
2867,8,8500,8270,Wignicourt,wignicourt,49.586239117647,4.5793517647059
2868,8,8501,8110,Williers,williers,49.669061780822,5.3043879452055
2869,8,8502,8210,Yoncq,yoncq,49.564956153846,5.0143762307692
2870,8,8503,8430,Yvernaumont,yvernaumont,49.676770506329,4.6589529113924
