id,department_code,insee_code,zip_code,-BAS-RHIN,slug,gps_lat,gps_lng
26670,67,67001,67204,Achenheim,achenheim,48.577714956522,7.626984173913
26671,67,67002,67320,Adamswiller,adamswiller,48.90748048,7.19977352
26672,67,67003,67220,Albé,albe,48.361447333333,7.3452958666667
26673,67,67004,67310,Sommerau,sommerau,48.6521958,7.3590846
26674,67,67004,67440,Sommerau,sommerau,48.6521958,7.3590846
26675,67,67005,67270,Alteckendorf,alteckendorf,48.794639733333,7.5991086666667
26676,67,67006,67490,Altenheim,altenheim,48.719656071429,7.4607133928571
26677,67,67008,67120,Altorf,altorf,48.522012333333,7.5386418333333
26678,67,67009,67260,Altwiller,altwiller,48.925787791411,6.9771539263804
26679,67,67010,67140,Andlau,andlau,48.393529949749,7.3870663819096
26680,67,67011,67390,Artolsheim,artolsheim,48.206876455696,7.6002744303798
26681,67,67012,67250,Aschbach,aschbach,48.940634883721,7.9814041860465
26682,67,67013,67320,Asswiller,asswiller,48.880161650485,7.2243985436893
26683,67,67014,67480,Auenheim,auenheim,48.80922673913,8.0179410869565
26684,67,67016,67120,Avolsheim,avolsheim,48.560448918919,7.4925110810811
26685,67,67017,67320,Baerendorf,baerendorf,48.833428655462,7.0854534453781
26686,67,67018,67310,Balbronn,balbronn,48.582191322314,7.4050861983471
26687,67,67019,67600,Baldenheim,baldenheim,48.247880865385,7.5227873076923
26688,67,67020,67130,Barembach,barembach,48.468926803279,7.2394030327869
26689,67,67021,67140,Barr,barr,48.41397692607,7.4086008171206
26690,67,67022,67220,Bassemberg,bassemberg,48.335180277778,7.2784508333333
26691,67,67023,67500,Batzendorf,batzendorf,48.786680266667,7.7132233333333
26692,67,67025,67930,Beinheim,beinheim,48.858640246914,8.0859917283951
26693,67,67026,67130,Bellefosse,bellefosse,48.398439,7.2284497777778
26694,67,67027,67130,Belmont,belmont,48.412413714286,7.2536611428571
26695,67,67028,67230,Benfeld,benfeld,48.361806666667,7.6048286021505
26696,67,67029,67320,Berg,berg,48.895216632653,7.1466616326531
26697,67,67030,67310,Bergbieten,bergbieten,48.574538333333,7.4477958333333
26698,67,67031,67210,Bernardswiller,bernardswiller,48.446420704225,7.4540066197183
26699,67,67032,67140,Bernardvillé,bernardville,48.369106282051,7.4072619230769
26700,67,67033,67170,Bernolsheim,bernolsheim,48.751927209302,7.6860962790698
26701,67,67034,67370,Berstett,berstett,48.680906337209,7.6336683139535
26702,67,67035,67170,Berstheim,berstheim,48.793120869565,7.6827797826087
26703,67,67036,67320,Bettwiller,bettwiller,48.889107179487,7.17424
26704,67,67037,67360,Biblisheim,biblisheim,48.897887647059,7.7884048529412
26705,67,67038,67720,Bietlenheim,bietlenheim,48.719193157895,7.7821080701754
26706,67,67039,67170,Bilwisheim,bilwisheim,48.711359387755,7.6675008163265
26707,67,67040,67600,Bindernheim,bindernheim,48.283562597403,7.6137963636364
26708,67,67043,67800,Bischheim,bischheim,48.623489312977,7.7615552671756
26709,67,67044,67340,Bischholtz,bischholtz,48.892576222222,7.5367111111111
26710,67,67045,67870,Bischoffsheim,bischoffsheim,48.484429069767,7.5198719379845
26711,67,67046,67240,Bischwiller,bischwiller,48.755128546512,7.8644534302326
26712,67,67047,67260,Bissert,bissert,48.945706885246,7.0192034426229
26713,67,67048,67350,Bitschhoffen,bitschhoffen,48.86271,7.626302173913
26714,67,67049,67113,Blaesheim,blaesheim,48.503328918919,7.6107516216216
26715,67,67050,67130,Blancherupt,blancherupt,48.40673625,7.1955053125
26716,67,67051,67650,Blienschwiller,blienschwiller,48.344782210526,7.4163858947368
26717,67,67052,67530,Bœrsch,boersch,48.465759033816,7.378231352657
26718,67,67053,67390,Bœsenbiesen,boesenbiesen,48.228102790698,7.5635704651163
26719,67,67054,67150,Bolsenheim,bolsenheim,48.425099833333,7.6058498333333
26720,67,67055,67860,Boofzheim,boofzheim,48.335547391304,7.6848485507246
26721,67,67056,67390,Bootzheim,bootzheim,48.194360833333,7.5886831666667
26722,67,67057,67330,Bosselshausen,bosselshausen,48.806011111111,7.5097255555556
26723,67,67058,67270,Bossendorf,bossendorf,48.781119493671,7.56441
26724,67,67059,67420,Bourg-Bruche,bourg bruche,48.36264477707,7.1357205095541
26725,67,67060,67140,Bourgheim,bourgheim,48.420152321429,7.4861725
26726,67,67061,67330,Bouxwiller,bouxwiller,48.815436182796,7.4606170967742
26727,67,67062,67220,Breitenau,breitenau,48.319936231884,7.2834292753623
26728,67,67063,67220,Breitenbach,breitenbach,48.376143333333,7.28824625
26729,67,67065,67112,Breuschwickersheim,breuschwickersheim,48.578442985075,7.6003011940298
26730,67,67066,67130,La Broque,la broque,48.47374,7.211801
26731,67,67066,67570,La Broque,la broque,48.4459154,7.2082531
26732,67,67067,67170,Brumath,brumath,48.727573080357,7.713565
26733,67,67068,67350,Buswiller,buswiller,48.821486363636,7.5612031818182
26734,67,67069,67470,Buhl,buhl,48.914768875,8.018136625
26735,67,67070,67260,Burbach,burbach,48.897267666667,7.1080998333333
26736,67,67071,67320,Bust,bust,48.83506375,7.23363125
26737,67,67072,67430,Butten,butten,48.966767522124,7.2525753982301
26738,67,67073,67730,Châtenois,chatenois,48.283797021277,7.3782373404255
26739,67,67074,67160,Cleebourg,cleebourg,48.992749506173,7.8912248765432
26740,67,67075,67510,Climbach,climbach,49.014777166667,7.85101075
26741,67,67076,67420,Colroy-la-Roche,colroy la roche,48.391554793388,7.1712449586777
26742,67,67077,67310,Cosswiller,cosswiller,48.611556486487,7.3725027027027
26743,67,67078,67310,Crastatt,crastatt,48.659558484849,7.4239616666667
26744,67,67079,67470,Crœttwiller,croettwiller,48.930252105263,8.0391318421053
26745,67,67080,67120,Dachstein,dachstein,48.556631403509,7.5367961403509
26746,67,67081,67310,Dahlenheim,dahlenheim,48.585487979798,7.5120547474747
26747,67,67082,67770,Dalhunden,dalhunden,48.773403214286,7.9818016071429
26748,67,67083,67110,Dambach,dambach,49.00980530303,7.639753989899
26749,67,67084,67650,Dambach-la-Ville,dambach la ville,48.322053333333,7.4150649726776
26750,67,67085,67310,Dangolsheim,dangolsheim,48.566381639344,7.4589965573771
26751,67,67086,67150,Daubensand,daubensand,48.355285925926,7.7200659259259
26752,67,67087,67350,Dauendorf,dauendorf,48.836458403361,7.6716109243697
26753,67,67088,67430,Dehlingen,dehlingen,48.986176666667,7.1809588333333
26754,67,67089,67490,Dettwiller,dettwiller,48.758335677966,7.4526781355932
26755,67,67090,67230,Diebolsheim,diebolsheim,48.286343269231,7.6555489423077
26756,67,67091,67260,Diedendorf,diedendorf,48.883930451128,7.0403135338346
26757,67,67092,67220,Dieffenbach-au-Val,dieffenbach au val,48.315052666667,7.325535
26758,67,67093,67360,Dieffenbach-lès-Wœrth,dieffenbach les woerth,48.931039813084,7.7932471962617
26759,67,67094,67650,Dieffenthal,dieffenthal,48.308506382979,7.4108691489362
26760,67,67095,67430,Diemeringen,diemeringen,48.942238238994,7.2106504402516
26761,67,67096,67440,Dimbsthal,dimbsthal,48.673893548387,7.3568029032258
26762,67,67097,67370,Dingsheim,dingsheim,48.624073684211,7.6651684210526
26763,67,67098,67190,Dinsheim-sur-Bruche,dinsheim sur bruche,48.544693766234,7.4189453246753
26764,67,67099,67430,Domfessel,domfessel,48.948562297297,7.1462
26765,67,67100,67170,Donnenheim,donnenheim,48.7231904,7.6658478666667
26766,67,67101,67120,Dorlisheim,dorlisheim,48.520532975207,7.4721879338843
26767,67,67102,67117,Dossenheim-Kochersberg,dossenheim kochersberg,48.640476808511,7.5790259574468
26768,67,67103,67330,Dossenheim-sur-Zinsel,dossenheim sur zinsel,48.811162096774,7.3776875806452
26769,67,67104,67160,Drachenbronn-Birlenbach,drachenbronn birlenbach,48.980536574074,7.8780653703704
26770,67,67105,67320,Drulingen,drulingen,48.866790659341,7.1962753846154
26771,67,67106,67410,Drusenheim,drusenheim,48.760635258621,7.9420470689655
26772,67,67107,67270,Duntzenheim,duntzenheim,48.712692439024,7.5423097560976
26773,67,67108,67120,Duppigheim,duppigheim,48.537119506173,7.5974913580247
26774,67,67109,67270,Durningen,durningen,48.683374655172,7.5606351724138
26775,67,67110,67360,Durrenbach,durrenbach,48.89772752809,7.7683288764045
26776,67,67111,67320,Durstel,durstel,48.890804657534,7.2090649315069
26777,67,67112,67120,Duttlenheim,duttlenheim,48.524306101695,7.5729094915254
26778,67,67113,67470,Eberbach-Seltz,eberbach seltz,48.928145471698,8.0643171698113
26779,67,67115,67600,Ebersheim,ebersheim,48.299844545455,7.5027787272727
26780,67,67116,67600,Ebersmunster,ebersmunster,48.302354122137,7.5311741984733
26781,67,67117,67700,Eckartswiller,eckartswiller,48.786254420601,7.3244169098712
26782,67,67118,67201,Eckbolsheim,eckbolsheim,48.577917478992,7.6812494117647
26783,67,67119,67550,Eckwersheim,eckwersheim,48.683595,7.6930090476191
26784,67,67120,67140,Eichhoffen,eichhoffen,48.378657068966,7.4401293103448
26785,67,67121,67390,Elsenheim,elsenheim,48.16328537037,7.495567037037
26786,67,67122,67710,Wangenbourg-Engenthal,wangenbourg engenthal,48.624610268456,7.2973398657718
26787,67,67123,67350,Engwiller,engwiller,48.88273173913,7.61684
26788,67,67124,67960,Entzheim,entzheim,48.536955051546,7.6334725773196
26789,67,67125,67680,Epfig,epfig,48.354695786164,7.4592660377359
26790,67,67126,67290,Erckartswiller,erckartswiller,48.88578,7.361601953125
26791,67,67127,67120,Ergersheim,ergersheim,48.573622527473,7.5338942857143
26792,67,67128,67120,Ernolsheim-Bruche,ernolsheim bruche,48.564778831169,7.5699025974026
26793,67,67129,67330,Ernolsheim-lès-Saverne,ernolsheim les saverne,48.787960246914,7.3809690123457
26794,67,67130,67150,Erstein,erstein,48.421473829787,7.6787163829787
26795,67,67131,67114,Eschau,eschau,48.480301314286,7.7213135428571
26796,67,67132,67360,Eschbach,eschbach,48.877692016129,7.7400491935484
26797,67,67133,67320,Eschbourg,eschbourg,48.822737663043,7.2937261413043
26798,67,67134,67320,Eschwiller,eschwiller,48.854849361702,7.1142453191489
26799,67,67135,67350,Ettendorf,ettendorf,48.814169634146,7.5844476829268
26800,67,67136,67320,Eywiller,eywiller,48.870587083333,7.1252575
26801,67,67137,67640,Fegersheim,fegersheim,48.497585507246,7.6871664492754
26802,67,67138,67117,Fessenheim-le-Bas,fessenheim le bas,48.6336365,7.5497815
26803,67,67139,67310,Flexbourg,flexbourg,48.56799212766,7.4259414893617
26804,67,67140,67480,Forstfeld,forstfeld,48.86261765625,8.04774375
26805,67,67141,67580,Forstheim,forstheim,48.895421071429,7.7146386904762
26806,67,67142,67480,Fort-Louis,fort louis,48.805571382979,8.0552222340425
26807,67,67143,67220,Fouchy,fouchy,48.31787030303,7.2431112121212
26808,67,67144,67130,Fouday,fouday,48.422438135593,7.1903616949153
26809,67,67145,67490,Friedolsheim,friedolsheim,48.705191636364,7.4890972727273
26810,67,67146,67860,Friesenheim,friesenheim,48.307322601626,7.6593540650406
26811,67,67147,67360,Frœschwiller,froeschwiller,48.936321904762,7.7180038095238
26812,67,67148,67290,Frohmuhl,frohmuhl,48.909348076923,7.2770137179487
26813,67,67149,67700,Furchhausen,furchhausen,48.723047234043,7.4305434042553
26814,67,67150,67117,Furdenheim,furdenheim,48.609744363636,7.5599583636364
26815,67,67151,67760,Gambsheim,gambsheim,48.693256666667,7.8867456989247
26816,67,67152,67118,Geispolsheim,geispolsheim,48.512094669261,7.6619921789883
26817,67,67153,67270,Geiswiller-Zœbersdorf,geiswiller zoebersdorf,48.792454745763,7.5101794915254
26818,67,67154,67150,Gerstheim,gerstheim,48.377908716216,7.6905016216216
26819,67,67155,67140,Gertwiller,gertwiller,48.411860806452,7.4736316129032
26820,67,67156,67170,Geudertheim,geudertheim,48.713553797468,7.7609565822785
26821,67,67159,67320,Gœrlingen,goerlingen,48.799336666667,7.0833072727273
26822,67,67160,67360,Gœrsdorf,goersdorf,48.959302,7.7727489473684
26823,67,67161,67700,Gottenhouse,gottenhouse,48.718552264151,7.3595094339623
26824,67,67162,67490,Gottesheim,gottesheim,48.776566507937,7.4854068253968
26825,67,67163,67270,Gougenheim,gougenheim,48.704859264706,7.5729891176471
26826,67,67164,67210,Goxwiller,goxwiller,48.431062807018,7.4816707017544
26827,67,67165,67130,Grandfontaine,grandfontaine,48.495440985916,7.1228678028169
26828,67,67166,67350,Grassendorf,grassendorf,48.81441,7.6109193181818
26829,67,67167,67190,Grendelbruch,grendelbruch,48.477238790323,7.3039429032258
26830,67,67168,67190,Gresswiller,gresswiller,48.525543084112,7.4079488785047
26831,67,67169,67240,Gries,gries,48.747678661972,7.8279016197183
26832,67,67172,67870,Griesheim-près-Molsheim,griesheim pres molsheim,48.502997,7.533431
26833,67,67173,67370,Griesheim-sur-Souffel,griesheim sur souffel,48.631184065934,7.6761695604396
26834,67,67174,67110,Gumbrechtshoffen,gumbrechtshoffen,48.9052708,7.6252094
26835,67,67176,67110,Gundershoffen,gundershoffen,48.905970198413,7.6813216269841
26836,67,67177,67360,Gunstett,gunstett,48.915074852941,7.7733708823529
26837,67,67178,67320,Gungwiller,gungwiller,48.87885,7.1522566666667
26838,67,67179,67700,Haegen,haegen,48.698693534483,7.2960920258621
26839,67,67180,67500,Haguenau,haguenau,48.847210748156,7.8218312644889
26840,67,67181,67117,Handschuheim,handschuheim,48.599197258065,7.5776012903226
26841,67,67182,67980,Hangenbieten,hangenbieten,48.556555789474,7.6125542105263
26842,67,67183,67260,Harskirchen,harskirchen,48.930766729858,7.029868578199
26843,67,67184,67690,Hatten,hatten,48.903199191176,8.0055413235294
26844,67,67185,67330,Hattmatt,hattmatt,48.78879,7.4290751818182
26845,67,67186,67360,Hegeney,hegeney,48.885492061856,7.7372128865979
26846,67,67187,67390,Heidolsheim,heidolsheim,48.2062025,7.5099475
26847,67,67188,67190,Heiligenberg,heiligenberg,48.536536911765,7.3824252941176
26848,67,67189,67140,Heiligenstein,heiligenstein,48.420846304348,7.4396832608696
26849,67,67190,67440,Hengwiller,hengwiller,48.670453947368,7.3294663157895
26850,67,67191,67260,Herbitzheim,herbitzheim,49.0138979375,7.0814793125
26851,67,67192,67230,Herbsheim,herbsheim,48.350565,7.6322877586207
26852,67,67194,67850,Herrlisheim,herrlisheim,48.73485890625,7.905367734375
26853,67,67195,67390,Hessenheim,hessenheim,48.206135510204,7.557606122449
26854,67,67196,67600,Hilsenheim,hilsenheim,48.295592818182,7.5714105454546
26855,67,67197,67150,Hindisheim,hindisheim,48.469685471698,7.6264090566038
26856,67,67198,67290,Hinsbourg,hinsbourg,48.902448082192,7.293934109589
26857,67,67199,67260,Hinsingen,hinsingen,48.950997525773,6.9931889690722
26858,67,67200,67150,Hipsheim,hipsheim,48.465172016129,7.6817207258065
26859,67,67201,67320,Hirschland,hirschland,48.842598301887,7.1235472641509
26860,67,67202,67270,Hochfelden,hochfelden,48.746950496454,7.5617407092199
26861,67,67203,67170,Hochstett,hochstett,48.7759145,7.6759345
26862,67,67204,67800,Hœnheim,hoenheim,48.624911,7.7481665555556
26863,67,67205,67720,Hœrdt,hoerdt,48.695466436782,7.7786937931034
26864,67,67206,67250,Hoffen,hoffen,48.932039716312,7.9310760283688
26865,67,67208,67310,Hohengœft,hohengoeft,48.659500821918,7.4698615068493
26866,67,67209,67270,Hohfrankenheim,hohfrankenheim,48.727458266667,7.5780182666667
26867,67,67210,67140,Le Hohwald,le hohwald,48.397121774194,7.3204947580645
26868,67,67212,67810,Holtzheim,holtzheim,48.557366071429,7.6446984821429
26869,67,67213,67250,Hunspach,hunspach,48.95886137931,7.9345313793104
26870,67,67214,67117,Hurtigheim,hurtigheim,48.616937313433,7.6042697014925
26871,67,67215,67270,Huttendorf,huttendorf,48.802330526316,7.6351371929825
26872,67,67216,67230,Huttenheim,huttenheim,48.356338446602,7.5698510679612
26873,67,67217,67640,Ichtratzheim,ichtratzheim,48.478486195652,7.6797616304348
26874,67,67218,67400,Illkirch-Graffenstaden,illkirch graffenstaden,48.519616696035,7.7303861674009
26875,67,67220,67270,Ingenheim,ingenheim,48.736388737864,7.5238733980582
26876,67,67221,67250,Ingolsheim,ingolsheim,48.972498,7.929129125
26877,67,67222,67340,Ingwiller,ingwiller,48.887912080537,7.4660533557047
26878,67,67223,67880,Innenheim,innenheim,48.496386666667,7.5715347368421
26879,67,67225,67330,Issenhausen,issenhausen,48.805473035714,7.5349817857143
26880,67,67226,67117,Ittenheim,ittenheim,48.603838229167,7.6126127083333
26881,67,67227,67140,Itterswiller,itterswiller,48.364859069767,7.4260455813953
26882,67,67228,67370,Neugartheim-Ittlenheim,neugartheim ittlenheim,48.656365230769,7.5429521538462
26883,67,67229,67440,Jetterswiller,jetterswiller,48.668392592593,7.4185518518519
26884,67,67230,67240,Kaltenhouse,kaltenhouse,48.79278,7.8326602739726
26885,67,67231,67480,Kauffenheim,kauffenheim,48.853236666667,8.034866031746
26886,67,67232,67250,Keffenach,keffenach,48.965447083333,7.883985
26887,67,67233,67230,Kertzfeld,kertzfeld,48.389856564885,7.5530678625954
26888,67,67234,67260,Keskastel,keskastel,48.982655217391,7.0527385990338
26889,67,67235,67930,Kesseldorf,kesseldorf,48.881822054794,8.0555145205479
26890,67,67236,67270,Kienheim,kienheim,48.686009375,7.5866489583333
26891,67,67237,67840,Kilstett,kilstett,48.67606483871,7.8532291935484
26892,67,67238,67350,Kindwiller,kindwiller,48.862128545455,7.5967467272727
26893,67,67239,67600,Kintzheim,kintzheim,48.256740694444,7.3778931944444
26894,67,67240,67520,Kirchheim,kirchheim,48.604953894737,7.4923348421053
26895,67,67241,67320,Kirrberg,kirrberg,48.832708468468,7.0711442342342
26896,67,67242,67330,Kirrwiller,kirrwiller,48.818122560976,7.5269357317073
26897,67,67244,67440,Kleingœft,kleingoeft,48.692855333333,7.4398016666667
26898,67,67245,67310,Knœrsheim,knoersheim,48.678892857143,7.4557040816326
26899,67,67246,67230,Kogenheim,kogenheim,48.326095673077,7.5343544230769
26900,67,67247,67120,Kolbsheim,kolbsheim,48.559864754098,7.5865554098361
26901,67,67248,67880,Krautergersheim,krautergersheim,48.475505882353,7.5631002941176
26902,67,67249,67170,Krautwiller,krautwiller,48.73809421875,7.67701859375
26903,67,67250,67170,Kriegsheim,kriegsheim,48.755908823529,7.7374192156863
26904,67,67252,67240,Kurtzenhouse,kurtzenhouse,48.7386285,7.8034175
26905,67,67253,67520,Kuttolsheim,kuttolsheim,48.648189166667,7.5172747619048
26906,67,67254,67250,Kutzenhausen,kutzenhausen,48.940766372549,7.8486332352941
26907,67,67255,67220,Lalaye,lalaye,48.335986022727,7.24096
26908,67,67256,67450,Lampertheim,lampertheim,48.656293482143,7.692190625
26909,67,67257,67250,Lampertsloch,lampertsloch,48.962043304348,7.8191586086957
26910,67,67258,67700,Landersheim,landersheim,48.689662567568,7.5054931081081
26911,67,67259,67360,Langensoultzbach,langensoultzbach,48.977761830065,7.7324810457516
26912,67,67260,67580,Laubach,laubach,48.882366341463,7.7219951219512
26913,67,67261,67630,Lauterbourg,lauterbourg,48.968455045872,8.1864879816514
26914,67,67263,67510,Lembach,lembach,49.005113371105,7.7687460623229
26915,67,67264,67480,Leutenheim,leutenheim,48.852859351852,7.9996227314815
26916,67,67265,67340,Lichtenberg,lichtenberg,48.922564720497,7.4796557763975
26917,67,67266,67150,Limersheim,limersheim,48.451017364341,7.6315524031008
26918,67,67267,67380,Lingolsheim,lingolsheim,48.554198558559,7.6828217117117
26919,67,67268,67640,Lipsheim,lipsheim,48.491453333333,7.6555182758621
26920,67,67269,67490,Littenheim,littenheim,48.726779,7.493046
26921,67,67270,67270,Lixhausen,lixhausen,48.793724210526,7.5552588157895
26922,67,67271,67250,Lobsann,lobsann,48.964487710843,7.8431901204819
26923,67,67272,67440,Lochwiller,lochwiller,48.695822222222,7.4139161904762
26924,67,67273,67290,Lohr,lohr,48.84911619469,7.2580338053097
26925,67,67274,67430,Lorentzen,lorentzen,48.955849294118,7.1799534117647
26926,67,67275,67490,Lupstein,lupstein,48.739668992248,7.4799288372093
26927,67,67276,67130,Lutzelhouse,lutzelhouse,48.534379238095,7.2515062857143
26928,67,67277,67390,Mackenheim,mackenheim,48.18272826087,7.5747208695652
26929,67,67278,67430,Mackwiller,mackwiller,48.925808787879,7.1724053030303
26930,67,67279,67700,Maennolsheim,maennolsheim,48.698264,7.4722066666667
26931,67,67280,67220,Maisonsgoutte,maisonsgoutte,48.352548985507,7.2567411594203
26932,67,67281,67390,Marckolsheim,marckolsheim,48.152141034483,7.558632183908
26933,67,67282,67520,Marlenheim,marlenheim,48.620682986111,7.4938890277778
26934,67,67283,67440,Marmoutier,marmoutier,48.69721,7.3703239534884
26935,67,67285,67150,Matzenheim,matzenheim,48.382936363636,7.63952125
26936,67,67286,67210,Meistratzheim,meistratzheim,48.449476969697,7.556046969697
26937,67,67287,67270,Melsheim,melsheim,48.760581782178,7.5140923762376
26938,67,67288,67250,Memmelshoffen,memmelshoffen,48.958499275362,7.8736991304348
26939,67,67289,67340,Menchhoffen,menchhoffen,48.862298484848,7.5014739393939
26940,67,67290,67250,Merkwiller-Pechelbronn,merkwiller pechelbronn,48.930321384615,7.8287209230769
26941,67,67291,67580,Mertzwiller,mertzwiller,48.87538739645,7.688633964497
26942,67,67292,67580,Mietesheim,mietesheim,48.877300347826,7.6526257391304
26943,67,67293,67270,Minversheim,minversheim,48.784002631579,7.6232121052632
26944,67,67295,67140,Mittelbergheim,mittelbergheim,48.394458607595,7.4445616455696
26945,67,67296,67206,Mittelhausbergen,mittelhausbergen,48.614183488372,7.6940360465116
26946,67,67298,67170,Mittelschaeffolsheim,mittelschaeffolsheim,48.698527435897,7.6512746153846
26947,67,67299,67190,Mollkirch,mollkirch,48.506139076923,7.3693789230769
26948,67,67300,67120,Molsheim,molsheim,48.544736021505,7.4984572043011
26949,67,67301,67670,Mommenheim,mommenheim,48.753799801324,7.644139602649
26950,67,67302,67700,Monswiller,monswiller,48.752066590909,7.3860407954545
26951,67,67303,67360,Morsbronn-les-Bains,morsbronn les bains,48.908280521739,7.7300735652174
26952,67,67304,67350,Morschwiller,morschwiller,48.818321923077,7.6290480769231
26953,67,67305,67470,Mothern,mothern,48.941549708738,8.1450634951456
26954,67,67306,67130,Muhlbach-sur-Bruche,muhlbach sur bruche,48.513718,7.3135859
26955,67,67307,67350,Mulhausen,mulhausen,48.888448076923,7.5571717307692
26956,67,67308,67470,Munchhausen,munchhausen,48.91998925,8.1486225
26957,67,67309,67450,Mundolsheim,mundolsheim,48.639750747664,7.7144236448598
26958,67,67310,67600,Mussig,mussig,48.228122,7.5232178666667
26959,67,67311,67600,Muttersholtz,muttersholtz,48.271690636364,7.5221525454545
26960,67,67312,67270,Mutzenhouse,mutzenhouse,48.742902,7.5905297777778
26961,67,67313,67190,Mutzig,mutzig,48.534991111111,7.4548396969697
26962,67,67314,67130,Natzwiller,natzwiller,48.446633738318,7.2505673831776
26963,67,67315,67630,Neewiller-près-Lauterbourg,neewiller pres lauterbourg,48.951543181818,8.1233330681818
26964,67,67317,67220,Neubois,neubois,48.302265169491,7.3182693220339
26965,67,67319,67480,Neuhaeusel,neuhaeusel,48.821565945946,8.0913845945946
26966,67,67320,67220,Neuve-Église,neuve eglise,48.325535166667,7.307696
26967,67,67321,67130,Neuviller-la-Roche,neuviller la roche,48.433129784173,7.2563455395683
26968,67,67322,67330,Neuwiller-lès-Saverne,neuwiller les saverne,48.819346732187,7.3549493611793
26969,67,67324,67110,Niederbronn-les-Bains,niederbronn les bains,48.957229186441,7.6436322711864
26970,67,67325,67280,Niederhaslach,niederhaslach,48.534647846154,7.3453144615385
26971,67,67326,67207,Niederhausbergen,niederhausbergen,48.623639285714,7.7048741071429
26972,67,67327,67630,Niederlauterbach,niederlauterbach,48.977067103825,8.1071371584699
26973,67,67328,67350,Niedermodern,niedermodern,48.841001710526,7.6341078947368
26974,67,67329,67210,Niedernai,niedernai,48.44131951049,7.5331023776224
26975,67,67330,67470,Niederrœdern,niederroedern,48.910877133758,8.0516981528662
26976,67,67331,67500,Niederschaeffolsheim,niederschaeffolsheim,48.7711325,7.7434983928571
26977,67,67333,67330,Niedersoultzbach,niedersoultzbach,48.849930888889,7.4719604444444
26978,67,67334,67510,Niedersteinbach,niedersteinbach,49.0391175,7.7125785714286
26979,67,67335,67520,Nordheim,nordheim,48.639979875,7.5004655
26980,67,67336,67150,Nordhouse,nordhouse,48.448043898305,7.6852086440678
26981,67,67337,67680,Nothalten,nothalten,48.355785686274,7.4134750980392
26982,67,67338,67230,Obenheim,obenheim,48.354558596491,7.6859671929825
26983,67,67339,67660,Betschdorf,betschdorf,48.884113496503,7.9377731468532
26984,67,67340,67110,Oberbronn,oberbronn,48.93564127193,7.5954006578947
26985,67,67341,67360,Oberdorf-Spachbach,oberdorf spachbach,48.927933870968,7.7726911290323
26986,67,67342,67280,Oberhaslach,oberhaslach,48.564011736527,7.2973222754491
26987,67,67343,67205,Oberhausbergen,oberhausbergen,48.607159545455,7.6854559090909
26988,67,67344,67160,Oberhoffen-lès-Wissembourg,oberhoffen les wissembourg,49.011089090909,7.9148044155844
26989,67,67345,67240,Oberhoffen-sur-Moder,oberhoffen sur moder,48.774364831461,7.8945916853932
26990,67,67346,67160,Oberlauterbach,oberlauterbach,48.946036885246,8.0659152459016
26991,67,67347,67330,Obermodern-Zutzendorf,obermodern zutzendorf,48.84726849162,7.5402262569832
26992,67,67348,67210,Obernai,obernai,48.454387966805,7.4666737344398
26993,67,67349,67250,Oberrœdern,oberroedern,48.927855233645,7.9693114018692
26994,67,67350,67203,Oberschaeffolsheim,oberschaeffolsheim,48.587145963303,7.6473710091743
26995,67,67351,67160,Seebach,seebach,48.962003076923,7.9906045454546
26996,67,67352,67330,Obersoultzbach,obersoultzbach,48.849627096774,7.4445714516129
26997,67,67353,67510,Obersteinbach,obersteinbach,49.036028404255,7.6742836170213
26998,67,67354,67520,Odratzheim,odratzheim,48.599350555556,7.4912902777778
26999,67,67355,67970,Oermingen,oermingen,49.002155888889,7.1210542222222
27000,67,67356,67850,Offendorf,offendorf,48.714666236559,7.9161160215054
27001,67,67358,67340,Offwiller,offwiller,48.918093513514,7.5387046621622
27002,67,67359,67170,Ohlungen,ohlungen,48.812046,7.699782
27003,67,67359,67590,Ohlungen,ohlungen,48.8184188,7.7181748
27004,67,67360,67390,Ohnenheim,ohnenheim,48.184686666667,7.5041054901961
27005,67,67361,67170,Olwisheim,olwisheim,48.697013968254,7.6740255555556
27006,67,67362,67600,Orschwiller,orschwiller,48.243050872483,7.3707773154362
27007,67,67363,67990,Osthoffen,osthoffen,48.590025384615,7.563528974359
27008,67,67364,67150,Osthouse,osthouse,48.392849285714,7.6547442857143
27009,67,67365,67540,Ostwald,ostwald,48.544892117647,7.7084518823529
27010,67,67366,67700,Ottersthal,ottersthal,48.755865471698,7.3467911320755
27011,67,67367,67700,Otterswiller,otterswiller,48.719292525253,7.3780455555556
27012,67,67368,67530,Ottrott,ottrott,48.445777395349,7.3744657209302
27013,67,67369,67320,Ottwiller,ottwiller,48.863286363636,7.231194025974
27014,67,67370,67290,Petersbach,petersbach,48.879209375,7.2648273214286
27015,67,67371,67290,La Petite-Pierre,la petite pierre,48.863911452514,7.3281374860335
27016,67,67372,67350,Val de Moder,val de moder,48.845996484375,7.6151190625
27017,67,67373,67320,Pfalzweyer,pfalzweyer,48.808331568627,7.2587092156863
27018,67,67375,67370,Pfulgriesheim,pfulgriesheim,48.644847352941,7.6656079411765
27019,67,67377,67420,Plaine,plaine,48.420144973822,7.143065026178
27020,67,67378,67115,Plobsheim,plobsheim,48.465397352941,7.7314139215686
27021,67,67379,67250,Preuschdorf,preuschdorf,48.948659490446,7.8027370700637
27022,67,67380,67490,Printzheim,printzheim,48.792195294118,7.4760335294118
27023,67,67381,67290,Puberg,puberg,48.91379974359,7.305923974359
27024,67,67382,67117,Quatzenheim,quatzenheim,48.627928333333,7.5773216666667
27025,67,67383,67310,Rangen,rangen,48.670536571429,7.4769034285714
27026,67,67384,67420,Ranrupt,ranrupt,48.371981666667,7.1911933333333
27027,67,67385,67430,Ratzwiller,ratzwiller,48.95266875,7.2569465441176
27028,67,67386,67320,Rauwiller,rauwiller,48.809991764706,7.1137520588235
27029,67,67387,67140,Reichsfeld,reichsfeld,48.359533333333,7.3827676470588
27030,67,67388,67110,Reichshoffen,reichshoffen,48.936883072917,7.6677514583333
27031,67,67389,67116,Reichstett,reichstett,48.647355444444,7.751774
27032,67,67391,67440,Reinhardsmunster,reinhardsmunster,48.683066711409,7.3019148993289
27033,67,67392,67340,Reipertswiller,reipertswiller,48.9411794,7.4518910666667
27034,67,67394,67250,Retschwiller,retschwiller,48.95110525641,7.8848634615385
27035,67,67395,67440,Reutenbourg,reutenbourg,48.683166612903,7.4090830645161
27036,67,67396,67320,Rexingen,rexingen,48.905935402299,7.1802388505747
27037,67,67397,67860,Rhinau,rhinau,48.314064647887,7.6964311267606
27038,67,67398,67390,Richtolsheim,richtolsheim,48.222945333333,7.6097235555556
27039,67,67400,67160,Riedseltz,riedseltz,48.987153063063,7.9470154054054
27040,67,67401,67260,Rimsdorf,rimsdorf,48.929149041096,7.1169146575342
27041,67,67402,67350,Ringeldorf,ringeldorf,48.830305348837,7.6072151162791
27042,67,67403,67350,Ringendorf,ringendorf,48.811079770115,7.5537205747127
27043,67,67404,67690,Rittershoffen,rittershoffen,48.897974851485,7.9620982178218
27044,67,67405,67480,Rœschwoog,roeschwoog,48.824389247312,8.0400967741936
27045,67,67406,67270,Rohr,rohr,48.694719146341,7.5373308536585
27046,67,67407,67410,Rohrwiller,rohrwiller,48.749087789474,7.900150631579
27047,67,67408,67310,Romanswiller,romanswiller,48.643813736264,7.3890412087912
27048,67,67409,67480,Roppenheim,roppenheim,48.837703170732,8.0661131707317
27049,67,67410,67560,Rosenwiller,rosenwiller,48.5089384,7.4295927
27050,67,67411,67560,Rosheim,rosheim,48.490483466135,7.4039709561753
27051,67,67412,67230,Rossfeld,rossfeld,48.334265211268,7.6168835211268
27052,67,67413,67290,Rosteig,rosteig,48.932456326531,7.3388596938776
27053,67,67414,67570,Rothau,rothau,48.451845471698,7.2075567924528
27054,67,67415,67340,Rothbach,rothbach,48.906022155172,7.5107120689655
27055,67,67416,67160,Rott,rott,49.01886247191,7.9050369662921
27056,67,67417,67170,Rottelsheim,rottelsheim,48.757659268293,7.7105329268293
27057,67,67418,67480,Rountzenheim,rountzenheim,48.822987826087,7.9972142608696
27058,67,67420,67130,Russ,russ,48.488175533981,7.2660902912621
27059,67,67421,67420,Saales,saales,48.349875480769,7.1155309615385
27060,67,67422,67390,Saasenheim,saasenheim,48.23926625,7.6298645454546
27061,67,67423,67270,Saessolsheim,saessolsheim,48.706955862069,7.5123142528736
27062,67,67424,67420,Saint-Blaise-la-Roche,saint blaise la roche,48.40763469697,7.1678340909091
27063,67,67425,67700,Saint-Jean-Saverne,saint jean saverne,48.780887213115,7.3542352459016
27064,67,67426,67220,Saint-Martin,saint martin,48.348983461538,7.2837488461539
27065,67,67427,67220,Saint-Maurice,saint maurice,48.331138070175,7.3355894736842
27066,67,67428,67530,Saint-Nabor,saint nabor,48.441308,7.4169553333333
27067,67,67429,67140,Saint-Pierre,saint pierre,48.384023114754,7.4643504918033
27068,67,67430,67220,Saint-Pierre-Bois,saint pierre bois,48.334753169014,7.3631621126761
27069,67,67432,67160,Salmbach,salmbach,48.981458672566,8.0769278761062
27070,67,67433,67230,Sand,sand,48.375315204082,7.6258469387755
27071,67,67434,67260,Sarre-Union,sarre union,48.94106,7.0875028735632
27072,67,67435,67260,Sarrewerden,sarrewerden,48.906663046875,7.0683809375
27073,67,67436,67420,Saulxures,saulxures,48.395010684211,7.1295895263158
27074,67,67437,67700,Saverne,saverne,48.739383641304,7.3558379347826
27075,67,67438,67150,Schaeffersheim,schaeffersheim,48.435915217391,7.6158547826087
27076,67,67440,67470,Schaffhouse-près-Seltz,schaffhouse pres seltz,48.908508640777,8.0897984466019
27077,67,67441,67350,Schalkendorf,schalkendorf,48.836721809524,7.5676918095238
27078,67,67442,67310,Scharrachbergheim-Irmstett,scharrachbergheim irmstett,48.588685555556,7.4878950793651
27079,67,67443,67630,Scheibenhard,scheibenhard,48.9732466,8.1451453
27080,67,67444,67270,Scherlenheim,scherlenheim,48.76609425,7.533696
27081,67,67445,67750,Scherwiller,scherwiller,48.295709822485,7.4093789940828
27082,67,67446,67340,Schillersdorf,schillersdorf,48.865685697674,7.5245273255814
27083,67,67447,67300,Schiltigheim,schiltigheim,48.613979151515,7.7506112121212
27084,67,67448,67130,Schirmeck,schirmeck,48.491046257669,7.201939202454
27085,67,67449,67240,Schirrhein,schirrhein,48.794958834951,7.9219215533981
27086,67,67450,67240,Schirrhoffen,schirrhoffen,48.807592619048,7.9277611904762
27087,67,67451,67160,Schleithal,schleithal,48.98769852459,8.0366036065574
27088,67,67452,67370,Schnersheim,schnersheim,48.659835471698,7.5683558490566
27089,67,67453,67390,Schœnau,schoenau,48.229002763158,7.6449217105263
27090,67,67454,67320,Schœnbourg,schoenbourg,48.832469189189,7.2684054054054
27091,67,67455,67250,Schœnenbourg,schoenenbourg,48.952069142857,7.9137132857143
27092,67,67456,67260,Schopperten,schopperten,48.94568025974,7.0451196103896
27093,67,67458,67590,Schweighouse-sur-Moder,schweighouse sur moder,48.824123069307,7.730601980198
27094,67,67459,67440,Schwenheim,schwenheim,48.71477,7.4052815217391
27095,67,67460,67270,Schwindratzheim,schwindratzheim,48.761607142857,7.6046033035714
27096,67,67461,67390,Schwobsheim,schwobsheim,48.237776122449,7.5709191836735
27097,67,67462,67600,Sélestat,selestat,48.253621285714,7.4623640952381
27098,67,67463,67470,Seltz,seltz,48.899327638191,8.0895790452261
27099,67,67464,67230,Sermersheim,sermersheim,48.34406969697,7.5549550505051
27100,67,67465,67770,Sessenheim,sessenheim,48.800567307692,7.9784752884615
27101,67,67466,67160,Siegen,siegen,48.955582432432,8.0373402702703
27102,67,67467,67320,Siewiller,siewiller,48.842324285714,7.2063609821428
27103,67,67468,67260,Siltzheim,siltzheim,49.059970348837,7.0982538372093
27104,67,67470,67130,Solbach,solbach,48.430992333333,7.1973458333333
27105,67,67471,67460,Souffelweyersheim,souffelweyersheim,48.633199157895,7.7421637894737
27106,67,67472,67620,Soufflenheim,soufflenheim,48.813670506912,7.9564925806452
27107,67,67473,67120,Soultz-les-Bains,soultz les bains,48.570896222222,7.4777977777778
27108,67,67474,67250,Soultz-sous-Forêts,soultz sous forets,48.950140653846,7.8689173846154
27109,67,67475,67340,Sparsbach,sparsbach,48.87685612069,7.4037895689655
27110,67,67476,67770,Stattmatten,stattmatten,48.794940243902,8.0160226829268
27111,67,67477,67220,Steige,steige,48.362410769231,7.2284511538461
27112,67,67478,67790,Steinbourg,steinbourg,48.767960538922,7.415058742515
27113,67,67479,67160,Steinseltz,steinseltz,49.002415955056,7.9262860674157
27114,67,67480,67190,Still,still,48.563370591716,7.3757189940828
27115,67,67481,67140,Stotzheim,stotzheim,48.379583070866,7.5094066141732
27116,67,67482,67000,Strasbourg,strasbourg,48.6019858,7.7835217
27117,67,67482,67100,Strasbourg,strasbourg,48.5266021,7.781398
27118,67,67482,67200,Strasbourg,strasbourg,48.586322,7.7170649
27119,67,67483,67290,Struth,struth,48.896991386139,7.2697665346535
27120,67,67484,67250,Stundwiller,stundwiller,48.922761780822,7.9940397260274
27121,67,67485,67370,Stutzheim-Offenheim,stutzheim offenheim,48.625778846154,7.6264094230769
27122,67,67486,67920,Sundhouse,sundhouse,48.254706060606,7.6358055151515
27123,67,67487,67250,Surbourg,surbourg,48.909471188119,7.8329378217822
27124,67,67488,67320,Thal-Drulingen,thal drulingen,48.91129484375,7.13998328125
27125,67,67489,67440,Thal-Marmoutier,thal marmoutier,48.694298088235,7.3384861764706
27126,67,67490,67220,Thanvillé,thanville,48.326532372881,7.3509533898305
27127,67,67491,67290,Tieffenbach,tieffenbach,48.903102871287,7.2469402970297
27128,67,67492,67310,Traenheim,traenheim,48.596348169014,7.4693228169014
27129,67,67493,67220,Triembach-au-Val,triembach au val,48.341275384615,7.3333187179487
27130,67,67494,67470,Trimbach,trimbach,48.939689705882,8.0179235294118
27131,67,67495,67370,Truchtersheim,truchtersheim,48.659575555556,7.6308856410256
27132,67,67497,67350,Uhlwiller,uhlwiller,48.820486056338,7.6782870422535
27133,67,67498,67350,Uhrwiller,uhrwiller,48.884679732143,7.579284375
27134,67,67499,67220,Urbeis,urbeis,48.332210866142,7.206048503937
27135,67,67500,67280,Urmatt,urmatt,48.539037463768,7.2944698550725
27136,67,67501,67150,Uttenheim,uttenheim,48.412336307692,7.5934618461538
27137,67,67502,67110,Uttenhoffen,uttenhoffen,48.892895446429,7.6506303571429
27138,67,67503,67330,Uttwiller,uttwiller,48.846066666667,7.497914
27139,67,67504,67210,Valff,valff,48.425065963303,7.5250829357798
27140,67,67505,67730,La Vancelle,la vancelle,48.283680403226,7.3198020967742
27141,67,67506,67550,Vendenheim,vendenheim,48.66652971831,7.7324669014084
27142,67,67507,67220,Villé,ville,48.341103970588,7.3021341176471
27143,67,67508,67430,Vœllerdingen,voellerdingen,48.969606438356,7.13553
27144,67,67509,67290,Volksberg,volksberg,48.93700877193,7.2897564035088
27145,67,67510,67170,Wahlenheim,wahlenheim,48.765292857143,7.6875028571429
27146,67,67511,67360,Walbourg,walbourg,48.886209235669,7.7894525477707
27147,67,67513,67130,Waldersbach,waldersbach,48.414419454545,7.2177278181818
27148,67,67514,67430,Waldhambach,waldhambach,48.930673366013,7.2320039869281
27149,67,67515,67700,Waldolwisheim,waldolwisheim,48.733810631579,7.4379701052632
27150,67,67516,67670,Waltenheim-sur-Zorn,waltenheim sur zorn,48.746005714286,7.6242221008403
27151,67,67517,67520,Wangen,wangen,48.618657230769,7.4656601538461
27152,67,67519,67610,La Wantzenau,la wantzenau,48.655318368794,7.8319236879433
27153,67,67520,67310,Wasselonne,wasselonne,48.642892892562,7.44238
27154,67,67521,67340,Weinbourg,weinbourg,48.869673559322,7.4321952542373
27155,67,67522,67290,Weislingen,weislingen,48.920385945946,7.2533683783784
27156,67,67523,67500,Weitbruch,weitbruch,48.757948344371,7.777390794702
27157,67,67524,67340,Weiterswiller,weiterswiller,48.854574,7.41137
27158,67,67525,67310,Westhoffen,westhoffen,48.603969310345,7.4215535172414
27159,67,67526,67230,Westhouse,westhouse,48.406739019608,7.5736452941176
27160,67,67527,67440,Westhouse-Marmoutier,westhouse marmoutier,48.685231076923,7.4557778461539
27161,67,67528,67320,Weyer,weyer,48.853475515152,7.157912
27162,67,67529,67720,Weyersheim,weyersheim,48.725742130178,7.848066035503
27163,67,67530,67270,Wickersheim-Wilshausen,wickersheim wilshausen,48.78079516129,7.5346604301075
27164,67,67531,67130,Wildersbach,wildersbach,48.440765714286,7.2242424489796
27165,67,67532,67370,Willgottheim,willgottheim,48.676889677419,7.5136124193548
27166,67,67534,67270,Wilwisheim,wilwisheim,48.752500559441,7.5021178321678
27167,67,67535,67290,Wimmenau,wimmenau,48.921511008772,7.4203832017544
27168,67,67536,67110,Windstein,windstein,48.989431642857,7.6944445
27169,67,67537,67510,Wingen,wingen,49.035367244094,7.8122747244095
27170,67,67538,67290,Wingen-sur-Moder,wingen sur moder,48.922885906736,7.3734986010363
27171,67,67539,67170,Wingersheim les Quatre Bans,wingersheim les quatre bans,48.7220579,7.635956
27172,67,67539,67270,Wingersheim les Quatre Bans,wingersheim les quatre bans,48.7220579,7.635956
27173,67,67540,67590,Wintershouse,wintershouse,48.796273584906,7.7060709433962
27174,67,67541,67470,Wintzenbach,wintzenbach,48.931009791667,8.1041897916667
27175,67,67542,67370,Wintzenheim-Kochersberg,wintzenheim kochersberg,48.65774325,7.5071405
27176,67,67543,67130,Wisches,wisches,48.510859057592,7.2278718324607
27177,67,67544,67160,Wissembourg,wissembourg,49.020691785714,7.9716090977444
27178,67,67545,67230,Witternheim,witternheim,48.315024883721,7.6186853488372
27179,67,67546,67670,Wittersheim,wittersheim,48.780106290323,7.6543466129032
27180,67,67547,67820,Wittisheim,wittisheim,48.267058015267,7.6016846564886
27181,67,67548,67370,Wiwersheim,wiwersheim,48.637560754717,7.5978060377359
27182,67,67550,67360,Wœrth,woerth,48.942480076336,7.7462225954198
27183,67,67551,67202,Wolfisheim,wolfisheim,48.578362916667,7.6648784166667
27184,67,67552,67260,Wolfskirchen,wolfskirchen,48.876582020202,7.0718419191919
27185,67,67553,67700,Wolschheim,wolschheim,48.708443035714,7.4572194642857
27186,67,67554,67120,Wolxheim,wolxheim,48.570047868852,7.5066398360656
27187,67,67555,67310,Zehnacker,zehnacker,48.671594871795,7.4524484615385
27188,67,67556,67310,Zeinheim,zeinheim,48.677123023256,7.4883527906977
27189,67,67557,67140,Zellwiller,zellwiller,48.399493663366,7.517557029703
27190,67,67558,67110,Zinswiller,zinswiller,48.914556319018,7.589698404908
27191,67,67559,67290,Zittersheim,zittersheim,48.9013464,7.3427284
