,,,,-DORDOGNE,,,
8047,24,24001,24300,Abjat-sur-Bandiat,abjat sur bandiat,45.584290817121,0.75241673151751
8048,24,24002,24460,Agonac,agonac,45.287914942529,0.7377775862069
8049,24,24004,24210,Ajat,ajat,45.162468742515,1.0290114371257
8050,24,24005,24480,Alles-sur-Dordogne,alles sur dordogne,44.860209322034,0.87367016949153
8051,24,24006,24220,Allas-les-Mines,allas les mines,44.825992168675,1.0718293975904
8052,24,24007,24600,Allemans,allemans,45.290086732283,0.29659594488189
8053,24,24008,24270,Angoisse,angoisse,45.433277713178,1.1486225581395
8054,24,24009,24160,Anlhiac,anlhiac,45.326700438597,1.1236342982456
8055,24,24010,24430,Annesse-et-Beaulieu,annesse et beaulieu,45.181989212598,0.5916905511811
8056,24,24011,24420,Antonne-et-Trigonant,antonne et trigonant,45.223710310559,0.82979807453416
8057,24,24012,24590,Archignac,archignac,45.019001647059,1.2914263529412
8058,24,24014,24290,Aubas,aubas,45.082237005988,1.1989562275449
8059,24,24015,24260,Audrix,audrix,44.884207612903,0.94330851612903
8060,24,24016,24300,Augignac,augignac,45.582568893617,0.70676314893617
8061,24,24018,24290,Auriac-du-Périgord,auriac du perigord,45.113016736402,1.1191349790795
8062,24,24019,24210,Azerat,azerat,45.160087164948,1.1072724742268
8063,24,24020,24210,La Bachellerie,la bachellerie,45.135288461538,1.1651157211539
8064,24,24021,24390,Badefols-d'Ans,badefols d ans,45.23132021978,1.2039997802198
8065,24,24022,24150,Badefols-sur-Dordogne,badefols sur dordogne,44.839407586207,0.80468051724138
8066,24,24023,24150,Baneuil,baneuil,44.856390618557,0.69318432989691
8067,24,24024,24560,Bardou,bardou,44.740876375,0.690135625
8068,24,24025,24210,Bars,bars,45.098417826087,1.0634705652174
8069,24,24026,24330,Bassillac et Auberoche,bassillac et auberoche,45.1924569,0.8156176
8070,24,24026,24640,Bassillac et Auberoche,bassillac et auberoche,45.191424,0.813431
8071,24,24027,24150,Bayac,bayac,44.807072564103,0.72384393162393
8072,24,24028,24440,Beaumontois en Périgord,beaumontois en perigord,44.741260967742,0.75687215880893
8073,24,24029,24400,Beaupouyet,beaupouyet,44.999416020761,0.2856524567474
8074,24,24030,24120,Beauregard-de-Terrasson,beauregard de terrasson,45.155816824324,1.2269002702703
8075,24,24031,24140,Beauregard-et-Bassac,beauregard et bassac,44.993729292035,0.63341380530973
8076,24,24032,24400,Beauronne,beauronne,45.100456533333,0.36445106666667
8077,24,24034,24140,Beleymas,beleymas,44.992927117647,0.50023123529412
8078,24,24035,24170,Pays de Belvès,pays de belves,44.753744770318,0.99810024734982
8079,24,24036,24220,Berbiguières,berbiguieres,44.83390202381,1.0454707142857
8080,24,24037,24100,Bergerac,bergerac,44.856488243243,0.48440570945946
8081,24,24038,24320,Bertric-Burée,bertric buree,45.309634846626,0.35483601226994
8082,24,24039,24550,Besse,besse,44.663380431034,1.1093737068965
8083,24,24040,24220,Beynac-et-Cazenac,beynac et cazenac,44.857553493151,1.1278997945206
8084,24,24042,24310,Biras,biras,45.288034242424,0.63832236363636
8085,24,24043,24540,Biron,biron,44.621476923077,0.87245365384615
8086,24,24045,24560,Boisse,boisse,44.713863309859,0.65517535211268
8087,24,24046,24390,Boisseuilh,boisseuilh,45.286690864198,1.1765167078189
8088,24,24048,24230,Bonneville-et-Saint-Avit-de-Fumadières,bonneville et saint avit de fumadieres,44.886904173913,0.07928486956522
8089,24,24050,24590,Borrèze,borreze,44.970237641509,1.3971980660377
8090,24,24051,24130,Bosset,bosset,44.951386900585,0.36311614035088
8091,24,24052,24480,Bouillac,bouillac,44.764230495868,0.91839851239669
8092,24,24053,24330,Boulazac Isle Manoire,boulazac isle manoire,45.180548,0.768949
8093,24,24053,24750,Boulazac Isle Manoire,boulazac isle manoire,45.180548,0.768949
8094,24,24054,24560,Bouniagues,bouniagues,44.756208247423,0.52910670103093
8095,24,24055,24310,Bourdeilles,bourdeilles,45.321259083969,0.5812093129771
8096,24,24056,24300,Le Bourdeix,le bourdeix,45.576801369863,0.63847547945206
8097,24,24057,24320,Bourg-des-Maisons,bourg des maisons,45.337014634146,0.43567804878049
8098,24,24058,24600,Bourg-du-Bost,bourg du bost,45.269049758065,0.26347846774194
8099,24,24059,24400,Bourgnac,bourgnac,45.017258650794,0.39564261904762
8100,24,24060,24150,Bourniquel,bourniquel,44.807581565217,0.7708267826087
8101,24,24061,24110,Bourrou,bourrou,45.048508541667,0.60871385416667
8102,24,24062,24320,Bouteilles-Saint-Sébastien,bouteilles saint sebastien,45.350165467626,0.28842431654676
8103,24,24063,24250,Bouzic,bouzic,44.721565409836,1.2191223497268
8104,24,24064,24310,Brantôme en Périgord,brantome en perigord,45.361992550143,0.62844974212034
8105,24,24066,24210,Brouchaud,brouchaud,45.205193809524,0.99499836734694
8106,24,24067,24260,Le Bugue,le bugue,44.927830368664,0.92096267281106
8107,24,24068,24480,Le Buisson-de-Cadouin,le buisson de cadouin,44.8165644,0.8891212
8108,24,24069,24350,Bussac,bussac,45.272266709677,0.6013724516129
8109,24,24070,24360,Busserolles,busserolles,45.679105320755,0.64398958490566
8110,24,24071,24360,Bussière-Badil,bussiere badil,45.640702621359,0.59937703883495
8111,24,24073,24150,Calès,cales,44.85442,0.81805726027397
8112,24,24074,24370,Calviac-en-Périgord,calviac en perigord,44.863601550388,1.323044496124
8113,24,24075,24550,Campagnac-lès-Quercy,campagnac les quercy,44.699948128655,1.1836859064328
8114,24,24076,24260,Campagne,campagne,44.897275735294,0.97736779411765
8115,24,24077,24140,Campsegret,campsegret,44.940571764706,0.56526990196078
8116,24,24079,24530,Cantillac,cantillac,45.401323301887,0.64398009433962
8117,24,24080,24540,Capdrot,capdrot,44.674337792208,0.94179227272727
8118,24,24081,24370,Carlux,carlux,44.886444943182,1.3594804545454
8119,24,24082,24200,Carsac-Aillac,carsac aillac,44.85693619883,1.2733576023392
8120,24,24083,24610,Carsac-de-Gurson,carsac de gurson,44.942936514286,0.09872942857143
8121,24,24084,24170,Carves,carves,44.786219692308,1.0647812307692
8122,24,24085,24120,La Cassagne,la cassagne,45.056721959459,1.304481554054
8123,24,24086,24250,Castelnaud-la-Chapelle,castelnaud la chapelle,44.799878655914,1.1281257526882
8124,24,24087,24220,Castels et Bézenac,castels et bezenac,44.868021515152,1.0851778787879
8125,24,24088,24150,Cause-de-Clérans,cause de clerans,44.874115337838,0.67041006756757
8126,24,24089,24370,Cazoulès,cazoules,44.883642096774,1.4250582258064
8127,24,24090,24600,Celles,celles,45.287381300448,0.41003394618834
8128,24,24091,24250,Cénac-et-Saint-Julien,cenac et saint julien,44.790251208791,1.1982378021978
8129,24,24094,24380,Chalagnac,chalagnac,45.09150161017,0.68311296610169
8130,24,24095,24800,Chalais,chalais,45.500687425373,0.93763014925373
8131,24,24096,24530,Champagnac-de-Belair,champagnac de belair,45.402053037383,0.69497939252336
8132,24,24097,24320,Champagne-et-Fontaine,champagne et fontaine,45.430480176471,0.332869
8133,24,24098,24750,Champcevinel,champcevinel,45.213105675676,0.72303932432432
8134,24,24100,24360,Champniers-et-Reilhac,champniers et reilhac,45.676930837004,0.71534303964758
8135,24,24101,24470,Champs-Romain,champs romain,45.535815,0.77400903409091
8136,24,24102,24650,Chancelade,chancelade,45.212645890411,0.65723369863014
8137,24,24104,24190,Chantérac,chanterac,45.165917952756,0.44433751968504
8138,24,24105,24320,Chapdeuil,chapdeuil,45.344337659574,0.46645382978723
8139,24,24106,24290,La Chapelle-Aubareil,la chapelle aubareil,45.003254111675,1.1905900507614
8140,24,24107,24530,La Chapelle-Faucher,la chapelle faucher,45.37216190184,0.76192509202454
8141,24,24108,24350,La Chapelle-Gonaguet,la chapelle gonaguet,45.230354868421,0.6207147368421
8142,24,24109,24320,La Chapelle-Grésignac,la chapelle gresignac,45.392201647059,0.33957094117647
8143,24,24110,24320,La Chapelle-Montabourlet,la chapelle montabourlet,45.391180769231,0.45363043956044
8144,24,24111,24300,La Chapelle-Montmoreau,la chapelle montmoreau,45.447422345679,0.64274419753086
8145,24,24113,24390,La Chapelle-Saint-Jean,la chapelle saint jean,45.195258125,1.1621035416667
8146,24,24114,24600,Chassaignes,chassaignes,45.250650638298,0.2501364893617
8147,24,24115,24460,Château-l'Évêque,chateau l eveque,45.260765519126,0.6781318579235
8148,24,24116,24120,Châtres,chatres,45.187787191781,1.1949276027397
8149,24,24117,24120,Les Coteaux Périgourdins,les coteaux perigourdins,45.092653127962,1.3704085781991
8150,24,24119,24320,Cherval,cherval,45.390320902256,0.38518180451128
8151,24,24120,24390,Cherveix-Cubas,cherveix cubas,45.286521085714,1.1126593714286
8152,24,24121,24640,Chourgnac,chourgnac,45.233926973684,1.0528523684211
8153,24,24122,24170,Cladech,cladech,44.806838314607,1.0769311235955
8154,24,24123,24140,Clermont-de-Beauregard,clermont de beauregard,44.947364766355,0.64441018691589
8155,24,24124,24160,Clermont-d'Excideuil,clermont d excideuil,45.361782916667,1.0430473958333
8156,24,24126,24560,Colombier,colombier,44.7839379,0.517301
8157,24,24127,24120,Coly,coly,45.086265727273,1.2684916363636
8158,24,24128,24600,Comberanche-et-Épeluche,comberanche et epeluche,45.275324761905,0.28354273809524
8159,24,24129,24530,Condat-sur-Trincou,condat sur trincou,45.36835081761,0.71685855345912
8160,24,24130,24570,Condat-sur-Vézère,condat sur vezere,45.105588292683,1.2342175609756
8161,24,24131,24300,Connezac,connezac,45.5112088,0.529643
8162,24,24132,24560,Conne-de-Labarde,conne de labarde,44.780059871795,0.55661038461538
8163,24,24133,24450,La Coquille,la coquille,45.546548918919,0.9702063963964
8164,24,24134,24800,Corgnac-sur-l'Isle,corgnac sur l isle,45.37646759434,0.95594801886792
8165,24,24135,24750,Cornille,cornille,45.246739358974,0.7765558974359
8166,24,24136,24390,Coubjours,coubjours,45.245838,1.2513701176471
8167,24,24137,24420,Coulaures,coulaures,45.302248584906,0.97081778301887
8168,24,24138,24660,Coulounieix-Chamiers,coulounieix chamiers,45.164529035088,0.68868675438597
8169,24,24139,24430,Coursac,coursac,45.126287214286,0.64113785714286
8170,24,24140,24520,Cours-de-Pile,cours de pile,44.830972636364,0.55579063636364
8171,24,24141,24320,Coutures,coutures,45.326156218487,0.39219277310924
8172,24,24142,24220,Coux et Bigaroque-Mouzens,coux et bigaroque mouzens,44.8544712,0.97214288
8173,24,24143,24150,Couze-et-Saint-Front,couze et saint front,44.822772475248,0.72107683168317
8174,24,24144,24350,Creyssac,creyssac,45.312818252427,0.5487967961165
8175,24,24145,24100,Creysse,creysse,44.868335714286,0.54907
8176,24,24146,24380,Creyssensac-et-Pissot,creyssensac et pissot,45.070697956989,0.66593978494624
8177,24,24147,24640,Cubjac-Auvézère-Val d'Ans,cubjac auvezere val d ans,45.229894633205,0.96058235521236
8178,24,24148,24240,Cunèges,cuneges,44.785824814815,0.3746124691358
8179,24,24150,24250,Daglan,daglan,44.74635062069,1.1880305517241
8180,24,24151,24170,Doissat,doissat,44.723963225806,1.0832797419355
8181,24,24152,24250,Domme,domme,44.806664108527,1.2464241085271
8182,24,24153,24120,La Dornac,la dornac,45.075967226277,1.3419564963504
8183,24,24154,24350,Douchapt,douchapt,45.236614444444,0.444573
8184,24,24155,24140,Douville,douville,44.998462280702,0.59313245614035
8185,24,24156,24330,La Douze,la douze,45.071440484848,0.86246181818182
8186,24,24157,24190,Douzillac,douzillac,45.094373552632,0.39810684210526
8187,24,24158,24270,Dussac,dussac,45.395097342342,1.0774515315315
8188,24,24159,24410,Échourgnac,echourgnac,45.138341346801,0.21961232323232
8189,24,24160,24380,Église-Neuve-de-Vergt,eglise neuve de vergt,45.089919342105,0.73002986842105
8190,24,24161,24400,Église-Neuve-d'Issac,eglise neuve d issac,44.977253448276,0.43125634482759
8191,24,24162,24420,Escoire,escoire,45.205933783784,0.84862945945946
8192,24,24163,24360,Étouars,etouars,45.611285050505,0.61384282828283
8193,24,24164,24160,Excideuil,excideuil,45.330539324324,1.0591532432432
8194,24,24165,24700,Eygurande-et-Gardedeuil,eygurande et gardedeuil,45.072295,0.12310496753247
8195,24,24167,24500,Eymet,eymet,44.673957166124,0.38374762214984
8196,24,24168,24560,Plaisance,plaisance,44.694911428571,0.55374802521008
8197,24,24170,24460,Eyvirat,eyvirat,45.329265496689,0.73917953642384
8198,24,24171,24800,Eyzerac,eyzerac,45.390279459459,0.90625810810811
8199,24,24172,24620,Les Eyzies-de-Tayac-Sireuil,les eyzies de tayac sireuil,44.935277026144,1.0432103594771
8200,24,24174,24290,Fanlac,fanlac,45.067661842105,1.096293881579
8201,24,24175,24290,Les Farges,les farges,45.116325357143,1.1873723214286
8202,24,24176,24560,Faurilles,faurilles,44.704428314607,0.68601831460674
8203,24,24177,24560,Faux,faux,44.787126202532,0.64752132911392
8204,24,24179,24120,La Feuillade,la feuillade,45.1152483,1.3964112
8205,24,24180,24450,Firbeix,firbeix,45.597818318966,0.9404025862069
8206,24,24181,24240,Flaugeac,flaugeac,44.758484744526,0.43588153284672
8207,24,24182,24130,Le Fleix,le fleix,44.882794561404,0.27457742690058
8208,24,24183,24580,Fleurac,fleurac,44.996146751592,0.99859649681529
8209,24,24184,24250,Florimont-Gaumier,florimont gaumier,44.710276377953,1.2426258267717
8210,24,24186,24500,Fonroque,fonroque,44.706031311475,0.41043295081967
8211,24,24188,24210,Fossemagne,fossemagne,45.119411614907,0.98881937888199
8212,24,24189,33220,Fougueyrolles,fougueyrolles,44.865862781955,0.18422661654135
8213,24,24190,24380,Fouleix,fouleix,44.972755120482,0.67553686746988
8214,24,24191,24130,Fraisse,fraisse,44.93445484375,0.30138317708333
8215,24,24192,24210,Gabillou,gabillou,45.20436744898,1.0309978571429
8216,24,24193,24240,Gageac-et-Rouillac,gageac et rouillac,44.80369005291,0.35687772486772
8217,24,24194,24680,Gardonne,gardonne,44.828062550336,0.34167697986577
8218,24,24195,24540,Gaugeac,gaugeac,44.663655794392,0.87640271028037
8219,24,24196,24160,Génis,genis,45.322515140562,1.1673365461847
8220,24,24197,24130,Ginestet,ginestet,44.9026915625,0.4430723125
8221,24,24198,24310,La Gonterie-Boulouneix,la gonterie boulouneix,45.380028032787,0.58047710382514
8222,24,24199,24320,Gout-Rossignol,gout rossignol,45.411445287356,0.40849137931034
8223,24,24200,24350,Grand-Brassac,grand brassac,45.297061213389,0.48621493723849
8224,24,24202,24390,Granges-d'Ans,granges d ans,45.211872242991,1.1161194392523
8225,24,24205,24110,Grignols,grignols,45.078348817734,0.53314108374384
8226,24,24206,24170,Grives,grives,44.765329285714,1.0805767346939
8227,24,24207,24250,Groléjac,grolejac,44.811210235294,1.2928918823529
8228,24,24208,24380,Grun-Bordas,grun bordas,45.045474537037,0.6377062037037
8229,24,24209,24300,Hautefaye,hautefaye,45.537021949153,0.51081677966102
8230,24,24210,24390,Hautefort,hautefort,45.259093252595,1.1401637370242
8231,24,24211,24400,Issac,issac,45.017547179487,0.44878743589744
8232,24,24212,24560,Issigeac,issigeac,44.726417297297,0.60406452702703
8233,24,24213,24140,Jaure,jaure,45.056985194805,0.55163246753247
8234,24,24214,24300,Javerlhac-et-la-Chapelle-Saint-Robert,javerlhac et la chapelle saint robert,45.560870233463,0.56108638132296
8235,24,24215,24590,Jayac,jayac,45.031364140127,1.3517650318471
8236,24,24216,24410,La Jemaye-Ponteyraud,la jemaye ponteyraud,45.169627064677,0.25945047263682
8237,24,24217,24260,Journiac,journiac,44.964205153374,0.89028865030675
8238,24,24218,24630,Jumilhac-le-Grand,jumilhac le grand,45.503978177215,1.0693930886076
8239,24,24220,24380,Lacropte,lacropte,45.045894414894,0.83258063829787
8240,24,24221,24340,Rudeau-Ladosse,rudeau ladosse,45.49064704142,0.53441603550296
8241,24,24222,24130,La Force,la force,44.886112747253,0.35884879120879
8242,24,24223,24150,Lalinde,lalinde,44.86075059322,0.73680694915254
8243,24,24224,24520,Lamonzie-Montastruc,lamonzie montastruc,44.900392914286,0.59381108571429
8244,24,24225,24680,Lamonzie-Saint-Martin,lamonzie saint martin,44.830953888889,0.38049736111111
8245,24,24226,24230,Lamothe-Montravel,lamothe montravel,44.853001842105,0.01589822368421
8246,24,24227,24270,Lanouaille,lanouaille,45.381971968085,1.1213408510638
8247,24,24228,24150,Lanquais,lanquais,44.811849854015,0.67245715328467
8248,24,24229,24570,Le Lardin-Saint-Lazare,le lardin saint lazare,45.140239615385,1.2295669230769
8249,24,24230,24170,Larzac,larzac,44.738814387755,1.0008132653061
8250,24,24231,24540,Lavalade,lavalade,44.6953753125,0.85862859375
8251,24,24232,24550,Lavaur,lavaur,44.62444392,1.03091904
8252,24,24233,24130,Laveyssière,laveyssiere,44.935385714286,0.44090857142857
8253,24,24234,24400,Les Lèches,les leches,44.98252747619,0.385655
8254,24,24236,24110,Léguillac-de-l'Auche,leguillac de l auche,45.187523208955,0.5533302238806
8255,24,24237,24100,Lembras,lembras,44.888591043478,0.52465165217391
8256,24,24238,24800,Lempzours,lempzours,45.356123804348,0.82675032608696
8257,24,24240,24510,Limeuil,limeuil,44.895008295455,0.89282659090909
8258,24,24241,24210,Limeyrat,limeyrat,45.165870714286,0.97848428571429
8259,24,24242,24520,Liorac-sur-Louyre,liorac sur louyre,44.898401226994,0.64189343558282
8260,24,24243,24350,Lisle,lisle,45.273082054795,0.55871219178082
8261,24,24244,24540,Lolme,lolme,44.7119194,0.8469953
8262,24,24245,24550,Loubejac,loubejac,44.604798773006,1.069697607362
8263,24,24246,24130,Lunas,lunas,44.927516928571,0.39516264285714
8264,24,24247,24320,Lusignac,lusignac,45.323371052632,0.31552353383459
8265,24,24248,24300,Lussas-et-Nontronneau,lussas et nontronneau,45.523740401606,0.58354200803213
8266,24,24249,24620,Manaurie,manaurie,44.963023402062,0.98738762886598
8267,24,24251,24110,Manzac-sur-Vern,manzac sur vern,45.0829596875,0.597233046875
8268,24,24252,24200,Marcillac-Saint-Quentin,marcillac saint quentin,44.958588809524,1.1980936507936
8269,24,24253,24340,Mareuil en Périgord,mareuil en perigord,45.458584132901,0.51255781199352
8270,24,24254,24220,Marnac,marnac,44.829046202532,1.0321486075949
8271,24,24255,24620,Marquay,marquay,44.939196283186,1.1295484955752
8272,24,24256,24430,Marsac-sur-l'Isle,marsac sur l isle,45.183144807692,0.65033240384615
8273,24,24257,24540,Marsalès,marsales,44.701306701031,0.88802628865979
8274,24,24259,24140,Maurens,maurens,44.919617980769,0.48256567307692
8275,24,24260,24150,Mauzac-et-Grand-Castang,mauzac et grand castang,44.88726359375,0.77579734375
8276,24,24261,24260,Mauzens-et-Miremont,mauzens et miremont,44.991955031447,0.9304627672956
8277,24,24262,24420,Mayac,mayac,45.281079833333,0.9501695
8278,24,24263,24550,Mazeyrolles,mazeyrolles,44.666045777778,0.99810497777778
8279,24,24264,24700,Ménesplet,menesplet,45.004027710843,0.10316493975904
8280,24,24266,24350,Mensignac,mensignac,45.219586964286,0.56204517857143
8281,24,24267,24240,Mescoules,mescoules,44.744407681159,0.42477536231884
8282,24,24268,24220,Meyrals,meyrals,44.908230949721,1.0652238547486
8283,24,24269,24450,Mialet,mialet,45.567008848684,0.89612266447368
8284,24,24271,24470,Milhac-de-Nontron,milhac de nontron,45.470985251397,0.7917405027933
8285,24,24272,24610,Minzac,minzac,44.966306047297,0.03467405405405
8286,24,24273,24480,Molières,molieres,44.812947625,0.82532725
8287,24,24274,24240,Monbazillac,monbazillac,44.794085276074,0.47891527607362
8288,24,24276,24240,Monestier,monestier,44.776466825397,0.30757170634921
8289,24,24277,24130,Monfaucon,monfaucon,44.921027771588,0.25630877437326
8290,24,24278,24560,Monmadalès,monmadales,44.76927297619,0.6104305952381
8291,24,24279,24560,Monmarvès,monmarves,44.705917623762,0.61365217821782
8292,24,24280,24540,Monpazier,monpazier,44.682460645161,0.89428774193548
8293,24,24281,24440,Monsac,monsac,44.782697711864,0.68773186440678
8294,24,24282,24560,Monsaguel,monsaguel,44.740985757576,0.57178340909091
8295,24,24284,24210,Montagnac-d'Auberoche,montagnac d auberoche,45.18859440367,0.95254853211009
8296,24,24285,24140,Montagnac-la-Crempse,montagnac la crempse,44.982662793296,0.54128463687151
8297,24,24286,24350,Montagrier,montagrier,45.270937058824,0.48324860294118
8298,24,24287,24560,Montaut,montaut,44.748423939394,0.64773767676768
8299,24,24288,24230,Montazeau,montazeau,44.900532327586,0.12769176724138
8300,24,24289,24230,Montcaret,montcaret,44.864854885845,0.0646401826484
8301,24,24290,24440,Montferrand-du-Périgord,montferrand du perigord,44.75725452514,0.87406363128492
8302,24,24291,24290,Montignac,montignac,45.063654950495,1.1520259405941
8303,24,24292,24610,Montpeyroux,montpeyroux,44.911094074074,0.05829854938272
8304,24,24293,24170,Monplaisant,monplaisant,44.79026671875,1.001432265625
8305,24,24294,24700,Montpon-Ménestérol,montpon menesterol,45.026459896641,0.1440411369509
8306,24,24295,24110,Montrem,montrem,45.13441041958,0.57813804195804
8307,24,24296,24520,Mouleydier,mouleydier,44.860059036145,0.61227939759036
8308,24,24297,24700,Moulin-Neuf,moulin neuf,44.996648324324,0.0616027027027
8309,24,24299,24400,Mussidan,mussidan,45.027044307692,0.36747723076923
8310,24,24300,24250,Nabirat,nabirat,44.768932045455,1.298055
8311,24,24301,24590,Nadaillac,nadaillac,45.033136558442,1.3916720779221
8312,24,24302,24390,Nailhac,nailhac,45.227344530387,1.1554898895028
8313,24,24303,24320,Nanteuil-Auriac-de-Bourzac,nanteuil auriac de bourzac,45.377391243523,0.2795089119171
8314,24,24304,24800,Nantheuil,nantheuil,45.425150604396,0.95590840659341
8315,24,24305,24800,Nanthiat,nanthiat,45.40970201005,0.98626532663317
8316,24,24306,24230,Nastringues,nastringues,44.875832903226,0.15120556451613
8317,24,24307,24440,Naussannes,naussannes,44.74967768,0.71332816
8318,24,24308,24460,Négrondes,negrondes,45.339698,0.87561393548387
8319,24,24309,24190,Neuvic,neuvic,45.092034725738,0.47092953586498
8320,24,24311,24300,Nontron,nontron,45.533220696517,0.67472059701493
8321,24,24312,24380,Sanilhac,sanilhac,45.121311,0.71385
8322,24,24312,24660,Sanilhac,sanilhac,45.114158,0.702827
8323,24,24312,24750,Sanilhac,sanilhac,45.121311,0.71385
8324,24,24313,24170,Orliac,orliac,44.712936261682,1.0626371028037
8325,24,24314,24370,Orliaguet,orliaguet,44.910589537037,1.3800671296296
8326,24,24316,24410,Parcoul-Chenaud,parcoul chenaud,45.19364962069,0.05655755172414
8327,24,24317,24590,Paulin,paulin,44.994764017094,1.3328041880342
8328,24,24318,24510,Paunat,paunat,44.897791567164,0.85083313432836
8329,24,24319,24310,Paussac-et-Saint-Vivien,paussac et saint vivien,45.341303760684,0.54121333333333
8330,24,24320,24270,Payzac,payzac,45.417512384615,1.2415624871795
8331,24,24321,24120,Pazayac,pazayac,45.123076170213,1.3741768085106
8332,24,24322,24000,Périgueux,perigueux,45.194904285714,0.70910014285714
8333,24,24323,24600,Petit-Bersac,petit bersac,45.271054594595,0.22889972972973
8334,24,24324,24210,Peyrignac,peyrignac,45.162027130435,1.1968210434783
8335,24,24325,24370,Peyrillac-et-Millac,peyrillac et millac,44.892302037037,1.4100131481481
8336,24,24326,24620,Peyzac-le-Moustier,peyzac le moustier,44.982893504274,1.0796306837607
8337,24,24327,24510,Pezuls,pezuls,44.907914174757,0.80521669902913
8338,24,24328,24360,Piégut-Pluviers,piegut pluviers,45.629399438202,0.70654735955056
8339,24,24329,24700,Le Pizou,le pizou,45.038106790123,0.08385314814815
8340,24,24330,24580,Plazac,plazac,45.044135263158,1.0370172368421
8341,24,24331,24240,Pomport,pomport,44.788667446809,0.41092387234043
8342,24,24334,24150,Pontours,pontours,44.823391980198,0.77318633663366
8343,24,24335,33220,Port-Sainte-Foy-et-Ponchapt,port sainte foy et ponchapt,44.868256097561,0.20349419512195
8344,24,24336,24370,Prats-de-Carlux,prats de carlux,44.8941434,1.3094569
8345,24,24337,24550,Prats-du-Périgord,prats du perigord,44.683396949153,1.0683524576271
8346,24,24338,24150,Pressignac-Vicq,pressignac vicq,44.894729208633,0.72455460431655
8347,24,24339,24160,Preyssac-d'Excideuil,preyssac d excideuil,45.341213518519,1.1092305555556
8348,24,24340,24130,Prigonrieux,prigonrieux,44.879094230769,0.40629697802198
8349,24,24341,24200,Proissans,proissans,44.928468203593,1.2470083832335
8350,24,24345,24140,Queyssac,queyssac,44.914558674699,0.53502084337349
8351,24,24346,24530,Quinsac,quinsac,45.434623165468,0.69918136690647
8352,24,24347,24440,Rampieux,rampieux,44.70248480663,0.80347110497238
8353,24,24348,24500,Razac-d'Eymet,razac d eymet,44.697332774194,0.45287193548387
8354,24,24349,24240,Razac-de-Saussignac,razac de saussignac,44.812534353741,0.28181462585034
8355,24,24350,24430,Razac-sur-l'Isle,razac sur l isle,45.161877722772,0.61693099009901
8356,24,24351,24240,Ribagnac,ribagnac,44.760509807692,0.47892038461538
8357,24,24352,24600,Ribérac,riberac,45.246988913043,0.339201
8358,24,24353,24340,La Rochebeaucourt-et-Argentine,la rochebeaucourt et argentine,45.470132180095,0.38199312796209
8359,24,24354,24490,La Roche-Chalais,la roche chalais,45.134139847973,0.03945547297297
8360,24,24355,24250,La Roque-Gageac,la roque gageac,44.823733589744,1.1954943589744
8361,24,24356,24580,Rouffignac-Saint-Cernin-de-Reilhac,rouffignac saint cernin de reilhac,45.051779634703,0.96795949771689
8362,24,24357,24240,Rouffignac-de-Sigoulès,rouffignac de sigoules,44.778022462687,0.44198828358209
8363,24,24359,24500,Sadillac,sadillac,44.728493012048,0.48798963855422
8364,24,24360,24170,Sagelat,sagelat,44.784797258065,1.0207790322581
8365,24,24361,24520,Saint-Agne,saint agne,44.833959384615,0.62479338461538
8366,24,24362,24380,Val de Louyre et Caudeau,val de louyre et caudeau,45.0350789,0.7162071
8367,24,24362,24510,Val de Louyre et Caudeau,val de louyre et caudeau,44.932205,0.7154942
8368,24,24364,24290,Saint-Amand-de-Coly,saint amand de coly,45.051904122449,1.2461696734694
8369,24,24365,24380,Saint-Amand-de-Vergt,saint amand de vergt,44.989518789474,0.69598731578947
8370,24,24366,24200,Saint-André-d'Allas,saint andre d allas,44.894391688312,1.1501556277056
8371,24,24367,24190,Saint-André-de-Double,saint andre de double,45.143436725979,0.32432142348754
8372,24,24370,24230,Saint-Antoine-de-Breuilh,saint antoine de breuilh,44.843278670886,0.14258037974684
8373,24,24371,24110,Saint-Aquilin,saint aquilin,45.1865094,0.48213115
8374,24,24372,24110,Saint-Astier,saint astier,45.144761244444,0.52006693333333
8375,24,24373,24500,Saint-Aubin-de-Cadelech,saint aubin de cadelech,44.683614012739,0.4925676433121
8376,24,24374,24560,Saint-Aubin-de-Lanquais,saint aubin de lanquais,44.797453982301,0.60323097345133
8377,24,24375,24250,Saint-Aubin-de-Nabirat,saint aubin de nabirat,44.730916625,1.281809
8378,24,24376,24410,Saint Aulaye-Puymangou,saint aulaye puymangou,45.188655798969,0.1284912628866
8379,24,24377,24260,Saint-Avit-de-Vialard,saint avit de vialard,44.948014090909,0.86105272727273
8380,24,24378,24540,Saint-Avit-Rivière,saint avit riviere,44.742361907514,0.91038861271676
8381,24,24379,24440,Saint-Avit-Sénieur,saint avit senieur,44.772746408163,0.82093591836735
8382,24,24380,24700,Saint-Barthélemy-de-Bellegarde,saint barthelemy de bellegarde,45.081953465046,0.19173623100304
8383,24,24381,24360,Saint-Barthélemy-de-Bussière,saint barthelemy de bussiere,45.64216129771,0.74809511450382
8384,24,24382,24150,Saint-Capraise-de-Lalinde,saint capraise de lalinde,44.847675306122,0.65504816326531
8385,24,24383,24500,Saint-Capraise-d'Eymet,saint capraise d eymet,44.708829262295,0.50880991803279
8386,24,24384,24540,Saint-Cassien,saint cassien,44.679424571429,0.84427671428571
8387,24,24385,24560,Saint-Cernin-de-Labarde,saint cernin de labarde,44.764380594059,0.57764366336634
8388,24,24386,24550,Saint-Cernin-de-l'Herm,saint cernin de l herm,44.652757234043,1.0456619148936
8389,24,24388,24260,Saint-Chamassy,saint chamassy,44.876532072539,0.93175284974093
8390,24,24389,24260,Saint-Cirq,saint cirq,44.93873,0.96906358024691
8391,24,24390,24330,Saint-Crépin-d'Auberoche,saint crepin d auberoche,45.116526237624,0.89735178217822
8392,24,24391,24310,Saint-Crépin-de-Richemont,saint crepin de richemont,45.418277751196,0.6090733492823
8393,24,24392,24590,Saint-Crépin-et-Carlucet,saint crepin et carlucet,44.953665442177,1.2780913605442
8394,24,24393,24440,Sainte-Croix,sainte croix,44.734835454545,0.82954175324675
8395,24,24394,24340,Sainte-Croix-de-Mareuil,sainte croix de mareuil,45.469146190476,0.42539886904762
8396,24,24395,24250,Saint-Cybranet,saint cybranet,44.784657913043,1.1620496521739
8397,24,24396,24220,Saint-Cyprien,saint cyprien,44.886683858696,1.0223633695652
8398,24,24397,24270,Saint-Cyr-les-Champagnes,saint cyr les champagnes,45.377326237624,1.2888767326733
8399,24,24398,24360,Saint-Estèphe,saint estephe,45.607075837321,0.65818502392344
8400,24,24399,24400,Saint-Étienne-de-Puycorbier,saint etienne de puycorbier,45.097113161512,0.31630721649485
8401,24,24401,24640,Sainte-Eulalie-d'Ans,sainte eulalie d ans,45.251031081081,1.0222777477478
8402,24,24402,24500,Sainte-Eulalie-d'Eymet,sainte eulalie d eymet,44.706995886525,0.36274255319149
8403,24,24403,24340,Saint-Félix-de-Bourdeilles,saint felix de bourdeilles,45.405620480769,0.56936134615385
8404,24,24404,24260,Saint-Félix-de-Reillac-et-Mortemart,saint felix de reillac et mortemart,45.013822280702,0.89403245614035
8405,24,24405,24510,Saint-Félix-de-Villadeix,saint felix de villadeix,44.930871375,0.6734519375
8406,24,24406,24170,Sainte-Foy-de-Belvès,sainte foy de belves,44.7321398,1.0370618
8407,24,24407,24510,Sainte-Foy-de-Longas,sainte foy de longas,44.929536298701,0.75690428571429
8408,24,24408,24460,Saint-Front-d'Alemps,saint front d alemps,45.324186230769,0.78955930769231
8409,24,24409,24400,Saint-Front-de-Pradoux,saint front de pradoux,45.058239692308,0.36225530769231
8410,24,24410,24300,Saint-Front-la-Rivière,saint front la riviere,45.466405142857,0.7251
8411,24,24411,24300,Saint-Front-sur-Nizonne,saint front sur nizonne,45.47249015748,0.62320385826772
8412,24,24412,24590,Saint-Geniès,saint genies,44.998886828194,1.2455878854626
8413,24,24413,24130,Saint-Georges-Blancaneix,saint georges blancaneix,44.914742836879,0.36022269503546
8414,24,24414,24140,Saint-Georges-de-Montclard,saint georges de montclard,44.93177278607,0.61697845771144
8415,24,24415,24700,Saint-Géraud-de-Corps,saint geraud de corps,44.945471125828,0.23482922737307
8416,24,24416,24170,Saint-Germain-de-Belvès,saint germain de belves,44.80749,1.0361926086957
8417,24,24417,24160,Saint-Germain-des-Prés,saint germain des pres,45.342340645161,0.99633929032258
8418,24,24418,24190,Saint-Germain-du-Salembre,saint germain du salembre,45.129123644068,0.43702377118644
8419,24,24419,24520,Saint-Germain-et-Mons,saint germain et mons,44.82308384,0.58983632
8420,24,24420,24400,Saint-Géry,saint gery,44.979159385475,0.32627703910615
8421,24,24421,24330,Saint-Geyrac,saint geyrac,45.0772239375,0.9055108125
8422,24,24422,24140,Saint-Hilaire-d'Estissac,saint hilaire d estissac,45.012445061728,0.50534074074074
8423,24,24423,24500,Sainte-Innocence,sainte innocence,44.723802395833,0.39359052083333
8424,24,24424,24190,Saint-Jean-d'Ataux,saint jean d ataux,45.132824576271,0.3971897740113
8425,24,24425,24800,Saint-Jean-de-Côle,saint jean de cole,45.414424657534,0.83854917808219
8426,24,24426,24140,Saint-Jean-d'Estissac,saint jean d estissac,45.040073608247,0.50695226804124
8427,24,24427,24140,Saint-Jean-d'Eyraud,saint jean d eyraud,44.958806170213,0.44985627659574
8428,24,24428,24800,Saint-Jory-de-Chalais,saint jory de chalais,45.491480604651,0.89558358139535
8429,24,24429,24160,Saint-Jory-las-Bloux,saint jory las bloux,45.343190947368,0.94998415789474
8430,24,24431,24140,Saint-Julien-de-Crempse,saint julien de crempse,44.950826666667,0.52206528735632
8431,24,24432,24370,Saint-Julien-de-Lampon,saint julien de lampon,44.862321972789,1.3854182993197
8432,24,24433,24500,Saint-Julien-d'Eymet,saint julien d eymet,44.719735222222,0.43760911111111
8433,24,24434,24320,Saint-Just,saint just,45.336690990991,0.50075522522523
8434,24,24436,24400,Saint-Laurent-des-Hommes,saint laurent des hommes,45.046369392097,0.25463857142857
8435,24,24437,24100,Saint-Laurent-des-Vignes,saint laurent des vignes,44.82600152381,0.44641133333333
8436,24,24438,24170,Saint-Laurent-la-Vallée,saint laurent la vallee,44.752312857143,1.1182253741497
8437,24,24441,24560,Saint-Léon-d'Issigeac,saint leon d issigeac,44.716917888889,0.69927311111111
8438,24,24442,24110,Saint-Léon-sur-l'Isle,saint leon sur l isle,45.119206311475,0.50030327868852
8439,24,24443,24290,Saint-Léon-sur-Vézère,saint leon sur vezere,45.021482413793,1.0811170344828
8440,24,24444,24400,Saint-Louis-en-l'Isle,saint louis en l isle,45.063859230769,0.38708276923077
8441,24,24445,24510,Saint-Marcel-du-Périgord,saint marcel du perigord,44.916217870968,0.70244193548387
8442,24,24446,24540,Saint-Marcory,saint marcory,44.725127916667,0.9283375
8443,24,24448,24160,Saint-Martial-d'Albarède,saint martial d albarede,45.323033583333,1.0370330833333
8444,24,24449,24700,Saint-Martial-d'Artenset,saint martial d artenset,45.004354858757,0.22458446327684
8445,24,24450,24250,Saint-Martial-de-Nabirat,saint martial de nabirat,44.743129593496,1.2451517073171
8446,24,24451,24300,Saint-Martial-de-Valette,saint martial de valette,45.51534384106,0.63360231788079
8447,24,24452,24320,Saint-Martial-Viveyrol,saint martial viveyrol,45.35678512,0.33958984
8448,24,24453,24800,Saint-Martin-de-Fressengeas,saint martin de fressengeas,45.45830473913,0.842355
8449,24,24454,24610,Saint-Martin-de-Gurson,saint martin de gurson,44.953337845528,0.1201656097561
8450,24,24455,24600,Saint-Martin-de-Ribérac,saint martin de riberac,45.220734344828,0.36407262068965
8451,24,24456,24140,Saint-Martin-des-Combes,saint martin des combes,44.963022720588,0.62232551470588
8452,24,24457,24400,Saint-Martin-l'Astier,saint martin l astier,45.056157081081,0.31633956756757
8453,24,24458,24300,Saint-Martin-le-Pin,saint martin le pin,45.552034133333,0.62068342222222
8454,24,24459,24380,Saint-Maime-de-Péreyrol,saint maime de pereyrol,45.015852695652,0.65542391304348
8455,24,24460,24600,Saint-Méard-de-Drône,saint meard de drone,45.254644660194,0.41051936893204
8456,24,24461,24610,Saint-Méard-de-Gurçon,saint meard de gurcon,44.916515125348,0.17197935933148
8457,24,24462,24400,Saint-Médard-de-Mussidan,saint medard de mussidan,45.02298726087,0.32493582608696
8458,24,24463,24160,Saint-Médard-d'Excideuil,saint medard d excideuil,45.350133220339,1.0870094915254
8459,24,24464,24270,Saint-Mesmin,saint mesmin,45.354212705882,1.2329041960784
8460,24,24465,24400,Saint-Michel-de-Double,saint michel de double,45.091271789474,0.28511263157895
8461,24,24466,24230,Saint-Michel-de-Montaigne,saint michel de montaigne,44.880813012048,0.01983265060241
8462,24,24468,24380,Saint-Michel-de-Villadeix,saint michel de villadeix,44.9874418,0.7275372
8463,24,24470,24370,Sainte-Mondane,sainte mondane,44.83648940678,1.3441737288136
8464,24,24471,24200,Sainte-Nathalène,sainte nathalene,44.915099801324,1.2797333112583
8465,24,24472,24520,Saint-Nexans,saint nexans,44.802723358209,0.55366462686567
8466,24,24473,24210,Sainte-Orse,sainte orse,45.207013202614,1.0730581699346
8467,24,24474,24530,Saint-Pancrace,saint pancrace,45.421494444444,0.66614895424837
8468,24,24476,24160,Saint-Pantaly-d'Excideuil,saint pantaly d excideuil,45.31296887931,1.0087926724138
8469,24,24477,24600,Saint-Pardoux-de-Drône,saint pardoux de drone,45.223686105263,0.41586210526316
8470,24,24478,24170,Saint-Pardoux-et-Vielvic,saint pardoux et vielvic,44.767022980132,0.96322086092715
8471,24,24479,24470,Saint-Pardoux-la-Rivière,saint pardoux la riviere,45.505965613208,0.75313254716981
8472,24,24480,24380,Saint-Paul-de-Serre,saint paul de serre,45.081428053097,0.63367663716814
8473,24,24481,24800,Saint-Paul-la-Roche,saint paul la roche,45.482962258065,0.98815132616487
8474,24,24482,24320,Saint-Paul-Lizonne,saint paul lizonne,45.314312146893,0.28176734463277
8475,24,24483,24560,Saint-Perdoux,saint perdoux,44.737867244898,0.5331212244898
8476,24,24484,24330,Saint-Pierre-de-Chignac,saint pierre de chignac,45.107690387597,0.86118465116279
8477,24,24485,24800,Saint-Pierre-de-Côle,saint pierre de cole,45.38051245283,0.80797144654088
8478,24,24486,24450,Saint-Pierre-de-Frugie,saint pierre de frugie,45.583087134146,1.0088795731707
8479,24,24487,24130,Saint-Pierre-d'Eyraud,saint pierre d eyraud,44.885753703704,0.31194703703704
8480,24,24488,24170,Saint-Pompont,saint pompont,44.719542317881,1.1400105298013
8481,24,24489,24450,Saint-Priest-les-Fougères,saint priest les fougeres,45.539965958549,1.0205954404145
8482,24,24490,24410,Saint Privat en Périgord,saint privat en perigord,45.221687891892,0.20273186486486
8483,24,24491,24210,Saint-Rabier,saint rabier,45.173038449198,1.1430593048128
8484,24,24492,24560,Sainte-Radegonde,sainte radegonde,44.683194864865,0.67330900900901
8485,24,24493,24160,Saint-Raphaël,saint raphael,45.303835974026,1.074271948052
8486,24,24494,24700,Saint-Rémy,saint remy,44.948532688525,0.19062616393443
8487,24,24495,24540,Saint-Romain-de-Monpazier,saint romain de monpazier,44.719503645833,0.87996739583333
8488,24,24496,24800,Saint-Romain-et-Saint-Clément,saint romain et saint clement,45.4272785,0.87426938888889
8489,24,24498,24470,Saint-Saud-Lacoussière,saint saud lacoussiere,45.531360074257,0.84355165841584
8490,24,24499,24520,Saint-Sauveur,saint sauveur,44.873771061947,0.58625424778761
8491,24,24500,24700,Saint-Sauveur-Lalande,saint sauveur lalande,44.978979,0.25376613333333
8492,24,24501,24230,Saint-Seurin-de-Prats,saint seurin de prats,44.834148157895,0.07315052631579
8493,24,24502,24190,Saint-Séverin-d'Estissac,saint severin d estissac,45.052310357143,0.47389214285714
8494,24,24504,24600,Saint-Sulpice-de-Roumagnac,saint sulpice de roumagnac,45.201415229358,0.39470513761468
8495,24,24505,24800,Saint-Sulpice-d'Excideuil,saint sulpice d excideuil,45.398996133333,1.0169992888889
8496,24,24507,24160,Sainte-Trie,sainte trie,45.295012460317,1.2057987698413
8497,24,24508,24350,Saint-Victor,saint victor,45.263427542373,0.43809872881356
8498,24,24509,24190,Saint-Vincent-de-Connezac,saint vincent de connezac,45.164395786517,0.3956352247191
8499,24,24510,24220,Saint-Vincent-de-Cosse,saint vincent de cosse,44.843581264368,1.1133847126437
8500,24,24511,24410,Saint-Vincent-Jalmoutiers,saint vincent jalmoutiers,45.186075891089,0.19628821782178
8501,24,24512,24200,Saint-Vincent-le-Paluel,saint vincent le paluel,44.881194040404,1.2743577777778
8502,24,24513,24420,Saint-Vincent-sur-l'Isle,saint vincent sur l isle,45.241096915888,0.90343308411215
8503,24,24514,24230,Saint-Vivien,saint vivien,44.895703680982,0.10489018404908
8504,24,24515,24160,Salagnac,salagnac,45.31162280303,1.2108234090909
8505,24,24516,24590,Salignac-Eyvigues,salignac eyvigues,44.942211666667,1.3657847839506
8506,24,24517,24170,Salles-de-Belvès,salles de belves,44.716751717172,1.0002076767677
8507,24,24518,24380,Salon,salon,45.030425833333,0.77477311111111
8508,24,24519,24270,Sarlande,sarlande,45.448593,1.1216114893617
8509,24,24520,24200,Sarlat-la-Canéda,sarlat la caneda,44.909603560091,1.1961700907029
8510,24,24521,24420,Sarliac-sur-l'Isle,sarliac sur l isle,45.24248,0.86223092783505
8511,24,24522,24800,Sarrazac,sarrazac,45.436358438356,1.0299995068493
8512,24,24523,24240,Saussignac,saussignac,44.801861401869,0.32122242990654
8513,24,24524,24260,Savignac-de-Miremont,savignac de miremont,44.963009756098,0.94946642276423
8514,24,24525,24300,Savignac-de-Nontron,savignac de nontron,45.552123978495,0.72306731182796
8515,24,24526,24270,Savignac-Lédrier,savignac ledrier,45.377510913242,1.2004621461187
8516,24,24527,24420,Savignac-les-Églises,savignac les eglises,45.27542106383,0.91212803191489
8517,24,24528,24300,Sceau-Saint-Angel,sceau saint angel,45.482894308943,0.67399796747967
8518,24,24529,24600,Segonzac,segonzac,45.202386981132,0.44105188679245
8519,24,24530,24310,Sencenac-Puy-de-Fourches,sencenac puy de fourches,45.314800576923,0.68157490384615
8520,24,24531,24290,Sergeac,sergeac,44.995776019417,1.1140204854369
8521,24,24532,24500,Serres-et-Montguyard,serres et montguyard,44.679443925926,0.44204237037037
8522,24,24533,24410,Servanches,servanches,45.129725779817,0.17082550458716
8523,24,24534,24240,Sigoulès,sigoules,44.75864124031,0.40204868217054
8524,24,24535,24370,Simeyrols,simeyrols,44.913375258621,1.3417420689655
8525,24,24536,24500,Singleyrac,singleyrac,44.739216124031,0.46077480620155
8526,24,24537,24600,Siorac-de-Ribérac,siorac de riberac,45.177460852018,0.34078183856502
8527,24,24538,24170,Siorac-en-Périgord,siorac en perigord,44.819271188811,0.97268713286713
8528,24,24540,24420,Sorges et Ligueux en Périgord,sorges et ligueux en perigord,45.308053,0.872656
8529,24,24540,24460,Sorges et Ligueux en Périgord,sorges et ligueux en perigord,45.308681,0.820575
8530,24,24541,24360,Soudat,soudat,45.620916123595,0.56511286516854
8531,24,24542,24540,Soulaures,soulaures,44.641529767442,0.91142697674419
8532,24,24543,24400,Sourzac,sourzac,45.045194516129,0.41251795698925
8533,24,24544,24620,Tamniès,tamnies,44.971047451737,1.1514988416988
8534,24,24545,24390,Teillots,teillots,45.260451946309,1.2171099328859
8535,24,24546,24390,Temple-Laguyon,temple laguyon,45.230359268293,1.0985182926829
8536,24,24547,24120,Terrasson-Lavilledieu,terrasson lavilledieu,45.116502777778,1.2955911904762
8537,24,24548,24300,Teyjat,teyjat,45.595788789809,0.57511866242038
8538,24,24549,24240,Thénac,thenac,44.745877638191,0.34923326633166
8539,24,24550,24210,Thenon,thenon,45.128087483444,1.0747176821192
8540,24,24551,24800,Thiviers,thiviers,45.42656254417,0.91293561837456
8541,24,24552,24290,Thonac,thonac,45.041579753086,1.100647345679
8542,24,24553,24350,Tocane-Saint-Apre,tocane saint apre,45.239067575758,0.49478858585859
8543,24,24554,24320,La Tour-Blanche-Cercles,la tour blanche cercles,45.367845340314,0.45201298429319
8544,24,24555,24390,Tourtoirac,tourtoirac,45.268205392157,1.0554856372549
8545,24,24557,24750,Trélissac,trelissac,45.207557459016,0.77812459016393
8546,24,24558,24510,Trémolat,tremolat,44.882963357664,0.83077175182482
8547,24,24559,24620,Tursac,tursac,44.967230847458,1.0437660169492
8548,24,24560,24480,Urval,urval,44.804974343434,0.94208474747475
8549,24,24561,24310,Valeuil,valeuil,45.329452142857,0.62322407142857
8550,24,24562,24190,Vallereuil,vallereuil,45.073506946565,0.49913374045802
8551,24,24563,24290,Valojoulx,valojoulx,45.010962948718,1.1553067948718
8552,24,24564,24600,Vanxains,vanxains,45.212180918033,0.28766216393443
8553,24,24565,24360,Varaignes,varaignes,45.610600430108,0.53087935483871
8554,24,24566,24150,Varennes,varennes,44.832466491228,0.6693898245614
8555,24,24567,24800,Vaunac,vaunac,45.368711217391,0.86954034782609
8556,24,24568,24230,Vélines,velines,44.857674759358,0.10856352941176
8557,24,24569,24320,Vendoire,vendoire,45.412586779661,0.28472457627119
8558,24,24570,24520,Verdon,verdon,44.814615294118,0.63047970588235
8559,24,24571,24380,Vergt,vergt,45.0404206,0.7145445
8560,24,24572,24540,Vergt-de-Biron,vergt de biron,44.632523524229,0.84962220264317
8561,24,24573,24320,Verteillac,verteillac,45.349595359116,0.37630215469613
8562,24,24574,24370,Veyrignac,veyrignac,44.825207916667,1.3264548958333
8563,24,24575,24250,Veyrines-de-Domme,veyrines de domme,44.803568648649,1.103907027027
8564,24,24576,24380,Veyrines-de-Vergt,veyrines de vergt,44.988692824428,0.76911381679389
8565,24,24577,24220,Vézac,vezac,44.84492640625,1.17817546875
8566,24,24580,24120,Villac,villac,45.184176892655,1.2396705084746
8567,24,24581,24140,Villamblard,villamblard,45.027053916667,0.55109883333333
8568,24,24582,24530,Villars,villars,45.423421268657,0.76714873134328
8569,24,24584,24610,Villefranche-de-Lonchat,villefranche de lonchat,44.956430401606,0.05772369477912
8570,24,24585,24550,Villefranche-du-Périgord,villefranche du perigord,44.636507448276,1.1096303448276
8571,24,24586,24600,Villetoureix,villetoureix,45.272244632768,0.36293214689266
8572,24,24587,24200,Vitrac,vitrac,44.841309615385,1.2233824038462
