,,,,-DROME,,,
9153,26,26001,26150,Solaure en Diois,solaure en diois,44.710347195767,5.3848694179894
9154,26,26002,26140,Albon,albon,45.238390367647,4.8708656617647
9155,26,26003,26770,Aleyrac,aleyrac,44.497687254902,4.9446543137255
9156,26,26004,26300,Alixan,alixan,44.97961,5.0107287878788
9157,26,26005,26780,Allan,allan,44.487998275862,4.7947047413793
9158,26,26006,26400,Allex,allex,44.780049014084,4.9147852112676
9159,26,26007,26800,Ambonil,ambonil,44.7925375,4.9102797222222
9160,26,26008,26200,Ancône,ancone,44.578947586207,4.7227427586207
9161,26,26009,26140,Andancette,andancette,45.249683043478,4.8109626086957
9162,26,26010,26140,Anneyron,anneyron,45.256866081081,4.8996885810811
9163,26,26011,26400,Aouste-sur-Sye,aouste sur sye,44.706892151163,5.0597426162791
9164,26,26012,26470,Arnayon,arnayon,44.493440093458,5.3135072897196
9165,26,26013,26110,Arpavon,arpavon,44.368055288462,5.2728681730769
9166,26,26014,26260,Arthémonay,arthemonay,45.141813855422,5.063145060241
9167,26,26015,26340,Aubenasson,aubenasson,44.679711046512,5.1454753488372
9168,26,26016,26110,Aubres,aubres,44.392831484375,5.1553771875
9169,26,26017,26340,Aucelon,aucelon,44.619646766467,5.3380601796407
9170,26,26018,26570,Aulan,aulan,44.230270549451,5.4245387912088
9171,26,26019,26340,Aurel,aurel,44.691900169492,5.3033941242938
9172,26,26020,26400,La Répara-Auriples,la repara auriples,44.65481654088,4.9934113207547
9173,26,26021,26400,Autichamp,autichamp,44.678454390244,4.9697237804878
9174,26,26022,26560,Ballons,ballons,44.244340679012,5.6390958024691
9175,26,26023,26300,Barbières,barbieres,44.94214270073,5.1657753284672
9176,26,26024,26120,Barcelonne,barcelonne,44.867563238095,5.0526219047619
9177,26,26025,26310,Barnave,barnave,44.660189732143,5.3755884821429
9178,26,26026,26570,Barret-de-Lioure,barret de lioure,44.18201,5.5111882905983
9179,26,26027,26150,Barsac,barsac,44.725299457364,5.305166124031
9180,26,26028,26260,Bathernay,bathernay,45.185875217391,4.9996145652174
9181,26,26030,26310,La Bâtie-des-Fonds,la batie des fonds,44.514881538462,5.6299437179487
9182,26,26031,26160,La Bâtie-Rolland,la batie rolland,44.556613,4.8657463636364
9183,26,26032,26120,La Baume-Cornillane,la baume cornillane,44.831355827338,5.0434987769784
9184,26,26033,26790,La Baume-de-Transit,la baume de transit,44.328496212121,4.8647110606061
9185,26,26034,26730,La Baume-d'Hostun,la baume d hostun,45.061868529412,5.2202248529412
9186,26,26035,26400,Beaufort-sur-Gervanne,beaufort sur gervanne,44.778792952381,5.1532244761905
9187,26,26036,26310,Beaumont-en-Diois,beaumont en diois,44.564967698413,5.472498968254
9188,26,26037,26760,Beaumont-lès-Valence,beaumont les valence,44.870421862745,4.9478318627451
9189,26,26038,26600,Beaumont-Monteux,beaumont monteux,45.034554594595,4.9306186486487
9190,26,26039,26300,Beauregard-Baret,beauregard baret,45.01119,5.1665746850394
9191,26,26040,26310,Beaurières,beaurieres,44.555701098266,5.5565317341041
9192,26,26041,26240,Beausemblant,beausemblant,45.212247088608,4.8405946835443
9193,26,26042,26800,Beauvallon,beauvallon,44.856004074074,4.9014825925926
9194,26,26043,26170,Beauvoisin,beauvoisin,44.302847536232,5.2126375362319
9195,26,26045,26160,La Bégude-de-Mazenc,la begude de mazenc,44.552416504425,4.9275591150443
9196,26,26046,26110,Bellecombe-Tarendol,bellecombe tarendol,44.351829814815,5.3537812037037
9197,26,26047,26470,Bellegarde-en-Diois,bellegarde en diois,44.536644508671,5.4331616184971
9198,26,26048,26170,Bénivay-Ollon,benivay ollon,44.31121853211,5.1889301834862
9199,26,26049,26300,Bésayes,besayes,44.964241595745,5.0930984042553
9200,26,26050,26110,Bésignan,besignan,44.321693580247,5.3233118518518
9201,26,26051,26460,Bézaudun-sur-Bîne,bezaudun sur bine,44.617762727273,5.1768003636364
9202,26,26052,26160,Bonlieu-sur-Roubion,bonlieu sur roubion,44.586612278481,4.868944556962
9203,26,26054,26790,Bouchet,bouchet,44.298947821782,4.8794672277228
9204,26,26055,26410,Boulc,boulc,44.636855208333,5.58465025
9205,26,26056,26460,Bourdeaux,bourdeaux,44.571623266129,5.1604541532258
9206,26,26057,26300,Bourg-de-Péage,bourg de peage,45.024629,5.0595902
9207,26,26058,26500,Bourg-lès-Valence,bourg les valence,44.963485365854,4.9011487804878
9208,26,26059,26190,Bouvante,bouvante,44.927995894309,5.2930127235772
9209,26,26060,26460,Bouvières,bouvieres,44.520547092199,5.2190931205674
9210,26,26061,26260,Bren,bren,45.146929493671,4.9500670886076
9211,26,26062,26340,Brette,brette,44.589905098039,5.3223819607843
9212,26,26063,26170,Buis-les-Baronnies,buis les baronnies,44.279092346939,5.2763253571429
9213,26,26064,26120,Chabeuil,chabeuil,44.899285898876,5.0176246067416
9214,26,26065,26400,Chabrillan,chabrillan,44.712452446809,4.9645180851064
9215,26,26066,26190,Le Chaffal,le chaffal,44.869324094488,5.1810202362205
9216,26,26067,26470,Chalancon,chalancon,44.532977462687,5.3279170895522
9217,26,26068,26350,Le Chalon,le chalon,45.156212972973,5.082964054054
9218,26,26069,26150,Chamaloc,chamaloc,44.805036969697,5.3902041414141
9219,26,26070,26230,Chamaret,chamaret,44.393293486239,4.8702257798165
9220,26,26071,26600,Chanos-Curson,chanos curson,45.060213783784,4.9216962162162
9221,26,26072,26600,Chantemerle-les-Blés,chantemerle les bles,45.115124615385,4.8853107692308
9222,26,26073,26230,Chantemerle-lès-Grignan,chantemerle les grignan,44.405430152672,4.83591
9223,26,26074,26420,La Chapelle-en-Vercors,la chapelle en vercors,44.982309252336,5.4098103738318
9224,26,26075,26470,La Charce,la charce,44.468708979592,5.4449403061224
9225,26,26076,26310,Charens,charens,44.543409875,5.505483625
9226,26,26077,26260,Charmes-sur-l'Herbasse,charmes sur l herbasse,45.160095754717,5.014943490566
9227,26,26078,26450,Charols,charols,44.586817341772,4.9561516455696
9228,26,26079,26300,Charpey,charpey,44.94412892562,5.0833870247934
9229,26,26080,26340,Chastel-Arnaud,chastel arnaud,44.659178686131,5.2070739416058
9230,26,26081,26120,Châteaudouble,chateaudouble,44.896027109827,5.1016695953757
9231,26,26082,26110,Châteauneuf-de-Bordette,chateauneuf de bordette,44.330855882353,5.1651547058824
9232,26,26083,26330,Châteauneuf-de-Galaure,chateauneuf de galaure,45.236552738095,4.9612428571429
9233,26,26084,26300,Châteauneuf-sur-Isère,chateauneuf sur isere,45.006779772727,4.9465578030303
9234,26,26085,26780,Châteauneuf-du-Rhône,chateauneuf du rhone,44.504407272727,4.729149338843
9235,26,26086,26410,Châtillon-en-Diois,chatillon en diois,44.702193743842,5.4885008866995
9236,26,26087,26750,Châtillon-Saint-Jean,chatillon saint jean,45.099491889764,5.1321270866142
9237,26,26088,26300,Chatuzange-le-Goubet,chatuzange le goubet,45.012675612903,5.1031220645161
9238,26,26089,26110,Chaudebonne,chaudebonne,44.473145772358,5.238945203252
9239,26,26090,26340,La Chaudière,la chaudiere,44.63323300885,5.2295862831858
9240,26,26091,26510,Chauvac-Laux-Montaux,chauvac laux montaux,44.323791851852,5.5380122222222
9241,26,26092,26260,Chavannes,chavannes,45.103271428571,4.9218540816326
9242,26,26093,26130,Clansayes,clansayes,44.378389148936,4.8045184042553
9243,26,26094,26240,Claveyson,claveyson,45.166921666667,4.9460514583333
9244,26,26095,26450,Cléon-d'Andran,cleon d andran,44.60882675,4.934216125
9245,26,26096,26260,Clérieux,clerieux,45.082322325581,4.9563925581395
9246,26,26097,26270,Cliousclat,cliousclat,44.721943589744,4.8375848717949
9247,26,26098,26400,Cobonne,cobonne,44.752299703704,5.0689108888889
9248,26,26099,26230,Colonzelle,colonzelle,44.385594929577,4.8977128169014
9249,26,26100,26120,Combovin,combovin,44.866875354331,5.1076379527559
9250,26,26101,26220,Comps,comps,44.548060097087,5.108712038835
9251,26,26102,26740,Condillac,condillac,44.638295238095,4.828605
9252,26,26103,26110,Condorcet,condorcet,44.411392727273,5.182450979021
9253,26,26104,26510,Cornillac,cornillac,44.4393356,5.4002922
9254,26,26105,26510,Cornillon-sur-l'Oule,cornillon sur l oule,44.458802115385,5.3601646153846
9255,26,26106,26740,La Coucourde,la coucourde,44.639951386139,4.7886221782178
9256,26,26107,26350,Crépol,crepol,45.173614786325,5.0674076923077
9257,26,26108,26400,Crest,crest,44.734968987342,5.030056835443
9258,26,26110,26600,Crozes-Hermitage,crozes hermitage,45.101663816794,4.8441945038168
9259,26,26111,26460,Crupies,crupies,44.555490746269,5.1746141044776
9260,26,26112,26110,Curnier,curnier,44.386001047619,5.2361698095238
9261,26,26113,26150,Die,die,44.748536703704,5.3841854074074
9262,26,26114,26220,Dieulefit,dieulefit,44.534049590164,5.073047295082
9263,26,26115,26400,Divajeu,divajeu,44.701386770186,5.0057009937888
9264,26,26116,26290,Donzère,donzere,44.430222745098,4.70436
9265,26,26117,26190,Échevis,echevis,45.025531538462,5.3815576223776
9266,26,26118,26210,Épinouze,epinouze,45.314075522388,4.9403410447761
9267,26,26119,26600,Érôme,erome,45.127297102804,4.8382988785047
9268,26,26121,26780,Espeluche,espeluche,44.525274936709,4.8216535443038
9269,26,26122,26340,Espenel,espenel,44.688247874016,5.2327
9270,26,26123,26470,Establet,establet,44.504217007874,5.4398368503937
9271,26,26124,26800,Étoile-sur-Rhône,etoile sur rhone,44.825837011494,4.8693664367816
9272,26,26125,26400,Eurre,eurre,44.765083506493,4.977041038961
9273,26,26126,26560,Eygalayes,eygalayes,44.228700169492,5.5930053107345
9274,26,26127,26170,Eygaliers,eygaliers,44.238999104478,5.2843825373134
9275,26,26128,26400,Eygluy-Escoulin,eygluy escoulin,44.794744294872,5.2060129487179
9276,26,26129,26730,Eymeux,eymeux,45.065194074074,5.1814962962963
9277,26,26130,26110,Eyroles,eyroles,44.417063692308,5.2468673076923
9278,26,26131,26160,Eyzahut,eyzahut,44.563176329114,5.0061960759494
9279,26,26133,26240,Fay-le-Clos,fay le clos,45.22228375,4.9059475
9280,26,26134,26160,Félines-sur-Rimandoule,felines sur rimandoule,44.580053428571,5.0561114285714
9281,26,26135,26570,Ferrassières,ferrassieres,44.136252266667,5.4879137333333
9282,26,26136,26310,Val-Maravel,val maravel,44.590857874016,5.5915910236221
9283,26,26137,26400,Francillon-sur-Roubion,francillon sur roubion,44.615678269231,5.0720976923077
9284,26,26138,26700,La Garde-Adhémar,la garde adhemar,44.391776229508,4.7545720491803
9285,26,26139,26750,Génissieux,genissieux,45.085574666667,5.0881686666667
9286,26,26140,26750,Geyssans,geyssans,45.123261538462,5.0917781196581
9287,26,26141,26400,Gigors-et-Lozeron,gigors et lozeron,44.816993678756,5.1172355958549
9288,26,26142,26410,Glandage,glandage,44.695146244131,5.6122081690141
9289,26,26143,26530,Le Grand-Serre,le grand serre,45.264720217391,5.103350923913
9290,26,26144,26400,Grane,grane,44.717786180556,4.8882288194444
9291,26,26145,26290,Les Granges-Gontardes,les granges gontardes,44.422525357143,4.7522001785714
9292,26,26146,26230,Grignan,grignan,44.435046825397,4.9108265079365
9293,26,26147,26470,Gumiane,gumiane,44.512268461538,5.2661796703297
9294,26,26148,26390,Hauterives,hauterives,45.250596684783,5.0367227717391
9295,26,26149,26730,Hostun,hostun,45.032406521739,5.1954007608696
9296,26,26150,26560,Izon-la-Bruisse,izon la bruisse,44.263600583942,5.6020737226277
9297,26,26152,26310,Jonchères,joncheres,44.56444656,5.40723608
9298,26,26153,26560,Laborel,laborel,44.290827777778,5.6009214814815
9299,26,26154,26560,Lachau,lachau,44.220711404494,5.652138258427
9300,26,26155,26210,Lapeyrouse-Mornay,lapeyrouse mornay,45.328080833333,4.982214375
9301,26,26156,26600,Larnage,larnage,45.095750900901,4.8626021621622
9302,26,26157,26740,La Laupie,la laupie,44.613507115385,4.8531327884615
9303,26,26159,26150,Laval-d'Aix,laval d aix,44.741514774775,5.4523464864865
9304,26,26160,26240,Laveyron,laveyron,45.193797857143,4.8254119047619
9305,26,26161,26510,Lemps,lemps,44.354794056604,5.4159649056604
9306,26,26162,26210,Lens-Lestang,lens lestang,45.289064615385,5.0331628846154
9307,26,26163,26190,Léoncel,leoncel,44.928971180556,5.1964814930556
9308,26,26164,26310,Lesches-en-Diois,lesches en diois,44.594267981651,5.5115577981651
9309,26,26165,26250,Livron-sur-Drôme,livron sur drome,44.792612666667,4.8412922
9310,26,26166,26270,Loriol-sur-Drôme,loriol sur drome,44.748730307692,4.8141780769231
9311,26,26167,26310,Luc-en-Diois,luc en diois,44.611566989247,5.458591344086
9312,26,26168,26620,Lus-la-Croix-Haute,lus la croix haute,44.681103212121,5.733318969697
9313,26,26169,26780,Malataverne,malataverne,44.477245288462,4.7489336538462
9314,26,26170,26120,Malissard,malissard,44.894584464286,4.9669608928571
9315,26,26171,26160,Manas,manas,44.601017727273,4.9802954545455
9316,26,26172,26210,Manthes,manthes,45.306022075472,5.0050127358491
9317,26,26173,26300,Marches,marches,44.978935952381,5.11769
9318,26,26174,26260,Margès,marges,45.129199431818,5.0318985227273
9319,26,26175,26150,Marignac-en-Diois,marignac en diois,44.809621066667,5.3365504
9320,26,26176,26740,Marsanne,marsanne,44.642163581081,4.88391
9321,26,26177,26260,Marsaz,marsaz,45.117132622951,4.9384791803279
9322,26,26178,26410,Menglon,menglon,44.660000833333,5.4670845512821
9323,26,26179,26600,Mercurol-Veaunes,mercurol veaunes,45.078533896104,4.8938656493506
9324,26,26180,26170,Mérindol-les-Oliviers,merindol les oliviers,44.270233564356,5.1669767326733
9325,26,26181,26560,Mévouillon,mevouillon,44.233601276596,5.4731334751773
9326,26,26182,26110,Mirabel-aux-Baronnies,mirabel aux baronnies,44.313399705882,5.1118741764706
9327,26,26183,26400,Mirabel-et-Blacons,mirabel et blacons,44.713795648855,5.1265187022901
9328,26,26184,26350,Miribel,miribel,45.196015543478,5.1079335869565
9329,26,26185,26270,Mirmande,mirmande,44.6914224,4.83676248
9330,26,26186,26310,Miscon,miscon,44.624256538462,5.5115859615385
9331,26,26188,26170,Mollans-sur-Ouvèze,mollans sur ouveze,44.230488993289,5.1893583892617
9332,26,26189,26170,Montauban-sur-l'Ouvèze,montauban sur l ouveze,44.279633239437,5.5130407746479
9333,26,26190,26110,Montaulieu,montaulieu,44.360074789916,5.2171833613445
9334,26,26191,26740,Montboucher-sur-Jabron,montboucher sur jabron,44.552509270833,4.816419375
9335,26,26192,26770,Montbrison-sur-Lez,montbrison sur lez,44.436854096386,5.01936
9336,26,26193,26570,Montbrun-les-Bains,montbrun les bains,44.185137761194,5.4349234328358
9337,26,26194,26350,Montchenu,montchenu,45.189144545455,5.0385839090909
9338,26,26195,26400,Montclar-sur-Gervanne,montclar sur gervanne,44.751386428571,5.1643605494506
9339,26,26196,26760,Montéléger,monteleger,44.859360333333,4.9287743333333
9340,26,26197,26120,Montélier,montelier,44.941524657534,5.0224894520548
9341,26,26198,26200,Montélimar,montelimar,44.558084503311,4.7499860264901
9342,26,26199,26510,Montferrand-la-Fare,montferrand la fare,44.343381047619,5.4498946666667
9343,26,26200,26560,Montfroc,montfroc,44.171057747748,5.6426090990991
9344,26,26201,26170,Montguers,montguers,44.297350967742,5.4725715053763
9345,26,26202,26220,Montjoux,montjoux,44.493955826772,5.1037582677165
9346,26,26203,26230,Montjoyer,montjoyer,44.477612583333,4.8707068333333
9347,26,26204,26310,Montlaur-en-Diois,montlaur en diois,44.627088981481,5.4186721296296
9348,26,26205,26150,Montmaur-en-Diois,montmaur en diois,44.67965752809,5.3640498876404
9349,26,26206,26120,Montmeyran,montmeyran,44.835666632653,4.9894395918367
9350,26,26207,26750,Montmiral,montmiral,45.15159178744,5.161089178744
9351,26,26208,26800,Montoison,montoison,44.798127555556,4.9261296666667
9352,26,26209,26510,Montréal-les-Sources,montreal les sources,44.399929578947,5.3036930526316
9353,26,26210,26350,Montrigaud,montrigaud,45.232514764706,5.1443322352941
9354,26,26211,26130,Montségur-sur-Lauzon,montsegur sur lauzon,44.36414039604,4.8670872277228
9355,26,26212,26120,Montvendre,montvendre,44.863174368421,5.0210379473684
9356,26,26213,26210,Moras-en-Valloire,moras en valloire,45.286781208791,5.0017681318681
9357,26,26214,26460,Mornans,mornans,44.621357160494,5.1262950617284
9358,26,26215,26470,La Motte-Chalancon,la motte chalancon,44.491039756098,5.385952601626
9359,26,26216,26240,La Motte-de-Galaure,la motte de galaure,45.204042571429,4.8956682857143
9360,26,26217,26190,La Motte-Fanjas,la motte fanjas,45.046998873239,5.2706387323944
9361,26,26218,26540,Mours-Saint-Eusèbe,mours saint eusebe,45.074258219178,5.0581097260274
9362,26,26219,26240,Mureils,mureils,45.218607234043,4.9321106382979
9363,26,26220,26110,Nyons,nyons,44.356168655462,5.1196205042017
9364,26,26221,26400,Omblèze,ombleze,44.856249494163,5.2201007782101
9365,26,26222,26220,Orcinas,orcinas,44.549021157895,5.1387608421053
9366,26,26223,26190,Oriol-en-Royans,oriol en royans,44.98979877551,5.2497946938775
9367,26,26224,26120,Ourches,ourches,44.807293855422,5.0441004819277
9368,26,26225,26750,Parnans,parnans,45.114712758621,5.1565796551724
9369,26,26226,26770,Le Pègue,le pegue,44.438148181818,5.0652967272727
9370,26,26227,26510,Pelonne,pelonne,44.38228,5.3807851923077
9371,26,26228,26340,Pennes-le-Sec,pennes le sec,44.634694067797,5.3189197457627
9372,26,26229,26170,La Penne-sur-l'Ouvèze,la penne sur l ouveze,44.253743492063,5.2346626984127
9373,26,26231,26380,Peyrins,peyrins,45.101022105263,5.0436553684211
9374,26,26232,26120,Peyrus,peyrus,44.904834336283,5.1232491150443
9375,26,26233,26110,Piégon,piegon,44.300887898551,5.1272344927536
9376,26,26234,26400,Piégros-la-Clastre,piegros la clastre,44.684768969697,5.0979392727273
9377,26,26235,26700,Pierrelatte,pierrelatte,44.36982377193,4.6976364912281
9378,26,26236,26170,Pierrelongue,pierrelongue,44.25095825,5.21429775
9379,26,26238,26110,Les Pilles,les pilles,44.380992222222,5.200447948718
9380,26,26239,26170,Plaisians,plaisians,44.225055681818,5.3393121212121
9381,26,26240,26400,Plan-de-Baix,plan de baix,44.824167573964,5.1692534911243
9382,26,26241,26460,Le Poët-Célard,le poet celard,44.599516930693,5.101834950495
9383,26,26242,26170,Le Poët-en-Percip,le poet en percip,44.246686470588,5.3969251470588
9384,26,26243,26160,Le Poët-Laval,le poet laval,44.530142,4.996268
9385,26,26244,26110,Le Poët-Sigillat,le poet sigillat,44.371272173913,5.3220284057971
9386,26,26245,26470,Pommerol,pommerol,44.437457142857,5.4658622619048
9387,26,26246,26150,Ponet-et-Saint-Auban,ponet et saint auban,44.772322403846,5.3128764423077
9388,26,26247,26240,Ponsas,ponsas,45.153173934426,4.8453649180328
9389,26,26248,26150,Pontaix,pontaix,44.755524388489,5.2540422302158
9390,26,26249,26160,Pont-de-Barret,pont de barret,44.5859280625,4.997574125
9391,26,26250,26600,Pont-de-l'Isère,pont de l isere,45.011731025641,4.8755948717949
9392,26,26251,26160,Portes-en-Valdaine,portes en valdaine,44.531850331126,4.912101192053
9393,26,26252,26800,Portes-lès-Valence,portes les valence,44.873689,4.8818915
9394,26,26253,26310,Poyols,poyols,44.597700491803,5.4209223770492
9395,26,26254,26340,Pradelle,pradelle,44.620883770492,5.2820931967213
9396,26,26255,26310,Les Prés,les pres,44.533964765625,5.57264734375
9397,26,26256,26170,Propiac,propiac,44.276005849057,5.2068780188679
9398,26,26257,26160,Puygiron,puygiron,44.543071860465,4.8519223255814
9399,26,26258,26450,Puy-Saint-Martin,puy saint martin,44.626119518072,4.9746418072289
9400,26,26259,26330,Ratières,ratieres,45.175609259259,4.9677144444444
9401,26,26261,26230,Réauville,reauville,44.455162291667,4.8419116666667
9402,26,26262,26310,Recoubeau-Jansac,recoubeau jansac,44.652174615385,5.4054739423077
9403,26,26263,26570,Reilhanette,reilhanette,44.167873294118,5.4080230588235
9404,26,26264,26510,Rémuzat,remuzat,44.404194962406,5.3583538345865
9405,26,26266,26340,Rimon-et-Savel,rimon et savel,44.666573030303,5.3128163030303
9406,26,26267,26170,Rioms,rioms,44.272002592593,5.4655754320988
9407,26,26268,26160,Rochebaudin,rochebaudin,44.574764040404,5.0268494949495
9408,26,26269,26110,Rochebrune,rochebrune,44.327798888889,5.2413111111111
9409,26,26270,26190,Rochechinard,rochechinard,45.029492236842,5.2491486842105
9410,26,26271,26600,La Roche-de-Glun,la roche de glun,45.013270746269,4.8557337313433
9411,26,26272,26160,Rochefort-en-Valdaine,rochefort en valdaine,44.5100332,4.8576298
9412,26,26273,26300,Rochefort-Samson,rochefort samson,44.972472201835,5.1691901376147
9413,26,26274,26340,Rochefourchat,rochefourchat,44.606635769231,5.2450805769231
9414,26,26275,26790,Rochegude,rochegude,44.252700357143,4.8368646428571
9415,26,26276,26770,Roche-Saint-Secret-Béconne,roche saint secret beconne,44.483451341463,5.0389193902439
9416,26,26277,26400,La Roche-sur-Grane,la roche sur grane,44.675229917355,4.9404369421488
9417,26,26278,26170,La Roche-sur-le-Buis,la roche sur le buis,44.264777328244,5.3393819847328
9418,26,26279,26170,La Rochette-du-Buis,la rochette du buis,44.258834868421,5.4257048684211
9419,26,26281,26100,Romans-sur-Isère,romans sur isere,45.061612372881,5.0338436158192
9420,26,26282,26150,Romeyer,romeyer,44.792574471154,5.4412220673077
9421,26,26283,26470,Rottier,rottier,44.478170952381,5.4177752380952
9422,26,26284,26230,Roussas,roussas,44.446222317073,4.7915107317073
9423,26,26285,26770,Rousset-les-Vignes,rousset les vignes,44.42010584,5.07016472
9424,26,26286,26510,Roussieux,roussieux,44.336440135135,5.479517972973
9425,26,26287,26450,Roynac,roynac,44.651345135135,4.9318299324324
9426,26,26288,26510,Sahune,sahune,44.409635627907,5.2715490232558
9427,26,26289,26340,Saillans,saillans,44.693436453901,5.1858720567376
9428,26,26290,26420,Saint-Agnan-en-Vercors,saint agnan en vercors,44.881448680556,5.4235904166667
9429,26,26291,26150,Saint-Andéol,saint andeol,44.806514819277,5.2627213253012
9430,26,26292,26170,Saint-Auban-sur-l'Ouvèze,saint auban sur l ouveze,44.299084336283,5.4340000884956
9431,26,26293,26330,Saint-Avit,saint avit,45.199484453782,4.9673236134454
9432,26,26294,26260,Saint-Bardoux,saint bardoux,45.08716969697,4.9888361616162
9433,26,26295,26240,Saint-Barthélemy-de-Vals,saint barthelemy de vals,45.16979585034,4.8651212244898
9434,26,26296,26340,Saint-Benoit-en-Diois,saint benoit en diois,44.656028235294,5.2678548039216
9435,26,26297,26350,Saint-Bonnet-de-Valclérieux,saint bonnet de valclerieux,45.194370930233,5.1500608139535
9436,26,26298,26350,Saint-Christophe-et-le-Laris,saint christophe et le laris,45.216185063291,5.0719
9437,26,26299,26150,Sainte-Croix,sainte croix,44.77081059322,5.2841361016949
9438,26,26300,26310,Saint-Dizier-en-Diois,saint dizier en diois,44.51190728972,5.4811459813084
9439,26,26301,26260,Saint-Donat-sur-l'Herbasse,saint donat sur l herbasse,45.126368120805,4.9845908053691
9440,26,26302,26190,Sainte-Eulalie-en-Royans,sainte eulalie en royans,45.043904226804,5.3453846391753
9441,26,26303,26170,Sainte-Euphémie-sur-Ouvèze,sainte euphemie sur ouveze,44.298565945946,5.3960554954955
9442,26,26304,26110,Saint-Ferréol-Trente-Pas,saint ferreol trente pas,44.44170122449,5.2244361904762
9443,26,26305,26160,Saint-Gervais-sur-Roubion,saint gervais sur roubion,44.57899009009,4.8939381081081
9444,26,26306,26110,Sainte-Jalle,sainte jalle,44.334624871795,5.275667008547
9445,26,26307,26190,Saint-Jean-en-Royans,saint jean en royans,45.01231699115,5.2874565486726
9446,26,26308,26150,Saint-Julien-en-Quint,saint julien en quint,44.866028901099,5.3001691208791
9447,26,26309,26420,Saint-Julien-en-Vercors,saint julien en vercors,45.057884526316,5.4348095789474
9448,26,26310,26350,Saint-Laurent-d'Onay,saint laurent d onay,45.180164408602,5.1130487096774
9449,26,26311,26190,Saint-Laurent-en-Royans,saint laurent en royans,45.014360714286,5.33835125
9450,26,26312,26740,Saint-Marcel-lès-Sauzet,saint marcel les sauzet,44.601478780488,4.8029392682927
9451,26,26313,26320,Saint-Marcel-lès-Valence,saint marcel les valence,44.972470434783,4.9445207608696
9452,26,26314,26330,Saint-Martin-d'Août,saint martin d aout,45.221003595506,4.9889597752809
9453,26,26315,26420,Saint-Martin-en-Vercors,saint martin en vercors,45.018878585859,5.4375841414141
9454,26,26316,26190,Saint-Martin-le-Colonel,saint martin le colonel,44.984772941176,5.2743321568627
9455,26,26317,26110,Saint-Maurice-sur-Eygues,saint maurice sur eygues,44.307190684932,5.0033828767123
9456,26,26318,26510,Saint-May,saint may,44.4283935,5.32657825
9457,26,26319,26750,Saint-Michel-sur-Savasse,saint michel sur savasse,45.146764260355,5.1229532544379
9458,26,26320,26190,Saint-Nazaire-en-Royans,saint nazaire en royans,45.057612533333,5.2448982666667
9459,26,26321,26340,Saint-Nazaire-le-Désert,saint nazaire le desert,44.55828509434,5.2759431603774
9460,26,26322,26770,Saint-Pantaléon-les-Vignes,saint pantaleon les vignes,44.391850117647,5.0428091764706
9461,26,26323,26750,Saint-Paul-lès-Romans,saint paul les romans,45.056142702703,5.1269297297297
9462,26,26324,26130,Saint-Paul-Trois-Châteaux,saint paul trois chateaux,44.350294206349,4.7605636507936
9463,26,26325,26140,Saint-Rambert-d'Albon,saint rambert d albon,45.290477857143,4.8272085714286
9464,26,26326,26130,Saint-Restitut,saint restitut,44.3314866,4.7957015
9465,26,26327,26410,Saint-Roman,saint roman,44.689346352941,5.4307717647059
9466,26,26328,26340,Saint-Sauveur-en-Diois,saint sauveur en diois,44.678211530612,5.1662471428571
9467,26,26329,26110,Saint-Sauveur-Gouvernet,saint sauveur gouvernet,44.330563012048,5.3689627710843
9468,26,26330,26210,Saint-Sorlin-en-Valloire,saint sorlin en valloire,45.271792598425,4.966712519685
9469,26,26331,26190,Saint-Thomas-en-Royans,saint thomas en royans,45.049085744681,5.2920922340426
9470,26,26332,26240,Saint-Uze,saint uze,45.184081880342,4.8620642735043
9471,26,26333,26240,Saint-Vallier,saint vallier,45.175975531915,4.8218853191489
9472,26,26334,26160,Salettes,salettes,44.568928979592,4.9659871428571
9473,26,26335,26770,Salles-sous-Bois,salles sous bois,44.467152752294,4.9375820183486
9474,26,26336,26400,Saou,saou,44.64671952381,5.1310394761905
9475,26,26337,26270,Saulce-sur-Rhône,saulce sur rhone,44.703557272727,4.7960470454545
9476,26,26338,26740,Sauzet,sauzet,44.589912384106,4.8259686092715
9477,26,26339,26740,Savasse,savasse,44.609420344828,4.7834077931034
9478,26,26340,26560,Séderon,sederon,44.200785609756,5.5584755284553
9479,26,26341,26600,Serves-sur-Rhône,serves sur rhone,45.141528125,4.836464125
9480,26,26342,26130,Solérieux,solerieux,44.345804821429,4.8249816071429
9481,26,26343,26160,Souspierre,souspierre,44.538968135593,4.9670755932203
9482,26,26344,26400,Soyans,soyans,44.641152011173,5.0223665921788
9483,26,26345,26790,Suze-la-Rousse,suze la rousse,44.29866109375,4.851316484375
9484,26,26346,26400,Suze,suze,44.7564621,5.1036211
9485,26,26347,26600,Tain-l'Hermitage,tain l hermitage,45.071861343284,4.8534080597015
9486,26,26348,26770,Taulignan,taulignan,44.453386758242,4.9781543956044
9487,26,26349,26390,Tersanne,tersanne,45.216597328244,5.0135911450382
9488,26,26350,26220,Teyssières,teyssieres,44.459307933333,5.1510078666667
9489,26,26351,26460,Les Tonils,les tonils,44.583088307692,5.2109035384615
9490,26,26352,26160,La Touche,la touche,44.524313,4.884734
9491,26,26353,26740,Les Tourrettes,les tourrettes,44.663260571429,4.8060238571429
9492,26,26354,26410,Treschenu-Creyers,treschenu creyers,44.736323404255,5.5443182712766
9493,26,26355,26750,Triors,triors,45.099913188406,5.110448115942
9494,26,26356,26460,Truinas,truinas,44.576596923077,5.0813934615385
9495,26,26357,26790,Tulette,tulette,44.285644736842,4.9337381052632
9496,26,26358,26120,Upie,upie,44.792173589744,4.9729755128205
9497,26,26359,26150,Vachères-en-Quint,vacheres en quint,44.784058157895,5.2533676315789
9498,26,26360,26230,Valaurie,valaurie,44.416254310345,4.8083781034483
9499,26,26361,26310,Valdrôme,valdrome,44.498565976331,5.5699946153846
9500,26,26362,26000,Valence,valence,44.929732698413,4.9230150793651
9501,26,26363,26110,Valouse,valouse,44.459016231884,5.1899243478261
9502,26,26364,26420,Vassieux-en-Vercors,vassieux en vercors,44.878218695652,5.3762941304348
9503,26,26365,26400,Vaunaveys-la-Rochette,vaunaveys la rochette,44.776505123967,5.033617107438
9504,26,26367,26110,Venterol,venterol,44.395240634921,5.0951841269841
9505,26,26368,26340,Vercheny,vercheny,44.717464698795,5.2442060240964
9506,26,26369,26510,Verclause,verclause,44.392447807487,5.4011862566845
9507,26,26370,26170,Vercoiran,vercoiran,44.291243722628,5.3534183941606
9508,26,26371,26340,Véronne,veronne,44.738594344828,5.2068343448276
9509,26,26372,26560,Vers-sur-Méouge,vers sur meouge,44.23120442623,5.5571177868853
9510,26,26373,26220,Vesc,vesc,44.513259834711,5.1515688842975
9511,26,26374,5700,Villebois-les-Pins,villebois les pins,44.318731138211,5.6018983739837
9512,26,26375,26560,Villefranche-le-Château,villefranche le chateau,44.2170361,5.5108563
9513,26,26376,26510,Villeperdrix,villeperdrix,44.447236484849,5.2958216363636
9514,26,26377,26110,Vinsobres,vinsobres,44.340367710843,5.0542641566265
9515,26,26378,26470,Volvent,volvent,44.565378767123,5.3449894520548
9516,26,26379,26600,Granges-les-Beaumont,granges les beaumont,45.047734385965,4.9734785964912
9517,26,26380,26600,Gervans,gervans,45.109461188119,4.8352335643564
9518,26,26381,26300,Jaillans,jaillans,45.03128974359,5.1638800854701
9519,26,26382,26300,Saint-Vincent-la-Commanderie,saint vincent la commanderie,44.933926548673,5.1276926548673
