,,,,-EURE-ET-LOIRE,,,
10133,28,28001,28410,Abondant,abondant,48.801107754011,1.4142903743316
10134,28,28002,28310,Allaines-Mervilliers,allaines mervilliers,48.18843,1.8271388764045
10135,28,28003,28500,Allainville,allainville,48.721983018868,1.294850754717
10136,28,28004,28150,Allonnes,allonnes,48.331791388889,1.6491936111111
10137,28,28005,28800,Alluyes,alluyes,48.22753615942,1.362684057971
10138,28,28006,28300,Amilly,amilly,48.443413414634,1.4048169512195
10139,28,28007,28260,Anet,anet,48.852263663366,1.4431148514851
10140,28,28008,28170,Ardelles,ardelles,48.546143896104,1.1786932467533
10141,28,28009,28700,Ardelu,ardelu,48.356703529412,1.9178185294118
10142,28,28010,28480,Argenvilliers,argenvilliers,48.274324591837,0.96734326530612
10143,28,28012,28220,Commune nouvelle d'Arrou,commune nouvelle d arrou,48.0141712,1.2404436
10144,28,28012,28290,Commune nouvelle d'Arrou,commune nouvelle d arrou,48.097701,1.1228689
10145,28,28013,28700,Aunay-sous-Auneau,aunay sous auneau,48.440904742268,1.8178241237113
10146,28,28014,28500,Aunay-sous-Crécy,aunay sous crecy,48.65751525641,1.3033535897436
10147,28,28015,28700,Auneau-Bleury-Saint-Symphorien,auneau bleury saint symphorien,48.493759489796,1.759039744898
10148,28,28016,28330,Les Autels-Villevillon,les autels villevillon,48.176973228346,1.0025571653543
10149,28,28018,28330,Authon-du-Perche,authon du perche,48.202193977901,0.88969132596685
10150,28,28019,28140,Baigneaux,baigneaux,48.127642580645,1.8190474193548
10151,28,28021,28120,Bailleau-le-Pin,bailleau le pin,48.356963645833,1.3238985416667
10152,28,28022,28300,Bailleau-l'Évêque,bailleau l eveque,48.488274967742,1.388682
10153,28,28023,28320,Bailleau-Armenonville,bailleau armenonville,48.526825454545,1.6415802840909
10154,28,28024,28630,Barjouville,barjouville,48.4020794,1.4777356
10155,28,28025,28310,Barmainville,barmainville,48.255875384615,1.9574074358974
10156,28,28026,28310,Baudreville,baudreville,48.325575098039,1.8903460784314
10157,28,28027,28330,La Bazoche-Gouet,la bazoche gouet,48.136251415929,0.96280365781711
10158,28,28028,28140,Bazoches-en-Dunois,bazoches en dunois,48.0943571,1.5763088
10159,28,28029,28140,Bazoches-les-Hautes,bazoches les hautes,48.164514516129,1.8155415053763
10160,28,28030,28270,Beauche,beauche,48.678193333333,0.97501150537634
10161,28,28031,28480,Beaumont-les-Autels,beaumont les autels,48.240066208791,0.95543774725275
10162,28,28032,28150,Beauvilliers,beauvilliers,48.300033142857,1.6558995714286
10163,28,28033,28240,Belhomert-Guéhouville,belhomert guehouville,48.501857037037,1.0457844444444
10164,28,28034,28300,Berchères-Saint-Germain,bercheres saint germain,48.53497062069,1.4540707586207
10165,28,28035,28630,Berchères-les-Pierres,bercheres les pierres,48.370082580645,1.5498403225806
10166,28,28036,28260,Berchères-sur-Vesgre,bercheres sur vesgre,48.844415783133,1.5536379518072
10167,28,28037,28270,Bérou-la-Mulotière,berou la mulotiere,48.742766013986,1.0778867132867
10168,28,28038,28330,Béthonvilliers,bethonvilliers,48.231594,0.89921748148148
10169,28,28039,28700,Béville-le-Comte,beville le comte,48.443275508475,1.7077362711864
10170,28,28040,28190,Billancelles,billancelles,48.490204642857,1.2155111904762
10171,28,28041,28120,Blandainville,blandainville,48.310970618557,1.2893874226804
10172,28,28045,28500,Boissy-en-Drouais,boissy en drouais,48.728447424242,1.2474433333333
10173,28,28046,28340,Boissy-lès-Perche,boissy les perche,48.678519717514,0.90062344632768
10174,28,28047,28150,Boisville-la-Saint-Père,boisville la saint pere,48.331475185185,1.7031403703704
10175,28,28048,28360,La Bourdinière-Saint-Loup,la bourdiniere saint loup,48.316588072289,1.4307263855422
10176,28,28049,28150,Boncé,bonce,48.306415,1.5140946969697
10177,28,28050,28260,Boncourt,boncourt,48.845863647059,1.4615042352941
10178,28,28051,28800,Bonneval,bonneval,48.180338447205,1.3853419875776
10179,28,28052,28130,Bouglainval,bouglainval,48.56148127451,1.5066893137255
10180,28,28053,28170,Le Boullay-les-Deux-Églises,le boullay les deux eglises,48.630690747664,1.3215346728972
10181,28,28054,28210,Le Boullay-Mivoye,le boullay mivoye,48.657761607143,1.4057619642857
10182,28,28055,28210,Le Boullay-Thierry,le boullay thierry,48.635733157895,1.4382057894737
10183,28,28056,28410,Boutigny-Prouais,boutigny prouais,48.737239794521,1.5688080136986
10184,28,28057,28800,Bouville,bouville,48.262547934783,1.3818348913043
10185,28,28058,28210,Bréchamps,brechamps,48.670881981132,1.5236558490566
10186,28,28059,28270,Brezolles,brezolles,48.689069137931,1.0633093965517
10187,28,28060,28300,Briconville,briconville,48.512897391304,1.3888472463768
10188,28,28061,28160,Brou,brou,48.217005447761,1.1534447761194
10189,28,28062,28410,Broué,broue,48.749894722222,1.5283075
10190,28,28063,28400,Brunelles,brunelles,48.32615286385,0.90852018779343
10191,28,28064,28410,Bû,bu,48.805159013158,1.4854138815789
10192,28,28065,28800,Bullainville,bullainville,48.170889302326,1.5070637209302
10193,28,28067,28120,Cernay,cernay,48.383495901639,1.2300850819672
10194,28,28068,28300,Challet,challet,48.551533962264,1.4242528301887
10195,28,28070,28300,Champhol,champhol,48.470108166667,1.5072375
10196,28,28071,28240,Champrond-en-Gâtine,champrond en gatine,48.401232107438,1.0787259504132
10197,28,28072,28400,Champrond-en-Perchet,champrond en perchet,48.306631901408,0.89604830985916
10198,28,28073,28700,Champseru,champseru,48.494661944444,1.6510888888889
10199,28,28074,28700,La Chapelle-d'Aunainville,la chapelle d aunainville,48.415507681159,1.8034514492754
10200,28,28075,28200,La Chapelle-du-Noyer,la chapelle du noyer,48.043145662651,1.3129772289157
10201,28,28076,28500,La Chapelle-Forainvilliers,la chapelle forainvilliers,48.727296333333,1.4904211666667
10202,28,28077,28340,La Chapelle-Fortin,la chapelle fortin,48.643525652174,0.86200630434783
10203,28,28078,28330,Chapelle-Guillaume,chapelle guillaume,48.122635271739,0.91736347826087
10204,28,28079,28290,Chapelle-Royale,chapelle royale,48.150631089109,1.0422541584158
10205,28,28080,28330,Charbonnières,charbonnieres,48.188516861314,0.94639715328467
10206,28,28081,28120,Charonville,charonville,48.2812296875,1.30845046875
10207,28,28082,28500,Charpont,charpont,48.695796016949,1.4306468644068
10208,28,28084,28130,Chartainvilliers,chartainvilliers,48.542401842105,1.5518490789474
10209,28,28085,28000,Chartres,chartres,48.448704146341,1.4996895121951
10210,28,28086,28480,Chassant,chassant,48.29295483871,1.0670198924731
10211,28,28087,28270,Châtaincourt,chataincourt,48.694675934066,1.2379617582418
10212,28,28088,28200,Châteaudun,chateaudun,48.07892275,1.3171736875
10213,28,28089,28170,Châteauneuf-en-Thymerais,chateauneuf en thymerais,48.584746774194,1.2427077419355
10214,28,28090,28270,Les Châtelets,les chatelets,48.657450434783,1.017597826087
10215,28,28091,28120,Les Châtelliers-Notre-Dame,les chatelliers notre dame,48.348659809524,1.2106128571429
10216,28,28092,28700,Châtenay,chatenay,48.355839761905,1.8888573809524
10217,28,28094,28210,Chaudon,chaudon,48.659016226415,1.4969745283019
10218,28,28095,28120,Chauffours,chauffours,48.394759310345,1.3374793103448
10219,28,28096,28260,La Chaussée-d'Ivry,la chaussee d ivry,48.891433176471,1.4807555294118
10220,28,28098,28500,Cherisy,cherisy,48.75687164557,1.4233043037975
10221,28,28099,28190,Chuisnes,chuisnes,48.438813716814,1.1907174336283
10222,28,28100,28300,Cintray,cintray,48.445180222222,1.3655793333333
10223,28,28102,28300,Clévilliers,clevilliers,48.550273513514,1.383082027027
10224,28,28103,28220,Cloyes-les-Trois-Rivières,cloyes les trois rivieres,48.00319475162,1.2966255291577
10225,28,28104,28300,Coltainville,coltainville,48.497106470588,1.5959208823529
10226,28,28105,28480,Combres,combres,48.334972565445,1.0621267539267
10227,28,28106,28200,Conie-Molitard,conie molitard,48.115039052632,1.4424137894737
10228,28,28107,28630,Corancez,corancez,48.368822682927,1.5112465853658
10229,28,28108,28140,Cormainville,cormainville,48.129113222222,1.5956041111111
10230,28,28109,28240,Les Corvées-les-Yys,les corvees les yys,48.366392822581,1.1522414516129
10231,28,28110,28630,Le Coudray,le coudray,48.419403793103,1.5006982758621
10232,28,28111,28330,Coudray-au-Perche,coudray au perche,48.237391393939,0.85935933333333
10233,28,28112,28400,Coudreceau,coudreceau,48.348829794872,0.92282753846154
10234,28,28113,28210,Coulombs,coulombs,48.655316441718,1.5474721472393
10235,28,28114,28140,Courbehaye,courbehaye,48.146553149606,1.6097945669291
10236,28,28116,28190,Courville-sur-Eure,courville sur eure,48.452611428571,1.2484622077922
10237,28,28117,28500,Crécy-Couvé,crecy couve,48.674563728814,1.2842671186441
10238,28,28118,28210,Croisilles,croisilles,48.68878877193,1.5031231578947
10239,28,28119,28480,La Croix-du-Perche,la croix du perche,48.280227864078,1.0443184466019
10240,28,28120,28270,Crucey-Villages,crucey villages,48.66915203125,1.1090128125
10241,28,28121,28140,Dambron,dambron,48.11807452381,1.865814047619
10242,28,28122,28360,Dammarie,dammarie,48.336449389313,1.5001501526718
10243,28,28123,28160,Dampierre-sous-Brou,dampierre sous brou,48.22367,1.1155162857143
10244,28,28124,28350,Dampierre-sur-Avre,dampierre sur avre,48.758733121019,1.1403478343949
10245,28,28126,28800,Dancy,dancy,48.15565125,1.4612885416667
10246,28,28127,28160,Dangeau,dangeau,48.213931660377,1.2712237358491
10247,28,28128,28190,Dangers,dangers,48.506555373134,1.3517488059701
10248,28,28129,28700,Denonville,denonville,48.392139444444,1.8011172222222
10249,28,28130,28250,Digny,digny,48.53047299435,1.1352380225989
10250,28,28132,28200,Donnemain-Saint-Mamès,donnemain saint mames,48.101340485437,1.3680749514563
10251,28,28134,28100,Dreux,dreux,48.748427352941,1.3584160588235
10252,28,28135,28230,Droue-sur-Drouette,droue sur drouette,48.605879268293,1.700535
10253,28,28136,28500,Écluzelles,ecluzelles,48.708144193548,1.4249837096774
10254,28,28137,28320,Écrosnes,ecrosnes,48.555427674419,1.7354415116279
10255,28,28139,28120,Épeautrolles,epeautrolles,48.31280527027,1.33131
10256,28,28140,28230,Épernon,epernon,48.601979160839,1.6809802097902
10257,28,28141,28120,Ermenonville-la-Grande,ermenonville la grande,48.333903650794,1.3818080952381
10258,28,28142,28120,Ermenonville-la-Petite,ermenonville la petite,48.290689016393,1.3480801639344
10259,28,28143,28270,Escorpain,escorpain,48.723036111111,1.2130666666667
10260,28,28144,28330,Les Étilleux,les etilleux,48.247516058394,0.81627299270073
10261,28,28146,28210,Faverolles,faverolles,48.679019705882,1.5857483823529
10262,28,28147,28170,Favières,favieres,48.533880337079,1.2248501123596
10263,28,28148,28190,Le Favril,le favril,48.457216923077,1.1165944230769
10264,28,28149,28340,La Ferté-Vidame,la ferte vidame,48.60368,0.89000494208494
10265,28,28151,28270,Fessanvilliers-Mattanvilliers,fessanvilliers mattanvilliers,48.70425625,1.0348601666667
10266,28,28153,28800,Flacey,flacey,48.152869268293,1.3319241463415
10267,28,28154,28190,Fontaine-la-Guyon,fontaine la guyon,48.476878113208,1.2955404716981
10268,28,28155,28170,Fontaine-les-Ribouts,fontaine les ribouts,48.652574571429,1.2507378571429
10269,28,28156,28240,Fontaine-Simon,fontaine simon,48.508199953917,0.99587599078341
10270,28,28157,28140,Fontenay-sur-Conie,fontenay sur conie,48.164858072289,1.6808246987952
10271,28,28158,28630,Fontenay-sur-Eure,fontenay sur eure,48.403023589744,1.4167092307692
10272,28,28159,28250,La Framboisière,la framboisiere,48.5964602,1.0154824
10273,28,28160,28700,Francourville,francourville,48.403209148936,1.6711936170213
10274,28,28161,28160,Frazé,fraze,48.25988539267,1.0990212041885
10275,28,28162,28360,Fresnay-le-Comte,fresnay le comte,48.304422592593,1.4812250617284
10276,28,28163,28300,Fresnay-le-Gilmert,fresnay le gilmert,48.516658301887,1.4165071698113
10277,28,28164,28310,Fresnay-l'Évêque,fresnay l eveque,48.259673119266,1.8250133027523
10278,28,28165,28480,Frétigny,fretigny,48.363246378601,1.0057162139918
10279,28,28166,28240,Friaize,friaize,48.431114083333,1.1168344166667
10280,28,28167,28190,Fruncé,frunce,48.407554594595,1.1980304504504
10281,28,28168,28320,Gallardon,gallardon,48.529013958333,1.6883321875
10282,28,28169,28700,Garancières-en-Beauce,garancieres en beauce,48.434492891566,1.918791686747
10283,28,28170,28500,Garancières-en-Drouais,garancieres en drouais,48.701061964286,1.2857633928571
10284,28,28171,28500,Garnay,garnay,48.697917403846,1.3378518269231
10285,28,28172,28320,Gas,gas,48.563134660194,1.6592581553398
10286,28,28173,28300,Gasville-Oisème,gasville oiseme,48.47138377551,1.5508119387755
10287,28,28175,28400,La Gaudaine,la gaudaine,48.297573565217,0.9494712173913
10288,28,28176,28800,Le Gault-Saint-Denis,le gault saint denis,48.250793061224,1.472241122449
10289,28,28177,28630,Gellainville,gellainville,48.414221234568,1.5391619753086
10290,28,28178,28500,Germainville,germainville,48.744607636364,1.4741065454545
10291,28,28180,28260,Gilles,gilles,48.910732372881,1.5224111864407
10292,28,28182,28160,Gohory,gohory,48.164679393939,1.2139261616162
10293,28,28183,28310,Gommerville,gommerville,48.345841,1.944657
10294,28,28183,28700,Gommerville,gommerville,48.345841,1.944657
10295,28,28184,28310,Gouillons,gouillons,48.343404054054,1.8417794594595
10296,28,28185,28410,Goussainville,goussainville,48.784052396694,1.5639452892562
10297,28,28187,28260,Guainville,guainville,48.920167126437,1.4814374712644
10298,28,28188,28700,Le Gué-de-Longroi,le gue de longroi,48.492457865169,1.7126793258427
10299,28,28189,28310,Guilleville,guilleville,48.22612,1.8036744642857
10300,28,28190,28140,Guillonville,guillonville,48.086210366972,1.6467546788991
10301,28,28191,28130,Hanches,hanches,48.601210780142,1.6502685815603
10302,28,28192,28480,Happonvilliers,happonvilliers,48.333007437186,1.1004568844221
10303,28,28193,28410,Havelu,havelu,48.786349047619,1.5362140476191
10304,28,28194,28700,Houville-la-Branche,houville la branche,48.442553918919,1.6363764864865
10305,28,28195,28130,Houx,houx,48.565025342466,1.6203406849315
10306,28,28196,28120,Illiers-Combray,illiers combray,48.305437849057,1.2175160754717
10307,28,28197,28310,Intréville,intreville,48.300361627907,1.9391030232558
10308,28,28198,28200,Jallans,jallans,48.077005925926,1.3841064814815
10309,28,28199,28310,Janville,janville,48.20145295082,1.8879416393443
10310,28,28200,28250,Jaudrais,jaudrais,48.573127349398,1.122984939759
10311,28,28201,28300,Jouy,jouy,48.516077058824,1.5509950588235
10312,28,28202,28340,Lamblore,lamblore,48.624452839506,0.91478135802469
10313,28,28203,28190,Landelles,landelles,48.463224954128,1.1953639449541
10314,28,28205,28200,Lanneray,lanneray,48.083118502674,1.2240411229946
10315,28,28206,28270,Laons,laons,48.703780752688,1.1837804301075
10316,28,28207,28700,Léthuin,lethuin,48.374196451613,1.858125483871
10317,28,28208,28700,Levainville,levainville,48.488645694444,1.7425581944444
10318,28,28209,28300,Lèves,leves,48.476011358025,1.4743298765432
10319,28,28210,28310,Levesville-la-Chenard,levesville la chenard,48.301442916667,1.829186875
10320,28,28211,28200,Logron,logron,48.13947975,1.2542325
10321,28,28212,28140,Loigny-la-Bataille,loigny la bataille,48.129907472527,1.723580989011
10322,28,28213,28210,Lormaye,lormaye,48.638742077922,1.5433071428571
10323,28,28214,28240,La Loupe,la loupe,48.473920413223,1.0205701652893
10324,28,28215,28150,Louville-la-Chenard,louville la chenard,48.328404150943,1.7991864150943
10325,28,28216,28500,Louvilliers-en-Drouais,louvilliers en drouais,48.7329215625,1.2842259375
10326,28,28217,28250,Louvilliers-lès-Perche,louvilliers les perche,48.616463368421,1.0668311578947
10327,28,28218,28110,Lucé,luce,48.436171875,1.4516483333333
10328,28,28219,28480,Luigny,luigny,48.234523571429,1.0273125714286
10329,28,28220,28600,Luisant,luisant,48.425116216216,1.4747762162162
10330,28,28221,28140,Lumeau,lumeau,48.103665227273,1.7874163636364
10331,28,28222,28360,Luplanté,luplante,48.297155113636,1.3835635227273
10332,28,28223,28500,Luray,luray,48.717713584906,1.3979194339623
10333,28,28225,28120,Magny,magny,48.342702842105,1.2685667368421
10334,28,28226,28170,Maillebois,maillebois,48.631748125,1.1576507589286
10335,28,28227,28130,Maintenon,maintenon,48.580406724138,1.5798052586207
10336,28,28229,28300,Mainvilliers,mainvilliers,48.463362473118,1.4471837634409
10337,28,28230,28700,Maisons,maisons,48.408034444444,1.8370498148148
10338,28,28231,28270,La Mancelière,la manceliere,48.640965142857,0.98774385714286
10339,28,28232,28240,Manou,manou,48.533386901408,0.96182169014084
10340,28,28233,28200,Marboué,marboue,48.121209555556,1.3045877037037
10341,28,28234,28120,Marchéville,marcheville,48.363377454545,1.2356257272727
10342,28,28235,28410,Marchezais,marchezais,48.7756052,1.5128224
10343,28,28236,28400,Margon,margon,48.339289589744,0.84932764102564
10344,28,28237,28400,Marolles-les-Buis,marolles les buis,48.36647611399,0.93795730569948
10345,28,28239,28500,Marville-Moutiers-Brûlé,marville moutiers brule,48.677806363636,1.3796268181818
10346,28,28240,28240,Meaucé,meauce,48.483625153374,0.98500036809816
10347,28,28242,28120,Méréglise,mereglise,48.292624893617,1.1868374468085
10348,28,28243,28310,Mérouville,merouville,48.30175787234,1.9013185106383
10349,28,28245,28120,Meslay-le-Grenet,meslay le grenet,48.372859365079,1.390206984127
10350,28,28246,28360,Meslay-le-Vidame,meslay le vidame,48.277321020408,1.4825167346939
10351,28,28247,28260,Le Mesnil-Simon,le mesnil simon,48.890838780488,1.5407701219512
10352,28,28248,28250,Le Mesnil-Thomas,le mesnil thomas,48.589805840708,1.0882938938053
10353,28,28249,28130,Mévoisins,mevoisins,48.554455,1.5969258928571
10354,28,28251,28500,Mézières-en-Drouais,mezieres en drouais,48.725203037975,1.4391572151899
10355,28,28252,28480,Miermaigne,miermaigne,48.245310909091,0.99781247933884
10356,28,28253,28630,Mignières,mignieres,48.365485147059,1.4279388235294
10357,28,28254,28190,Mittainvilliers-Vérigny,mittainvilliers verigny,48.508645065789,1.3226028947368
10358,28,28255,28700,Moinville-la-Jeulin,moinville la jeulin,48.378809722222,1.6977038888889
10359,28,28256,28200,Moléans,moleans,48.118725779817,1.3957335779816
10360,28,28257,28700,Mondonville-Saint-Jean,mondonville saint jean,48.363080434783,1.8237882608696
10361,28,28259,28800,Montboissier,montboissier,48.225757304348,1.4084223478261
10362,28,28260,28800,Montharville,montharville,48.177283968254,1.3270373015873
10363,28,28261,28120,Montigny-le-Chartif,montigny le chartif,48.293294972973,1.1259736756757
10364,28,28263,28270,Montigny-sur-Avre,montigny sur avre,48.722386868687,1.0169894949495
10365,28,28264,28240,Montireau,montireau,48.413053423423,1.0327702702703
10366,28,28265,28240,Montlandon,montlandon,48.390778536585,1.0222408536585
10367,28,28267,28500,Montreuil,montreuil,48.777852396694,1.3791876033058
10368,28,28268,28700,Morainville,morainville,48.379983225806,1.8331377419355
10369,28,28269,28630,Morancez,morancez,48.398900985915,1.497671971831
10370,28,28270,28800,Moriers,moriers,48.220261162791,1.4430465116279
10371,28,28271,28340,Morvilliers,morvilliers,48.652582164948,0.94575855670103
10372,28,28272,28160,Mottereau,mottereau,48.253460540541,1.1648621621622
10373,28,28273,28160,Moulhard,moulhard,48.213281678322,1.0216996503497
10374,28,28274,28150,Moutiers,moutiers,48.293390277778,1.7587802777778
10375,28,28275,28210,Néron,neron,48.593918888889,1.4983886507936
10376,28,28276,28310,Neuvy-en-Beauce,neuvy en beauce,48.275118051948,1.8737503896104
10377,28,28277,28800,Neuvy-en-Dunois,neuvy en dunois,48.203648947368,1.5393963157895
10378,28,28278,28630,Nogent-le-Phaye,nogent le phaye,48.450939338843,1.5720985950413
10379,28,28279,28210,Nogent-le-Roi,nogent le roi,48.634589530201,1.5281775838926
10380,28,28280,28400,Nogent-le-Rotrou,nogent le rotrou,48.315001898305,0.80689555932203
10381,28,28281,28120,Nogent-sur-Eure,nogent sur eure,48.390854851485,1.3846467326733
10382,28,28282,28120,Nonvilliers-Grandhoux,nonvilliers grandhoux,48.335824915254,1.1458125423729
10383,28,28283,28140,Nottonville,nottonville,48.121503307087,1.519494488189
10384,28,28284,28310,Oinville-Saint-Liphard,oinville saint liphard,48.237820786517,1.9255874157303
10385,28,28285,28700,Oinville-sous-Auneau,oinville sous auneau,48.470369784946,1.7198002150538
10386,28,28286,28120,Ollé,olle,48.387434285714,1.296818
10387,28,28287,28140,Orgères-en-Beauce,orgeres en beauce,48.143384189189,1.6770806756757
10388,28,28289,28210,Ormoy,ormoy,48.624444482759,1.4687825862069
10389,28,28290,28190,Orrouer,orrouer,48.405108611111,1.2754920833333
10390,28,28291,28150,Ouarville,ouarville,48.363244081633,1.7749128571429
10391,28,28292,28500,Ouerre,ouerre,48.708096666667,1.482853030303
10392,28,28293,28260,Oulins,oulins,48.866321960784,1.4849410784314
10393,28,28294,28700,Oysonville,oysonville,48.39195,1.9502175862069
10394,28,28296,28140,Péronville,peronville,48.0622578,1.5804739
10395,28,28298,28130,Pierres,pierres,48.592039726027,1.5602771232877
10396,28,28299,28210,Les Pinthières,les pinthieres,48.705799183673,1.5759091836735
10397,28,28300,28310,Poinville,poinville,48.177294390244,1.9029673170732
10398,28,28301,28300,Poisvilliers,poisvilliers,48.50889877551,1.4596771428571
10399,28,28302,28190,Pontgouin,pontgouin,48.491857615385,1.1420412307692
10400,28,28303,28140,Poupry,poupry,48.098080634921,1.8311244444444
10401,28,28304,28150,Prasville,prasville,48.273238148148,1.7163771604938
10402,28,28305,28800,Pré-Saint-Évroult,pre saint evroult,48.184489594595,1.4534987837838
10403,28,28306,28800,Pré-Saint-Martin,pre saint martin,48.221771111111,1.4652162962963
10404,28,28308,28270,Prudemanche,prudemanche,48.72402,1.1316306306306
10405,28,28309,28360,Prunay-le-Gillon,prunay le gillon,48.363059054054,1.6285439189189
10406,28,28310,28250,La Puisaye,la puisaye,48.610491652174,0.96543043478261
10407,28,28311,28310,Le Puiset,le puiset,48.214476393443,1.8637262295082
10408,28,28312,28170,Puiseux,puiseux,48.639000555556,1.3683136111111
10409,28,28313,28150,Réclainville,reclainville,48.336726666667,1.7353755555556
10410,28,28314,28340,Les Ressuintes,les ressuintes,48.594937794118,0.92918897058824
10411,28,28315,28270,Revercourt,revercourt,48.722943815789,1.0819664473684
10412,28,28316,28340,Rohaire,rohaire,48.667754705882,0.84240752941176
10413,28,28317,28700,Roinville,roinville,48.444476842105,1.7542786842105
10414,28,28319,28310,Rouvray-Saint-Denis,rouvray saint denis,48.279074285714,1.9493226530612
10415,28,28321,28260,Rouvres,rouvres,48.831488285714,1.4836945
10416,28,28322,28270,Rueil-la-Gadelière,rueil la gadeliere,48.705180155039,0.96443046511628
10417,28,28323,28170,Saint-Ange-et-Torçay,saint ange et torcay,48.650690962963,1.210896
10418,28,28324,28190,Saint-Arnoult-des-Bois,saint arnoult des bois,48.493787364341,1.2610834883721
10419,28,28325,28300,Saint-Aubin-des-Bois,saint aubin des bois,48.468115714286,1.3485682352941
10420,28,28326,28120,Saint-Avit-les-Guespières,saint avit les guespieres,48.26660261194,1.2589880597015
10421,28,28327,28330,Saint-Bomer,saint bomer,48.192815806452,0.82950251612903
10422,28,28329,28200,Saint-Christophe,saint christophe,48.132534590164,1.3711878688525
10423,28,28330,28200,Villemaury,villemaury,48.052557759563,1.4673303825137
10424,28,28331,28480,Saint-Denis-d'Authou,saint denis d authou,48.332696513158,0.99595914473684
10425,28,28332,28500,Sainte-Gemme-Moronval,sainte gemme moronval,48.737757313433,1.4168814925373
10426,28,28333,28240,Saint-Denis-des-Puits,saint denis des puits,48.379799622642,1.1697073584906
10427,28,28334,28200,Saint-Denis-les-Ponts,saint denis les ponts,48.063086392405,1.2688694936709
10428,28,28335,28240,Saint-Éliph,saint eliph,48.45259503937,1.0304137795276
10429,28,28336,28120,Saint-Éman,saint eman,48.323996626506,1.2015885542169
10430,28,28337,28190,Saint-Georges-sur-Eure,saint georges sur eure,48.418043577982,1.3620142201835
10431,28,28339,28190,Saint-Germain-le-Gaillard,saint germain le gaillard,48.423068474576,1.2542484745763
10432,28,28341,28170,Saint-Jean-de-Rebervilliers,saint jean de rebervilliers,48.62218975,1.265103625
10433,28,28342,28400,Saint-Jean-Pierre-Fixte,saint jean pierre fixte,48.292983114754,0.82823983606557
10434,28,28343,28210,Saint-Laurent-la-Gâtine,saint laurent la gatine,48.690343768116,1.5384149275362
10435,28,28344,28700,Saint-Léger-des-Aubées,saint leger des aubees,48.418959753086,1.7485897530864
10436,28,28346,28270,Saint-Lubin-de-Cravant,saint lubin de cravant,48.707530120482,1.0973632530121
10437,28,28347,28410,Saint-Lubin-de-la-Haye,saint lubin de la haye,48.821181521739,1.5625084782609
10438,28,28348,28350,Saint-Lubin-des-Joncherets,saint lubin des joncherets,48.750032537313,1.1867297014925
10439,28,28349,28210,Saint-Lucien,saint lucien,48.642447,1.624338125
10440,28,28350,28190,Saint-Luperce,saint luperce,48.440489146341,1.2962017073171
10441,28,28351,28170,Saint-Maixme-Hauterive,saint maixme hauterive,48.596171858407,1.1763798230089
10442,28,28352,28130,Saint-Martin-de-Nigelles,saint martin de nigelles,48.615682717391,1.6159442391304
10443,28,28353,28800,Saint-Maur-sur-le-Loir,saint maur sur le loir,48.150669255319,1.4121055319149
10444,28,28354,28240,Saint-Maurice-Saint-Germain,saint maurice saint germain,48.494366290323,1.0806221774194
10445,28,28355,28260,Saint-Ouen-Marchefroy,saint ouen marchefroy,48.855591685393,1.529313258427
10446,28,28357,28130,Saint-Piat,saint piat,48.547880551181,1.5797274015748
10447,28,28358,28300,Saint-Prest,saint prest,48.486302242991,1.5170878504673
10448,28,28359,28380,Saint-Rémy-sur-Avre,saint remy sur avre,48.747750545455,1.2308225454546
10449,28,28360,28170,Saint-Sauveur-Marville,saint sauveur marville,48.607521129032,1.2890605645161
10450,28,28362,28240,Saint-Victor-de-Buthon,saint victor de buthon,48.400459873418,0.97619970464135
10451,28,28363,28700,Sainville,sainville,48.421213265306,1.8755144897959
10452,28,28364,28800,Sancheville,sancheville,48.181633285714,1.5841852857143
10453,28,28365,28120,Sandarville,sandarville,48.344894285714,1.3471603571429
10454,28,28366,28700,Santeuil,santeuil,48.383251081081,1.7381502702703
10455,28,28367,28310,Santilly,santilly,48.146184117647,1.8835794117647
10456,28,28368,28250,La Saucelle,la saucelle,48.632139367089,1.0302205063291
10457,28,28369,28500,Saulnières,saulnieres,48.660079811321,1.2705574528302
10458,28,28370,28800,Saumeray,saumeray,48.253475346535,1.3220876237624
10459,28,28371,28260,Saussay,saussay,48.85043,1.4130388709677
10460,28,28372,28210,Senantes,senantes,48.657493924051,1.5842643037975
10461,28,28373,28250,Senonches,senonches,48.560635904059,1.0229439114391
10462,28,28374,28170,Serazereux,serazereux,48.59195804878,1.4365014634146
10463,28,28375,28410,Serville,serville,48.770223,1.4875033333333
10464,28,28376,28330,Soizé,soize,48.170065625,0.88614767045455
10465,28,28377,28260,Sorel-Moussel,sorel moussel,48.825869315069,1.3930739041096
10466,28,28378,28400,Souancé-au-Perche,souance au perche,48.273803033175,0.82790753554502
10467,28,28379,28130,Soulaires,soulaires,48.521275176471,1.5907032941176
10468,28,28380,28630,Sours,sours,48.423487706422,1.5931576146789
10469,28,28382,28140,Terminiers,terminiers,48.083009385965,1.732493245614
10470,28,28383,28150,Theuville,theuville,48.335818,1.600995
10471,28,28383,28360,Theuville,theuville,48.335818,1.600995
10472,28,28385,28240,Le Thieulin,le thieulin,48.40487125,1.1332085833333
10473,28,28386,28170,Thimert-Gâtelles,thimert gatelles,48.554547351351,1.2614944864865
10474,28,28387,28480,Thiron-Gardais,thiron gardais,48.303408203125,1.0163640625
10475,28,28388,28630,Thivars,thivars,48.382867910448,1.4469402985075
10476,28,28389,28200,Thiville,thiville,48.010315304348,1.3623886086957
10477,28,28390,28140,Tillay-le-Péneux,tillay le peneux,48.156726,1.7633059
10478,28,28391,28310,Toury,toury,48.192472359551,1.9480268539326
10479,28,28392,28310,Trancrainville,trancrainville,48.238518194444,1.8628688888889
10480,28,28393,28170,Tremblay-les-Villages,tremblay les villages,48.58598922179,1.3822146303502
10481,28,28394,28500,Tréon,treon,48.67876,1.3256892592593
10482,28,28395,28400,Trizay-Coutretot-Saint-Serge,trizay coutretot saint serge,48.289798675497,0.87822264900662
10483,28,28396,28800,Trizay-lès-Bonneval,trizay les bonneval,48.202211428571,1.3310419047619
10484,28,28397,28700,Umpeau,umpeau,48.46843875,1.6694051785714
10485,28,28398,28160,Unverre,unverre,48.192962807571,1.0607593690852
10486,28,28400,28140,Varize,varize,48.080027564103,1.5227976923077
10487,28,28401,28240,Vaupillon,vaupillon,48.460882735043,0.96917854700855
10488,28,28403,28630,Ver-lès-Chartres,ver les chartres,48.382016329114,1.482512278481
10489,28,28404,28500,Vernouillet,vernouillet,48.721053858268,1.3487799212598
10490,28,28405,28500,Vert-en-Drouais,vert en drouais,48.751088295455,1.2974530681818
10491,28,28406,28140,Eole-en-Beauce,eole en beauce,48.1277426,1.6757036
10492,28,28406,28150,Eole-en-Beauce,eole en beauce,48.2671969,1.6622143
10493,28,28407,28480,Vichères,vicheres,48.265433580247,0.90785469135802
10494,28,28408,28700,Vierville,vierville,48.384556176471,1.9054444117647
10495,28,28409,28120,Vieuvicq,vieuvicq,48.263320762712,1.2120373728814
10496,28,28410,28200,Villampuy,villampuy,48.040557246377,1.5138756521739
10497,28,28411,28150,Villars,villars,48.230849736842,1.5453936842105
10498,28,28412,28150,Villeau,villeau,48.240862244898,1.5919967346939
10499,28,28414,28190,Villebon,villebon,48.387305483871,1.194255483871
10500,28,28415,28210,Villemeux-sur-Eure,villemeux sur eure,48.672379568966,1.4656314655172
10501,28,28417,28130,Villiers-le-Morhier,villiers le morhier,48.621637419355,1.5733868817204
10502,28,28418,28800,Villiers-Saint-Orien,villiers saint orien,48.137015773196,1.4863142268041
10503,28,28419,28360,Vitray-en-Beauce,vitray en beauce,48.275438588235,1.4213131764706
10504,28,28421,28700,Voise,voise,48.404585454545,1.7078694545455
10505,28,28422,28150,Les Villages Vovéens,les villages voveens,48.272579870968,1.5799648387097
10506,28,28423,28130,Yermenonville,yermenonville,48.552832,1.6229169
10507,28,28424,28160,Yèvres,yevres,48.187710982906,1.1959403846154
10508,28,28425,28320,Ymeray,ymeray,48.510593372093,1.7064769767442
10509,28,28426,28150,Ymonville,ymonville,48.243012884615,1.7422646153846
