,,,,-ILE-ET-VILAINE,,,
13465,35,35001,35690,Acigné,acigne,48.140328780488,-1.5160477642276
13466,35,35002,35150,Amanlis,amanlis,47.993797948718,-1.4957999487179
13467,35,35003,35250,Andouillé-Neuville,andouille neuville,48.298632477876,-1.5916746017699
13468,35,35004,35560,Antrain,antrain,48.461888387097,-1.4783464516129
13469,35,35005,35130,Arbrissel,arbrissel,47.925516585366,-1.2917989430894
13470,35,35006,35370,Argentré-du-Plessis,argentre du plessis,48.047881103679,-1.1367904682274
13471,35,35007,35250,Aubigné,aubigne,48.299616578947,-1.6316643421053
13472,35,35008,35130,Availles-sur-Seiche,availles sur seiche,47.958346833333,-1.1890265555556
13473,35,35009,35120,Baguer-Morvan,baguer morvan,48.49889725,-1.7732902
13474,35,35010,35120,Baguer-Pican,baguer pican,48.543869136364,-1.6898099545455
13475,35,35011,35460,Baillé,baille,48.361923023256,-1.3785330813954
13476,35,35012,35470,Bain-de-Bretagne,bain de bretagne,47.842604913793,-1.6690549568966
13477,35,35013,35600,Bains-sur-Oust,bains sur oust,47.716416084656,-2.0773255026455
13478,35,35014,35680,Bais,bais,48.010993601286,-1.3036826045016
13479,35,35015,35500,Balazé,balaze,48.178251577381,-1.1797440773809
13480,35,35016,35580,Baulon,baulon,47.993534189723,-1.9225679841897
13481,35,35017,35190,La Baussaine,la baussaine,48.312048909091,-1.8978345454545
13482,35,35018,35420,La Bazouge-du-Désert,la bazouge du desert,48.444450431655,-1.1019197122302
13483,35,35019,35560,Bazouges-la-Pérouse,bazouges la perouse,48.437055630499,-1.5604271260997
13484,35,35021,35133,Beaucé,beauce,48.343206217949,-1.154822051282
13485,35,35022,35190,Bécherel,becherel,48.295856,-1.9429776
13486,35,35023,35137,Bédée,bedee,48.182140865385,-1.9559643990385
13487,35,35024,35830,Betton,betton,48.181272242152,-1.6450952914798
13488,35,35025,35133,Billé,bille,48.300863011583,-1.2548991119691
13489,35,35026,35750,Bléruais,bleruais,48.115840447761,-2.1146704477612
13490,35,35027,35360,Boisgervilly,boisgervilly,48.169087121212,-2.0813555555556
13491,35,35028,35150,Boistrudan,boistrudan,47.977087956989,-1.3979410215054
13492,35,35029,35270,Bonnemain,bonnemain,48.472612026144,-1.7651759803922
13493,35,35030,35320,La Bosse-de-Bretagne,la bosse de bretagne,47.865483387097,-1.5912662096774
13494,35,35031,35340,La Bouëxière,la bouexiere,48.184704869565,-1.4331588913044
13495,35,35032,35230,Bourgbarré,bourgbarre,47.983745110132,-1.6254906167401
13496,35,35033,35890,Bourg-des-Comptes,bourg des comptes,47.924833436123,-1.7148627753304
13497,35,35034,35120,La Boussac,la boussac,48.515353583333,-1.6521589166667
13498,35,35035,35330,Bovel,bovel,47.954553581081,-1.9523238513513
13499,35,35037,35310,Bréal-sous-Montfort,breal sous montfort,48.050270784314,-1.8790861764706
13500,35,35038,35370,Bréal-sous-Vitré,breal sous vitre,48.089173664122,-1.0618106870229
13501,35,35039,35530,Brécé,brece,48.111194263566,-1.4852315503876
13502,35,35040,35160,Breteil,breteil,48.138302072072,-1.9089598198198
13503,35,35041,35150,Brie,brie,47.951492809917,-1.5498969421488
13504,35,35042,35370,Brielles,brielles,48.007301042471,-1.0948768339768
13505,35,35044,35120,Broualan,broualan,48.475575482234,-1.6595506598985
13506,35,35045,35550,Bruc-sur-Aff,bruc sur aff,47.82452797619,-2.0141003571429
13507,35,35046,35330,Les Brulais,les brulais,47.894614308943,-2.0669362601626
13508,35,35047,35170,Bruz,bruz,48.026470607287,-1.7452970040486
13509,35,35049,35260,Cancale,cancale,48.69285970684,-1.8534776872964
13510,35,35050,35190,Cardroc,cardroc,48.283974821429,-1.8947975892857
13511,35,35051,35510,Cesson-Sévigné,cesson sevigne,48.120751294118,-1.5913900392157
13512,35,35052,35500,Champeaux,champeaux,48.135757459459,-1.3009495135135
13513,35,35053,35680,Chancé,chance,48.032900387597,-1.3671670542636
13514,35,35054,35150,Chanteloup,chanteloup,47.957060630252,-1.6185
13515,35,35055,35135,Chantepie,chantepie,48.082521846154,-1.6099723589744
13516,35,35056,35190,La Chapelle-aux-Filtzméens,la chapelle aux filtzmeens,48.383305797872,-1.8218326595745
13517,35,35057,35330,La Chapelle-Bouëxic,la chapelle bouexic,47.939841167513,-1.92522035533
13518,35,35058,35630,La Chapelle-Chaussée,la chapelle chaussee,48.266533876404,-1.8642838764045
13519,35,35059,35520,La Chapelle-des-Fougeretz,la chapelle des fougeretz,48.173331386139,-1.742708019802
13520,35,35060,35360,La Chapelle du Lou du Lac,la chapelle du lou du lac,48.213687065868,-1.9951645508982
13521,35,35061,35500,La Chapelle-Erbrée,la chapelle erbree,48.140670625,-1.0941286538462
13522,35,35062,35133,La Chapelle-Janson,la chapelle janson,48.341776482412,-1.0925608542714
13523,35,35063,35140,La Chapelle-Saint-Aubert,la chapelle saint aubert,48.306426875,-1.3127690384615
13524,35,35064,35660,La Chapelle-de-Brain,la chapelle de brain,47.700701089109,-1.9303084158416
13525,35,35065,35590,La Chapelle-Thouarault,la chapelle thouarault,48.126101523179,-1.8541698675497
13526,35,35066,35131,Chartres-de-Bretagne,chartres de bretagne,48.043854748201,-1.7069196402878
13527,35,35067,35250,Chasné-sur-Illet,chasne sur illet,48.239696682464,-1.5731090995261
13528,35,35068,35220,Châteaubourg,chateaubourg,48.118147729469,-1.4047953140097
13529,35,35069,35410,Châteaugiron,chateaugiron,48.049364302326,-1.4799040116279
13530,35,35070,35430,Châteauneuf-d'Ille-et-Vilaine,chateauneuf d ille et vilaine,48.559626470588,-1.9273476470588
13531,35,35071,35133,Le Châtellier,le chatellier,48.42583027933,-1.2463312849162
13532,35,35072,35210,Châtillon-en-Vendelais,chatillon en vendelais,48.228222385321,-1.168922293578
13533,35,35075,35490,Chauvigné,chauvigne,48.374010186916,-1.4495747663551
13534,35,35076,35310,Chavagne,chavagne,48.056331478873,-1.7867795070423
13535,35,35077,35640,Chelun,chelun,47.854745801105,-1.247187679558
13536,35,35078,35120,Cherrueix,cherrueix,48.59474266129,-1.7233441935484
13537,35,35079,35250,Chevaigné,chevaigne,48.227792439024,-1.6371880487805
13538,35,35080,35310,Cintré,cintre,48.109610211268,-1.884278028169
13539,35,35081,35590,Clayes,clayes,48.176938045977,-1.8557405747126
13540,35,35082,35134,Coësmes,coesmes,47.870442230216,-1.4263716906475
13541,35,35084,35330,Comblessac,comblessac,47.876723853659,-2.0943752682927
13542,35,35085,35270,Combourg,combourg,48.405553855932,-1.7361758050848
13543,35,35086,35210,Combourtillé,combourtille,48.266026330275,-1.2703327522936
13544,35,35087,35500,Cornillé,cornille,48.088135258621,-1.3102081034483
13545,35,35088,35150,Corps-Nuds,corps nuds,47.98144748954,-1.5754062761506
13546,35,35089,35320,La Couyère,la couyere,47.891026289063,-1.49744921875
13547,35,35090,35320,Crevin,crevin,47.929219173554,-1.6625501652893
13548,35,35091,35290,Le Crouais,le crouais,48.210065675676,-2.150868018018
13549,35,35092,35270,Cuguen,cuguen,48.438870034014,-1.6578714285714
13550,35,35093,35800,Dinard,dinard,48.630611170213,-2.0553731914894
13551,35,35094,35440,Dingé,dinge,48.347734211957,-1.703428125
13552,35,35095,35120,Dol-de-Bretagne,dol de bretagne,48.534811355932,-1.7416827118644
13553,35,35096,35113,Domagné,domagne,48.064720081301,-1.409923902439
13554,35,35097,35680,Domalain,domalain,47.992418542373,-1.2479909491525
13555,35,35098,35390,La Dominelais,la dominelais,47.759997609562,-1.6824752589641
13556,35,35099,35410,Domloup,domloup,48.069926300578,-1.5435930635838
13557,35,35100,35210,Dompierre-du-Chemin,dompierre du chemin,48.267585454545,-1.1502766666667
13558,35,35101,35450,Dourdain,dourdain,48.195030173611,-1.3801544444444
13559,35,35102,35130,Drouges,drouges,47.899979502762,-1.2612772375691
13560,35,35103,35640,Eancé,eance,47.826198577406,-1.255629748954
13561,35,35104,35120,Epiniac,epiniac,48.501752798635,-1.7017064163822
13562,35,35105,35500,Erbrée,erbree,48.107820447761,-1.1197287462687
13563,35,35106,35620,Ercé-en-Lamée,erce en lamee,47.824865372671,-1.5718071118012
13564,35,35107,35340,Ercé-près-Liffré,erce pres liffre,48.25329489726,-1.5189016780822
13565,35,35108,35150,Essé,esse,47.950547771739,-1.4301676630435
13566,35,35109,35370,Étrelles,etrelles,48.075663673469,-1.2129594752187
13567,35,35110,35440,Feins,feins,48.329053184713,-1.6291266878981
13568,35,35111,35420,Le Ferré,le ferre,48.489288967136,-1.2916466197183
13569,35,35112,35133,Fleurigné,fleurigne,48.356692753623,-1.1092510628019
13570,35,35113,35560,La Fontenelle,la fontenelle,48.465612944444,-1.5057155
13571,35,35114,35640,Forges-la-Forêt,forges la foret,47.858767135135,-1.289600054054
13572,35,35115,35300,Fougères,fougeres,48.346131680672,-1.1978983193277
13573,35,35116,35111,La Fresnais,la fresnais,48.595152991453,-1.8332048717949
13574,35,35117,35290,Gaël,gael,48.11828626506,-2.2373231726908
13575,35,35118,35490,Gahard,gahard,48.279731324786,-1.5288514102564
13576,35,35119,35370,Gennes-sur-Seiche,gennes sur seiche,47.994178987013,-1.1301792727273
13577,35,35120,35850,Gévezé,geveze,48.210879317406,-1.7966520136519
13578,35,35121,35140,Gosné,gosne,48.2469192,-1.4637108
13579,35,35122,35350,La Gouesnière,la gouesniere,48.605628045113,-1.892037593985
13580,35,35123,35580,Goven,goven,48.00910419708,-1.845770109489
13581,35,35124,35390,Grand-Fougeray,grand fougeray,47.731452588556,-1.7247634332425
13582,35,35125,35130,La Guerche-de-Bretagne,la guerche de bretagne,47.944640523256,-1.2387416860465
13583,35,35126,35580,Guichen,guichen,47.959265289575,-1.7949244015444
13584,35,35127,35580,Guignen,guignen,47.938043881119,-1.8621560489511
13585,35,35128,35440,Guipel,guipel,48.288370326797,-1.7238513071895
13586,35,35130,35630,Hédé-Bazouges,hede bazouges,48.301152039474,-1.7790386842105
13587,35,35131,35590,L'Hermitage,l hermitage,48.123924328358,-1.8167197761194
13588,35,35132,35120,Hirel,hirel,48.596431369863,-1.8198299315069
13589,35,35133,35750,Iffendic,iffendic,48.122679761029,-2.0324848161765
13590,35,35134,35630,Les Iffs,les iffs,48.294649134615,-1.8662193269231
13591,35,35135,35850,Irodouër,irodouer,48.245424680851,-1.9512080851064
13592,35,35136,35150,Janzé,janze,47.9484825,-1.4931593604651
13593,35,35137,35133,Javené,javene,48.320786102236,-1.216237028754
13594,35,35138,35133,Laignelet,laignelet,48.381029473684,-1.1576485526316
13595,35,35139,35890,Laillé,laille,47.963578996283,-1.7090698513011
13596,35,35140,35320,Lalleu,lalleu,47.855412601626,-1.5134784146342
13597,35,35141,35450,Landavran,landavran,48.162894939759,-1.2865872891566
13598,35,35142,35133,Landéan,landean,48.414470956522,-1.1526255652174
13599,35,35143,35360,Landujan,landujan,48.249312906977,-2.0077473837209
13600,35,35144,35850,Langan,langan,48.23707,-1.8480642105263
13601,35,35145,35660,Langon,langon,47.735358224852,-1.8772520118343
13602,35,35146,35630,Langouet,langouet,48.253633272727,-1.8142842727273
13603,35,35147,35720,Lanhélin,lanhelin,48.455394,-1.8303495454545
13604,35,35148,35270,Lanrigan,lanrigan,48.390088602151,-1.6880333333333
13605,35,35149,35580,Lassy,lassy,47.970143588235,-1.8681177647059
13606,35,35150,35133,Lécousse,lecousse,48.357265277778,-1.21678125
13607,35,35151,35550,Lieuron,lieuron,47.852129030303,-1.9356218787879
13608,35,35152,35340,Liffré,liffre,48.210113571429,-1.4824009586466
13609,35,35153,35111,Lillemer,lillemer,48.5687575,-1.85731625
13610,35,35154,35450,Livré-sur-Changeon,livre sur changeon,48.219154075235,-1.3432592476489
13611,35,35155,35550,Lohéac,loheac,47.876810697674,-1.8898946511628
13612,35,35156,35190,Longaulnay,longaulnay,48.309141559633,-1.9371183486238
13613,35,35157,35133,Le Loroux,le loroux,48.402667809524,-1.0812508095238
13614,35,35159,35270,Lourmais,lourmais,48.441158623853,-1.7305297247706
13615,35,35160,35330,Loutehel,loutehel,47.936800731707,-2.0826772560976
13616,35,35161,35680,Louvigné-de-Bais,louvigne de bais,48.049801390728,-1.3365207284768
13617,35,35162,35420,Louvigné-du-Désert,louvigne du desert,48.482510841346,-1.1196090144231
13618,35,35163,35133,Luitré,luitre,48.292728174905,-1.1368731558935
13619,35,35164,35560,Marcillé-Raoul,marcille raoul,48.378251397059,-1.6128541176471
13620,35,35165,35240,Marcillé-Robert,marcille robert,47.95227203125,-1.35109640625
13621,35,35166,35220,Marpiré,marpire,48.145937076923,-1.3519006153846
13622,35,35167,35640,Martigné-Ferchaud,martigne ferchaud,47.834608700696,-1.328877099768
13623,35,35168,35330,Val d'Anast,val d anast,47.892308685714,-1.9924958666667
13624,35,35169,35380,Maxent,maxent,47.983719510204,-2.0188738367347
13625,35,35170,35450,Mecé,mece,48.235854976744,-1.288901627907
13626,35,35171,35360,Médréac,medreac,48.260295636364,-2.0602937818182
13627,35,35172,35270,Meillac,meillac,48.416811971831,-1.8249318591549
13628,35,35173,35520,Melesse,melesse,48.220676025105,-1.6951133054393
13629,35,35174,35420,Mellé,melle,48.486567704918,-1.1884595901639
13630,35,35175,35330,Mernel,mernel,47.899915874126,-1.9536138461538
13631,35,35176,35480,Guipry-Messac,guipry messac,47.825267527273,-1.8275022181818
13632,35,35177,35520,La Mézière,la meziere,48.211527758621,-1.7560026293103
13633,35,35178,35140,Mézières-sur-Couesnon,mezieres sur couesnon,48.296602267442,-1.4261363953488
13634,35,35179,35540,Miniac-Morvan,miniac morvan,48.516641886792,-1.8893541132075
13635,35,35180,35190,Miniac-sous-Bécherel,miniac sous becherel,48.279991288344,-1.9242924539877
13636,35,35181,35870,Le Minihic-sur-Rance,le minihic sur rance,48.575621811024,-2.0113928346457
13637,35,35183,35370,Mondevert,mondevert,48.086746633663,-1.0891743564356
13638,35,35184,35360,Montauban-de-Bretagne,montauban de bretagne,48.200310431034,-2.0563651149425
13639,35,35185,35210,Montautour,montautour,48.205202752809,-1.1161814044944
13640,35,35186,35120,Mont-Dol,mont dol,48.575028703704,-1.7580355555556
13641,35,35187,35160,Monterfil,monterfil,48.061887709091,-1.9846797454545
13642,35,35188,35160,Montfort-sur-Meu,montfort sur meu,48.127503298969,-1.9604620618557
13643,35,35189,35760,Montgermont,montgermont,48.154878674699,-1.7200006024096
13644,35,35190,35420,Monthault,monthault,48.51584863354,-1.1750218012422
13645,35,35191,35460,Les Portes du Coglais,les portes du coglais,48.447890443459,-1.3442623946785
13646,35,35192,35210,Montreuil-des-Landes,montreuil des landes,48.250928739496,-1.2250137815126
13647,35,35193,35520,Montreuil-le-Gast,montreuil le gast,48.244221192053,-1.7178054966887
13648,35,35194,35500,Montreuil-sous-Pérouse,montreuil sous perouse,48.154478661088,-1.2396544769875
13649,35,35195,35440,Montreuil-sur-Ille,montreuil sur ille,48.306909763314,-1.667073964497
13650,35,35196,35310,Mordelles,mordelles,48.086753606061,-1.8412973333333
13651,35,35197,35250,Mouazé,mouaze,48.220841807229,-1.6045140963855
13652,35,35198,35680,Moulins,moulins,48.010276489362,-1.362435212766
13653,35,35199,35130,Moussé,mousse,47.919143148148,-1.2789042592593
13654,35,35200,35130,Moutiers,moutiers,47.973459407666,-1.2084290592334
13655,35,35201,35290,Muel,muel,48.119904460784,-2.158549754902
13656,35,35202,35470,La Noë-Blanche,la noe blanche,47.788320300752,-1.7399086466165
13657,35,35203,35137,La Nouaye,la nouaye,48.166642235294,-1.9745755294118
13658,35,35204,35410,Nouvoitou,nouvoitou,48.03197532967,-1.5570886813187
13659,35,35205,35560,Noyal-sous-Bazouges,noyal sous bazouges,48.415169303483,-1.6267097512438
13660,35,35206,35230,Noyal-Châtillon-sur-Seiche,noyal chatillon sur seiche,48.051573113553,-1.6570696336996
13661,35,35207,35530,Noyal-sur-Vilaine,noyal sur vilaine,48.095265095057,-1.5063823193916
13662,35,35208,35230,Orgères,orgeres,47.984970638298,-1.6646064361702
13663,35,35210,35740,Pacé,pace,48.151383853503,-1.7822590127389
13664,35,35211,35380,Paimpont,paimpont,48.024971050584,-2.1682743190661
13665,35,35212,35320,Pancé,pance,47.884215734597,-1.6405950236967
13666,35,35214,35210,Parcé,parce,48.274412462312,-1.1942287437186
13667,35,35215,35133,Parigné,parigne,48.424764545455,-1.1931496428571
13668,35,35216,35850,Parthenay-de-Bretagne,parthenay de bretagne,48.188205806452,-1.8289585483871
13669,35,35217,35370,Le Pertre,le pertre,48.022627462687,-1.0604798258707
13670,35,35218,35320,Le Petit-Fougeray,le petit fougeray,47.928162439024,-1.6095302439024
13671,35,35219,35550,Pipriac,pipriac,47.817796040609,-1.9453203045685
13672,35,35220,35150,Piré-sur-Seiche,pire sur seiche,48.01032057377,-1.4227143442623
13673,35,35221,35470,Pléchâtel,plechatel,47.872459577465,-1.7208628638498
13674,35,35222,35610,Pleine-Fougères,pleine fougeres,48.526784246032,-1.5756427380952
13675,35,35223,35380,Plélan-le-Grand,plelan le grand,47.993847859155,-2.084400056338
13676,35,35224,35540,Plerguer,plerguer,48.526098517241,-1.8461632758621
13677,35,35225,35720,Plesder,plesder,48.416375064103,-1.9313754487179
13678,35,35226,35720,Pleugueneuc,pleugueneuc,48.396743539823,-1.8772127433628
13679,35,35227,35137,Pleumeleuc,pleumeleuc,48.180047649402,-1.8915753784861
13680,35,35228,35730,Pleurtuit,pleurtuit,48.58295859375,-2.060034375
13681,35,35229,35500,Pocé-les-Bois,poce les bois,48.113370526316,-1.2652540191388
13682,35,35230,35420,Poilley,poilley,48.466686779661,-1.2519201694915
13683,35,35231,35320,Poligné,poligne,47.902000821918,-1.6837971232877
13684,35,35232,35210,Princé,prince,48.234847835052,-1.0993206701031
13685,35,35233,35190,Québriac,quebriac,48.359341525424,-1.8139216384181
13686,35,35234,35290,Quédillac,quedillac,48.237513,-2.1491875217391
13687,35,35235,35130,Rannée,rannee,47.901445146067,-1.2364948764045
13688,35,35236,35600,Redon,redon,47.659062966102,-2.0828690677966
13689,35,35237,35660,Renac,renac,47.725559719101,-1.9805247191011
13690,35,35238,35000,Rennes,rennes,48.1173421,-1.7075198
13691,35,35238,35200,Rennes,rennes,48.0906507,-1.6654261
13692,35,35238,35700,Rennes,rennes,48.1330952,-1.648998
13693,35,35239,35240,Retiers,retiers,47.914589437751,-1.3372985943775
13694,35,35240,35650,Le Rheu,le rheu,48.10224255814,-1.7870744186047
13695,35,35241,35780,La Richardais,la richardais,48.610484942529,-2.0400273563218
13696,35,35242,35560,Rimou,rimou,48.385393026316,-1.5266707894737
13697,35,35243,35133,Romagné,romagne,48.337759616438,-1.2604874246575
13698,35,35244,35490,Romazy,romazy,48.380676044776,-1.4955562686567
13699,35,35245,35850,Romillé,romille,48.224644858156,-1.8811064184397
13700,35,35246,35120,Roz-Landrieux,roz landrieux,48.537481007752,-1.8200811627907
13701,35,35247,35610,Roz-sur-Couesnon,roz sur couesnon,48.582441478261,-1.5981133913043
13702,35,35248,35610,Sains,sains,48.55822010101,-1.5997329292929
13703,35,35249,35390,Sainte-Anne-sur-Vilaine,sainte anne sur vilaine,47.735200427807,-1.7995945989305
13704,35,35250,35230,Saint-Armel,saint armel,48.015251764706,-1.5761021568628
13705,35,35251,35250,Saint-Aubin-d'Aubigné,saint aubin d aubigne,48.254822610294,-1.5930686397059
13706,35,35252,35500,Saint-Aubin-des-Landes,saint aubin des landes,48.098925708502,-1.2937076923077
13707,35,35253,35140,Saint-Aubin-du-Cormier,saint aubin du cormier,48.261642142857,-1.425934047619
13708,35,35255,35114,Saint-Benoît-des-Ondes,saint benoit des ondes,48.61284862069,-1.8623253448276
13709,35,35256,35800,Saint-Briac-sur-Mer,saint briac sur mer,48.622312522124,-2.1351899115044
13710,35,35257,35460,Maen Roch,maen roch,48.403127336683,-1.3475896231156
13711,35,35258,35630,Saint-Brieuc-des-Iffs,saint brieuc des iffs,48.303757475728,-1.8447985436893
13712,35,35259,35120,Saint-Broladre,saint broladre,48.572689622641,-1.6618666037736
13713,35,35260,35210,Saint-Christophe-des-Bois,saint christophe des bois,48.226291640625,-1.236362578125
13714,35,35261,35140,Saint-Christophe-de-Valains,saint christophe de valains,48.342013578947,-1.4485155789474
13715,35,35262,35134,Sainte-Colombe,sainte colombe,47.891455204678,-1.458477368421
13716,35,35263,35350,Saint-Coulomb,saint coulomb,48.683644237288,-1.9308364745763
13717,35,35264,35220,Saint-Didier,saint didier,48.0928602,-1.356977
13718,35,35265,35190,Saint-Domineuc,saint domineuc,48.370205186916,-1.8700671028037
13719,35,35266,35230,Saint-Erblon,saint erblon,48.020263072917,-1.6455130729167
13720,35,35268,35550,Saint-Ganton,saint ganton,47.767491235955,-1.892212247191
13721,35,35269,35140,Saint-Georges-de-Chesné,saint georges de chesne,48.271353945578,-1.306063877551
13722,35,35270,35610,Saint-Georges-de-Gréhaigne,saint georges de grehaigne,48.572826530612,-1.5475803061225
13723,35,35271,35420,Saint-Georges-de-Reintembault,saint georges de reintembault,48.510931577381,-1.2304726488095
13724,35,35272,35370,Saint-Germain-du-Pinel,saint germain du pinel,48.004591986301,-1.1688023287671
13725,35,35273,35133,Saint-Germain-en-Coglès,saint germain en cogles,48.395573556231,-1.2653161702128
13726,35,35274,35250,Saint-Germain-sur-Ille,saint germain sur ille,48.252417051282,-1.649337948718
13727,35,35275,35590,Saint-Gilles,saint gilles,48.15300812749,-1.8504637848606
13728,35,35276,35630,Saint-Gondran,saint gondran,48.268683043478,-1.8256657971015
13729,35,35277,35750,Saint-Gonlay,saint gonlay,48.112337125748,-2.0796762874251
13730,35,35278,35760,Saint-Grégoire,saint gregoire,48.158686196319,-1.6796483435583
13731,35,35279,35430,Saint-Guinoux,saint guinoux,48.580484090909,-1.8927695454545
13732,35,35280,35140,Saint-Hilaire-des-Landes,saint hilaire des landes,48.339233843284,-1.3707699253731
13733,35,35281,35136,Saint-Jacques-de-la-Lande,saint jacques de la lande,48.074071851852,-1.7241746666667
13734,35,35282,35140,Saint-Jean-sur-Couesnon,saint jean sur couesnon,48.279404541284,-1.3706797706422
13735,35,35283,35220,Saint-Jean-sur-Vilaine,saint jean sur vilaine,48.123096787565,-1.3342273575129
13736,35,35284,35430,Saint-Jouan-des-Guérets,saint jouan des guerets,48.601694602273,-1.9678477272727
13737,35,35285,35550,Saint-Just,saint just,47.761221347518,-1.97246
13738,35,35286,35270,Saint-Léger-des-Prés,saint leger des pres,48.388140549451,-1.6582492307692
13739,35,35287,35800,Saint-Lunaire,saint lunaire,48.627823670886,-2.1008144303798
13740,35,35288,35400,Saint-Malo,saint malo,48.651968295964,-2.0027856352765
13741,35,35289,35480,Saint-Malo-de-Phily,saint malo de phily,47.866185309734,-1.8075602654867
13742,35,35290,35750,Saint-Malon-sur-Mel,saint malon sur mel,48.096692554348,-2.1048139673913
13743,35,35291,35120,Saint-Marcan,saint marcan,48.584725972222,-1.6239993055556
13744,35,35292,35460,Saint-Marc-le-Blanc,saint marc le blanc,48.372826989247,-1.410930483871
13745,35,35293,35140,Saint-Marc-sur-Couesnon,saint marc sur couesnon,48.306382983193,-1.3687286134454
13746,35,35294,35600,Sainte-Marie,sainte marie,47.698563508772,-2.0061692982456
13747,35,35295,35750,Saint-Maugan,saint maugan,48.134570973451,-2.1011333628319
13748,35,35296,35250,Saint-Médard-sur-Ille,saint medard sur ille,48.268563809524,-1.6833047142857
13749,35,35297,35290,Saint-Méen-le-Grand,saint meen le grand,48.194609558011,-2.1933156906077
13750,35,35299,35350,Saint-Méloir-des-Ondes,saint meloir des ondes,48.635668492462,-1.9056518090452
13751,35,35300,35500,Saint-M'Hervé,saint m herve,48.172889209184,-1.1081913265306
13752,35,35301,35360,Saint-M'Hervon,saint m hervon,48.229876538462,-2.0646876923077
13753,35,35302,35290,Saint-Onen-la-Chapelle,saint onen la chapelle,48.168672315789,-2.1548253157895
13754,35,35303,35460,Saint-Ouen-la-Rouërie,saint ouen la rouerie,48.453282186495,-1.4369318971061
13755,35,35304,35140,Saint-Ouen-des-Alleux,saint ouen des alleux,48.328922136364,-1.4240765
13756,35,35305,35380,Saint-Péran,saint peran,48.05752,-2.065620647482
13757,35,35306,35430,Saint-Père,saint pere,48.586162051282,-1.930246
13758,35,35307,35190,Saint-Pern,saint pern,48.277764,-1.9840607857143
13759,35,35308,35720,Saint-Pierre-de-Plesguen,saint pierre de plesguen,48.458786774194,-1.8903791129032
13760,35,35309,35560,Saint-Rémy-du-Plain,saint remy du plain,48.376684422111,-1.5661203015075
13761,35,35310,35133,Saint-Sauveur-des-Landes,saint sauveur des landes,48.34711010989,-1.3145554945055
13762,35,35311,35330,Saint-Séglin,saint seglin,47.850808275862,-2.0299381034483
13763,35,35312,35580,Saint-Senoux,saint senoux,47.916271517241,-1.7887155172414
13764,35,35314,35430,Saint-Suliac,saint suliac,48.571344090909,-1.9669324545455
13765,35,35315,35250,Saint-Sulpice-la-Forêt,saint sulpice la foret,48.212438108108,-1.571915
13766,35,35316,35390,Saint-Sulpice-des-Landes,saint sulpice des landes,47.771374217687,-1.6241461904762
13767,35,35317,35630,Saint-Symphorien,saint symphorien,48.280035892857,-1.8016627678571
13768,35,35318,35190,Saint-Thual,saint thual,48.339334198473,-1.9250620610687
13769,35,35319,35310,Saint-Thurial,saint thurial,48.034330135135,-1.9380379279279
13770,35,35320,35360,Saint-Uniac,saint uniac,48.169626633663,-2.0354105940594
13771,35,35321,35320,Saulnières,saulnieres,47.916736847826,-1.5785747826087
13772,35,35322,35320,Le Sel-de-Bretagne,le sel de bretagne,47.897563823529,-1.6058084313726
13773,35,35324,35133,La Selle-en-Luitré,la selle en luitre,48.323626958525,-1.1525631336405
13774,35,35325,35130,La Selle-Guerchaise,la selle guerchaise,47.9428236,-1.171517
13775,35,35326,35490,Sens-de-Bretagne,sens de bretagne,48.347364142259,-1.5476409205021
13776,35,35327,35530,Servon-sur-Vilaine,servon sur vilaine,48.122866215139,-1.4608703984064
13777,35,35328,35550,Sixt-sur-Aff,sixt sur aff,47.770722202797,-2.0506166433566
13778,35,35329,35610,Sougéal,sougeal,48.501059942857,-1.5132492571429
13779,35,35330,35500,Taillis,taillis,48.183128388626,-1.2409053554502
13780,35,35331,35160,Talensac,talensac,48.093342760181,-1.9249885972851
13781,35,35332,35620,Teillay,teillay,47.804278705357,-1.5175681696429
13782,35,35333,35240,Le Theil-de-Bretagne,le theil de bretagne,47.920690607735,-1.4169142541436
13783,35,35334,35235,Thorigné-Fouillard,thorigne fouillard,48.150165,-1.5844875824176
13784,35,35335,35134,Thourie,thourie,47.848516539509,-1.4608541961853
13785,35,35336,35460,Le Tiercent,le tiercent,48.348317938931,-1.4207657251908
13786,35,35337,35190,Tinténiac,tinteniac,48.32231805668,-1.829615708502
13787,35,35338,35370,Torcé,torce,48.061310372671,-1.2711102484472
13788,35,35339,35610,Trans-la-Forêt,trans la foret,48.488378253012,-1.6049511445783
13789,35,35340,35380,Treffendel,treffendel,48.03106982906,-2.0094246581197
13790,35,35341,35460,Tremblay,tremblay,48.421053855072,-1.4557657971015
13791,35,35342,35270,Trémeheuc,tremeheuc,48.441874574468,-1.6972074468085
13792,35,35343,35320,Tresbœuf,tresboeuf,47.873237018634,-1.5538863043478
13793,35,35344,35720,Tressé,tresse,48.481844076923,-1.8824945384615
13794,35,35345,35190,Trévérien,treverien,48.372597272727,-1.9154936818182
13795,35,35346,35190,Trimer,trimer,48.348493723404,-1.8994906382979
13796,35,35347,35450,Val-d'Izé,val d ize,48.190455527344,-1.3023673242187
13797,35,35348,35140,Vendel,vendel,48.294428058824,-1.3081274117647
13798,35,35350,35680,Vergéal,vergeal,48.035711007752,-1.2572034108527
13799,35,35351,35160,Le Verger,le verger,48.066571788618,-1.920293699187
13800,35,35352,35770,Vern-sur-Seiche,vern sur seiche,48.050473130435,-1.612429826087
13801,35,35353,35132,Vezin-le-Coquet,vezin le coquet,48.115350133333,-1.7540759333333
13802,35,35354,35610,Vieux-Viel,vieux viel,48.499108113208,-1.5546922012579
13803,35,35355,35490,Vieux-Vy-sur-Couesnon,vieux vy sur couesnon,48.339087175141,-1.4956093785311
13804,35,35356,35630,Vignoc,vignoc,48.255214361702,-1.7642668085106
13805,35,35357,35420,Villamée,villamee,48.4577341875,-1.2173185
13806,35,35358,35430,La Ville-ès-Nonais,la ville es nonais,48.548266753247,-1.9549016883117
13807,35,35359,35130,Visseiche,visseiche,47.959116983471,-1.3006985950413
13808,35,35360,35500,Vitré,vitre,48.106410813008,-1.1896452845528
13809,35,35361,35960,Le Vivier-sur-Mer,le vivier sur mer,48.596248070175,-1.7787301754386
13810,35,35362,35540,Le Tronchet,le tronchet,48.494653170732,-1.8425375609756
13811,35,35363,35131,Pont-Péan,pont pean,48.014843873874,-1.6967325225225
