,,,,-OISE,,,
22971,60,60001,60220,Abancourt,abancourt,49.691728676471,1.7695710294118
22972,60,60002,60430,Abbecourt,abbecourt,49.365091237113,2.1606931958763
22973,60,60003,60480,Abbeville-Saint-Lucien,abbeville saint lucien,49.519016883117,2.1659568831169
22974,60,60004,60690,Achy,achy,49.555061313131,1.9689126262626
22975,60,60005,60620,Acy-en-Multien,acy en multien,49.104764285714,2.9514838392857
22976,60,60006,60700,Les Ageux,les ageux,49.315930727273,2.5800990909091
22977,60,60007,60600,Agnetz,agnetz,49.390941691542,2.3772868656716
22978,60,60008,60600,Airion,airion,49.420187916667,2.4149691666667
22979,60,60009,60000,Allonne,allonne,49.39870477707,2.120076433121
22980,60,60010,60110,Amblainville,amblainville,49.204391221374,2.1164675572519
22981,60,60011,60310,Amy,amy,49.638442704918,2.831506147541
22982,60,60012,60570,Andeville,andeville,49.256877352941,2.1681422058823
22983,60,60013,60940,Angicourt,angicourt,49.316162716049,2.5055764197531
22984,60,60014,60130,Angivillers,angivillers,49.490018372093,2.5018581395349
22985,60,60015,60250,Angy,angy,49.335161772152,2.3255908860759
22986,60,60016,60250,Ansacq,ansacq,49.34983675,2.363097625
22987,60,60017,60120,Ansauvillers,ansauvillers,49.570617666667,2.383301
22988,60,60019,60162,Antheuil-Portes,antheuil portes,49.499335,2.7355322222222
22989,60,60020,60620,Antilly,antilly,49.155611948052,2.9843424675325
22990,60,60021,60400,Appilly,appilly,49.581137,3.122422
22991,60,60022,60300,Apremont,apremont,49.232239130435,2.5158591304348
22992,60,60023,60880,Armancourt,armancourt,49.371716052632,2.76062
22993,60,60024,60190,Arsy,arsy,49.406887126437,2.6934679310345
22994,60,60025,60350,Attichy,attichy,49.421870681818,3.0472919318182
22995,60,60026,60360,Auchy-la-Montagne,auchy la montagne,49.5726425,2.1150876388889
22996,60,60027,60800,Auger-Saint-Vincent,auger saint vincent,49.21345720339,2.8130627118644
22997,60,60028,60300,Aumont-en-Halatte,aumont en halatte,49.231521875,2.5548521875
22998,60,60029,60390,Auneuil,auneuil,49.373675668203,1.9926405069124
22999,60,60030,60390,Auteuil,auteuil,49.346200748299,2.0949947619048
23000,60,60031,60890,Autheuil-en-Valois,autheuil en valois,49.181995377358,3.0699769811321
23001,60,60032,60350,Autrêches,autreches,49.444912413793,3.1386267816092
23002,60,60033,60300,Avilly-Saint-Léonard,avilly saint leonard,49.192588,2.5285590666667
23003,60,60034,60130,Avrechy,avrechy,49.444575909091,2.4236136363636
23004,60,60035,60310,Avricourt,avricourt,49.646655322581,2.8642072580645
23005,60,60036,60190,Avrigny,avrigny,49.384975957447,2.578445106383
23006,60,60037,60400,Babœuf,baboeuf,49.582175675676,3.0894279279279
23007,60,60038,60240,Bachivillers,bachivillers,49.284826987952,1.9696669879518
23008,60,60039,60120,Bacouël,bacouel,49.622239142857,2.3833358571429
23009,60,60040,60190,Bailleul-le-Soc,bailleul le soc,49.420341585366,2.5782379268293
23010,60,60041,60930,Bailleul-sur-Thérain,bailleul sur therain,49.383945348837,2.2248779069767
23011,60,60042,60140,Bailleval,bailleval,49.348282857143,2.4579019047619
23012,60,60043,60170,Bailly,bailly,49.498948395062,2.9805441975309
23013,60,60044,60250,Balagny-sur-Thérain,balagny sur therain,49.298401441441,2.3246012612613
23014,60,60045,60810,Barbery,barbery,49.226349375,2.674436125
23015,60,60046,60620,Bargny,bargny,49.17794516129,2.9555443548387
23016,60,60047,60300,Baron,baron,49.176117092199,2.7333094326241
23017,60,60048,60113,Baugy,baugy,49.4804343,2.7368895
23018,60,60048,60190,Baugy,baugy,49.463434,2.750712
23019,60,60049,60380,Bazancourt,bazancourt,49.551024736842,1.7381742105263
23020,60,60050,60700,Bazicourt,bazicourt,49.346096296296,2.6239083950617
23021,60,60051,60210,Beaudéduit,beaudeduit,49.683180227273,2.0647763636364
23022,60,60052,60640,Beaugies-sous-Bois,beaugies sous bois,49.639726511628,3.1012423255814
23023,60,60053,60310,Beaulieu-les-Fontaines,beaulieu les fontaines,49.66521322314,2.9037454545454
23024,60,60054,60390,Beaumont-les-Nonains,beaumont les nonains,49.323715784314,2.0040821568627
23025,60,60055,60400,Beaurains-lès-Noyon,beaurains les noyon,49.608224625,2.981673375
23026,60,60056,60700,Beaurepaire,beaurepaire,49.294191627907,2.5728537209302
23027,60,60057,60000,Beauvais,beauvais,49.4405213,2.08471155
23028,60,60058,60120,Beauvoir,beauvoir,49.602489186046,2.3276102325581
23029,60,60059,60400,Béhéricourt,behericourt,49.595576,3.0656165263158
23030,60,60060,60540,Belle-Église,belle eglise,49.186276222222,2.2114207777778
23031,60,60061,60490,Belloy,belloy,49.532748095238,2.6504561904762
23032,60,60062,60640,Berlancourt,berlancourt,49.678380461538,3.0810904615385
23033,60,60063,60390,Berneuil-en-Bray,berneuil en bray,49.356342364865,2.0586777702703
23034,60,60064,60350,Berneuil-sur-Aisne,berneuil sur aisne,49.423202763158,2.9980078947368
23035,60,60065,60370,Berthecourt,berthecourt,49.347260347826,2.2213346086957
23036,60,60066,60129,Béthancourt-en-Valois,bethancourt en valois,49.283698333333,2.8795848611111
23037,60,60067,60320,Béthisy-Saint-Martin,bethisy saint martin,49.28846076087,2.8105007608696
23038,60,60068,60320,Béthisy-Saint-Pierre,bethisy saint pierre,49.306279837398,2.7996214634146
23039,60,60069,60620,Betz,betz,49.156482912621,2.9426310679612
23040,60,60070,60280,Bienville,bienville,49.451125588235,2.8292295588235
23041,60,60071,60490,Biermont,biermont,49.577778113208,2.7423977358491
23042,60,60072,60350,Bitry,bitry,49.417221917808,3.0747165753425
23043,60,60073,60650,Blacourt,blacourt,49.457545869565,1.8666193478261
23044,60,60074,60460,Blaincourt-lès-Précy,blaincourt les precy,49.226850727273,2.3464474545455
23045,60,60075,60120,Blancfossé,blancfosse,49.663916865672,2.1897735820896
23046,60,60076,60220,Blargies,blargies,49.669338589744,1.7590788461539
23047,60,60077,60860,Blicourt,blicourt,49.560154031008,2.0619553488372
23048,60,60078,60190,Blincourt,blincourt,49.385066086957,2.6156573913043
23049,60,60079,60440,Boissy-Fresnoy,boissy fresnoy,49.166397866667,2.8943593333333
23050,60,60080,60240,Boissy-le-Bois,boissy le bois,49.277926794872,1.9434755128205
23051,60,60081,60510,Bonlier,bonlier,49.472683030303,2.1491054545454
23052,60,60082,60120,Bonneuil-les-Eaux,bonneuil les eaux,49.67875640625,2.238793515625
23053,60,60083,60123,Bonneuil-en-Valois,bonneuil en valois,49.286482,2.984765375
23054,60,60084,60112,Bonnières,bonnieres,49.509084019608,1.9567249019608
23055,60,60085,60120,Bonvillers,bonvillers,49.585815652174,2.3532943478261
23056,60,60086,60820,Boran-sur-Oise,boran sur oise,49.171483982301,2.35272
23057,60,60087,60300,Borest,borest,49.189249583333,2.676904375
23058,60,60088,60540,Bornel,bornel,49.201525090909,2.1925261212121
23059,60,60089,60240,Boubiers,boubiers,49.212027704918,1.8664181967213
23060,60,60090,60240,Bouconvillers,bouconvillers,49.174144590164,1.9117424590164
23061,60,60091,60620,Bouillancy,bouillancy,49.115863975904,2.9236842168675
23062,60,60092,60620,Boullarre,boullarre,49.129905280899,3.013004494382
23063,60,60093,60490,Boulogne-la-Grasse,boulogne la grasse,49.610934953271,2.6993218691589
23064,60,60094,60141,Boursonne,boursonne,49.1998841,3.0460349
23065,60,60095,60240,Boury-en-Vexin,boury en vexin,49.23942280303,1.7344893181818
23066,60,60096,60220,Boutavent,boutavent,49.638082244898,1.7498867346939
23067,60,60097,60590,Boutencourt,boutencourt,49.322692352941,1.8717518823529
23068,60,60098,60220,Bouvresse,bouvresse,49.652566153846,1.7598815384615
23069,60,60099,60113,Braisnes-sur-Aronde,braisnes sur aronde,49.474421132075,2.7766935849057
23070,60,60100,60810,Brasseuse,brasseuse,49.246963174603,2.6717312698413
23071,60,60101,60440,Brégy,bregy,49.084607176471,2.8717250588235
23072,60,60102,60870,Brenouille,brenouille,49.308596865672,2.5539313432836
23073,60,60103,60510,Bresles,bresles,49.41630734375,2.24721375
23074,60,60104,60120,Breteuil,breteuil,49.633041743119,2.2846379816514
23075,60,60105,60400,Brétigny,bretigny,49.560126132075,3.1150732075472
23076,60,60106,60840,Breuil-le-Sec,breuil le sec,49.374773488372,2.4543881395349
23077,60,60107,60600,Breuil-le-Vert,breuil le vert,49.364034926471,2.4251950735294
23078,60,60108,60210,Briot,briot,49.640133943662,1.9146067605634
23079,60,60109,60210,Brombos,brombos,49.645819074074,1.8913651851852
23080,60,60110,60220,Broquiers,broquiers,49.662270338983,1.8353855932203
23081,60,60111,60120,Broyes,broyes,49.628108,2.4568777777778
23082,60,60112,60130,Brunvillers-la-Motte,brunvillers la motte,49.557211320755,2.4517313207547
23083,60,60113,60480,Bucamps,bucamps,49.523659615385,2.3150814102564
23084,60,60114,60380,Buicourt,buicourt,49.533472891566,1.81476
23085,60,60115,60130,Bulles,bulles,49.453459349593,2.3357462601626
23086,60,60116,60250,Bury,bury,49.311442263158,2.3557398947368
23087,60,60117,60400,Bussy,bussy,49.628216521739,2.9799907246377
23088,60,60118,60400,Caisnes,caisnes,49.520889895833,3.0671727083333
23089,60,60119,60170,Cambronne-lès-Ribécourt,cambronne les ribecourt,49.505899770992,2.8975558015267
23090,60,60120,60290,Cambronne-lès-Clermont,cambronne les clermont,49.328761636364,2.4001722727273
23091,60,60121,60640,Campagne,campagne,49.647241587302,2.9604142857143
23092,60,60122,60220,Campeaux,campeaux,49.611129651163,1.750856744186
23093,60,60123,60480,Campremy,campremy,49.566543,2.3279301
23094,60,60124,60310,Candor,candor,49.628670136986,2.8843193150685
23095,60,60125,60680,Canly,canly,49.389511558442,2.7009553246753
23096,60,60126,60310,Cannectancourt,cannectancourt,49.547903679245,2.8927916037736
23097,60,60127,60310,Canny-sur-Matz,canny sur matz,49.600684246575,2.8014375342466
23098,60,60128,60220,Canny-sur-Thérain,canny sur therain,49.607195,1.7174038297872
23099,60,60129,60170,Carlepont,carlepont,49.522241848739,3.0196704201681
23100,60,60130,60840,Catenoy,catenoy,49.383619178082,2.5212239726027
23101,60,60131,60360,Catheux,catheux,49.648568992248,2.103567751938
23102,60,60132,60640,Catigny,catigny,49.635123205128,2.9470543589744
23103,60,60133,60130,Catillon-Fumechon,catillon fumechon,49.528851034483,2.3803563218391
23104,60,60134,60290,Cauffry,cauffry,49.312809879518,2.4350773493976
23105,60,60135,60730,Cauvigny,cauvigny,49.300560707071,2.2334736363636
23106,60,60136,60210,Cempuis,cempuis,49.654887727273,1.9867718181818
23107,60,60137,60190,Cernoy,cernoy,49.444046774194,2.5411985483871
23108,60,60138,60300,Chamant,chamant,49.2253275,2.6275664473684
23109,60,60139,60230,Chambly,chambly,49.169765733333,2.2410989333333
23110,60,60140,60240,Chambors,chambors,49.257562083333,1.8141170833333
23111,60,60141,60500,Chantilly,chantilly,49.17929703125,2.47626671875
23112,60,60142,60520,La Chapelle-en-Serval,la chapelle en serval,49.125837971014,2.5261530434783
23113,60,60143,60240,Chaumont-en-Vexin,chaumont en vexin,49.273760070422,1.8885942253521
23114,60,60144,60240,Chavençon,chavencon,49.187430394737,1.9870377631579
23115,60,60145,60350,Chelles,chelles,49.3472957,3.0379252
23116,60,60146,60120,Chepoix,chepoix,49.607071702128,2.3846086170213
23117,60,60147,60150,Chevincourt,chevincourt,49.511866851852,2.8498683333333
23118,60,60148,60440,Chèvreville,chevreville,49.114076363636,2.8529434545454
23119,60,60149,60710,Chevrières,chevrieres,49.344545352113,2.6772378873239
23120,60,60150,60138,Chiry-Ourscamp,chiry ourscamp,49.529522777778,2.9691946111111
23121,60,60151,60750,Choisy-au-Bac,choisy au bac,49.435314453782,2.8832511764706
23122,60,60152,60190,Choisy-la-Victoire,choisy la victoire,49.376165164835,2.5956383516484
23123,60,60153,60360,Choqueuse-les-Bénards,choqueuse les benards,49.647763928571,2.0714976785714
23124,60,60154,60940,Cinqueux,cinqueux,49.317366103896,2.5289453246753
23125,60,60155,60660,Cires-lès-Mello,cires les mello,49.266679583333,2.34063
23126,60,60156,60280,Clairoix,clairoix,49.444085384615,2.8458109230769
23127,60,60157,60600,Clermont,clermont,49.377933513514,2.4131036036036
23128,60,60158,60420,Coivrel,coivrel,49.553680352941,2.5558968235294
23129,60,60159,60200,Compiègne,compiegne,49.418562875817,2.862686993464
23130,60,60160,60490,Conchy-les-Pots,conchy les pots,49.604576764706,2.7332036764706
23131,60,60161,60360,Conteville,conteville,49.65540779661,2.0551581355932
23132,60,60162,60110,Corbeil-Cerf,corbeil cerf,49.276035,2.113530625
23133,60,60163,60120,Cormeilles,cormeilles,49.643633875,2.20048975
23134,60,60164,60850,Le Coudray-Saint-Germer,le coudray saint germer,49.398260744681,1.8299945744681
23135,60,60165,60430,Le Coudray-sur-Thelle,le coudray sur thelle,49.310955098039,2.1242884313726
23136,60,60166,60150,Coudun,coudun,49.462370681818,2.8100582575758
23137,60,60167,60350,Couloisy,couloisy,49.399670188679,3.0282977358491
23138,60,60168,60420,Courcelles-Epayelles,courcelles epayelles,49.572966440678,2.6297022033898
23139,60,60169,60240,Courcelles-lès-Gisors,courcelles les gisors,49.262107126437,1.7322528735632
23140,60,60170,60300,Courteuil,courteuil,49.202794677419,2.5414482258064
23141,60,60171,60350,Courtieux,courtieux,49.385070232558,3.0843640697674
23142,60,60172,60580,Coye-la-Forêt,coye la foret,49.143701052632,2.4663555263158
23143,60,60173,60660,Cramoisy,cramoisy,49.252149404762,2.3964713095238
23144,60,60174,60310,Crapeaumesnil,crapeaumesnil,49.635798191489,2.8160745744681
23145,60,60175,60100,Creil,creil,49.255792368421,2.4796267105263
23146,60,60176,60800,Crépy-en-Valois,crepy en valois,49.228895210084,2.903317394958
23147,60,60177,60190,Cressonsacq,cressonsacq,49.44926515625,2.567125
23148,60,60178,60360,Crèvecœur-le-Grand,crevecoeur le grand,49.612962201835,2.0827096330275
23149,60,60179,60420,Crèvecœur-le-Petit,crevecoeur le petit,49.5735325,2.4995154545454
23150,60,60180,60112,Crillon,crillon,49.523759534884,1.9218360465116
23151,60,60181,60400,Crisolles,crisolles,49.622589583333,3.0233610833333
23152,60,60182,60120,Le Crocq,le crocq,49.625329411765,2.1864535294118
23153,60,60183,60120,Croissy-sur-Celle,croissy sur celle,49.687371851852,2.1699409259259
23154,60,60184,60350,Croutoy,croutoy,49.376970190476,3.0365649523809
23155,60,60185,60530,Crouy-en-Thelle,crouy en thelle,49.207557164179,2.3204080597015
23156,60,60186,60130,Cuignières,cuignieres,49.448984133333,2.4757661333333
23157,60,60187,60850,Cuigy-en-Bray,cuigy en bray,49.431914761905,1.835505
23158,60,60188,60350,Cuise-la-Motte,cuise la motte,49.387317029703,3.0053150495049
23159,60,60189,60400,Cuts,cuts,49.532718837209,3.1045994186046
23160,60,60190,60620,Cuvergnon,cuvergnon,49.171326349206,2.9942433333333
23161,60,60191,60490,Cuvilly,cuvilly,49.548396588235,2.7017028235294
23162,60,60192,60310,Cuy,cuy,49.5859,2.9075033802817
23163,60,60193,60210,Daméraucourt,dameraucourt,49.701960338983,1.9205286440678
23164,60,60194,60210,Dargies,dargies,49.702177894737,1.9900630526316
23165,60,60195,60240,Delincourt,delincourt,49.244684070796,1.8325996460177
23166,60,60196,60790,La Drenne,la drenne,49.305222429907,2.0971331775701
23167,60,60197,60530,Dieudonné,dieudonne,49.241298783784,2.2436477027027
23168,60,60198,60310,Dives,dives,49.589860965517,2.8781572413793
23169,60,60199,60360,Doméliers,domeliers,49.631270555556,2.1625779166667
23170,60,60200,60420,Domfront,domfront,49.599844727273,2.557614
23171,60,60201,60420,Dompierre,dompierre,49.592116052632,2.5328544736842
23172,60,60203,60800,Duvy,duvy,49.231827314815,2.8476132407407
23173,60,60204,60310,Écuvilly,ecuvilly,49.650344375,2.91962484375
23174,60,60205,60210,Élencourt,elencourt,49.6943,1.8969921875
23175,60,60206,60157,Élincourt-Sainte-Marguerite,elincourt sainte marguerite,49.531647614679,2.8349571559633
23176,60,60207,60123,Éméville,emeville,49.283161162791,3.02403
23177,60,60208,60590,Énencourt-Léage,enencourt leage,49.304440512821,1.8459961538462
23178,60,60209,60240,Énencourt-le-Sec,enencourt le sec,49.292332716049,1.9146518518519
23179,60,60210,60190,Épineuse,epineuse,49.400119393939,2.5503203030303
23180,60,60211,60590,Éragny-sur-Epte,eragny sur epte,49.309163152174,1.7795080434783
23181,60,60212,60530,Ercuis,ercuis,49.23508137931,2.3099770689655
23182,60,60213,60950,Ermenonville,ermenonville,49.124862149533,2.705133364486
23183,60,60214,60380,Ernemont-Boutavent,ernemont boutavent,49.591534782609,1.7893043478261
23184,60,60215,60600,Erquery,erquery,49.413927213115,2.4536281967213
23185,60,60216,60130,Erquinvillers,erquinvillers,49.458317454545,2.4875436363636
23186,60,60217,60380,Escames,escames,49.554693170732,1.8065070121951
23187,60,60218,60110,Esches,esches,49.2334675,2.1759658823529
23188,60,60219,60220,Escles-Saint-Pierre,escles saint pierre,49.745316382979,1.7987585106383
23189,60,60220,60650,Espaubourg,espaubourg,49.423329032258,1.8690620967742
23190,60,60221,60120,Esquennoy,esquennoy,49.657415125,2.269765125
23191,60,60222,60510,Essuiles,essuiles,49.483945420561,2.2853852336449
23192,60,60223,60190,Estrées-Saint-Denis,estrees saint denis,49.4274525,2.6347989285714
23193,60,60224,60620,Étavigny,etavigny,49.126505205479,2.9841820547945
23194,60,60225,60600,Étouy,etouy,49.424899402985,2.3666
23195,60,60226,60330,Ève,eve,49.083411607143,2.7097283928571
23196,60,60227,60310,Évricourt,evricourt,49.569675254237,2.9167047457627
23197,60,60228,60240,Fay-les-Étangs,fay les etangs,49.254352765957,1.9467686170213
23198,60,60229,60680,Le Fayel,le fayel,49.374224347826,2.6957456521739
23199,60,60230,60510,Le Fay-Saint-Quentin,le fay saint quentin,49.445496111111,2.2517072222222
23200,60,60231,60800,Feigneux,feigneux,49.268084901961,2.9152756862745
23201,60,60232,60420,Ferrières,ferrieres,49.585727291667,2.51519125
23202,60,60233,60960,Feuquières,feuquieres,49.649014871795,1.8471633333333
23203,60,60234,60600,Fitz-James,fitz james,49.399499340659,2.4257907692308
23204,60,60235,60590,Flavacourt,flavacourt,49.343649230769,1.8280689010989
23205,60,60236,60640,Flavy-le-Meldeux,flavy le meldeux,49.686099545455,3.0472436363636
23206,60,60237,60120,Fléchy,flechy,49.659492419355,2.2287438709677
23207,60,60238,60700,Fleurines,fleurines,49.262771875,2.5963925
23208,60,60239,60240,Fleury,fleury,49.2478959375,1.9670390625
23209,60,60240,60360,Fontaine-Bonneleau,fontaine bonneleau,49.659270965517,2.1477411034483
23210,60,60241,60300,Fontaine-Chaalis,fontaine chaalis,49.153617228916,2.676692690763
23211,60,60242,60690,Fontaine-Lavaganne,fontaine lavaganne,49.598270104167,1.9579003125
23212,60,60243,60480,Fontaine-Saint-Lucien,fontaine saint lucien,49.5063084,2.1481214
23213,60,60244,60380,Fontenay-Torcy,fontenay torcy,49.569605294118,1.7675095294118
23214,60,60245,60220,Formerie,formerie,49.649452372881,1.7283620338983
23215,60,60247,60190,Fouilleuse,fouilleuse,49.427463090909,2.5411832727273
23216,60,60248,60220,Fouilloy,fouilloy,49.732181707317,1.8158897560976
23217,60,60249,60250,Foulangues,foulangues,49.278098552632,2.3141086842105
23218,60,60250,60000,Fouquenies,fouquenies,49.467693406593,2.0347781318681
23219,60,60251,60510,Fouquerolles,fouquerolles,49.45928244186,2.2088187209302
23220,60,60252,60130,Fournival,fournival,49.462334375,2.382835875
23221,60,60253,60480,Francastel,francastel,49.590125819672,2.1533274590164
23222,60,60254,60190,Francières,francieres,49.447788837209,2.6655217441861
23223,60,60255,60640,Fréniches,freniches,49.675977142857,3.0060991071429
23224,60,60256,60240,Fresneaux-Montchevreuil,fresneaux montchevreuil,49.28661264,2.00580568
23225,60,60257,60240,Fresne-Léguillon,fresne leguillon,49.248394392523,1.9900531775701
23226,60,60258,60310,Fresnières,fresnieres,49.624121666667,2.8096611904762
23227,60,60259,60530,Fresnoy-en-Thelle,fresnoy en thelle,49.202157941176,2.2617370588235
23228,60,60260,60127,Fresnoy-la-Rivière,fresnoy la riviere,49.28129352459,2.9229386885246
23229,60,60261,60800,Fresnoy-le-Luat,fresnoy le luat,49.210264333333,2.7651545555555
23230,60,60262,60420,Le Frestoy-Vaux,le frestoy vaux,49.60029893617,2.6063681914894
23231,60,60263,60640,Frétoy-le-Château,fretoy le chateau,49.661965866667,2.9694058666667
23232,60,60264,60000,Frocourt,frocourt,49.379832475248,2.0822764356436
23233,60,60265,60480,Froissy,froissy,49.566482571429,2.2136695714286
23234,60,60267,60360,Le Gallet,le gallet,49.62569484375,2.1105665625
23235,60,60268,60120,Gannes,gannes,49.576208076923,2.4213926923077
23236,60,60269,60210,Gaudechart,gaudechart,49.614823157895,1.9630365789474
23237,60,60270,60400,Genvry,genvry,49.610443448276,2.9924797413793
23238,60,60271,60380,Gerberoy,gerberoy,49.536833855422,1.8419290361446
23239,60,60272,60129,Gilocourt,gilocourt,49.296316634615,2.8869091346154
23240,60,60273,60150,Giraumont,giraumont,49.473482857143,2.8236795238095
23241,60,60274,60129,Glaignes,glaignes,49.272837238095,2.8440868571429
23242,60,60275,60650,Glatigny,glatigny,49.496421494253,1.9001368965517
23243,60,60276,60420,Godenvillers,godenvillers,49.581675116279,2.5457455813953
23244,60,60277,60000,Goincourt,goincourt,49.419668294574,2.0312065116279
23245,60,60278,60640,Golancourt,golancourt,49.702816901408,3.0678083098592
23246,60,60279,60117,Gondreville,gondreville,49.221826574074,2.9464962962963
23247,60,60280,60220,Gourchelles,gourchelles,49.725323636364,1.7775968181818
23248,60,60281,60190,Gournay-sur-Aronde,gournay sur aronde,49.497873529412,2.6879107563025
23249,60,60282,60270,Gouvieux,gouvieux,49.193796538462,2.419146025641
23250,60,60283,60120,Gouy-les-Groseillers,gouy les groseillers,49.697186363636,2.2152629545454
23251,60,60284,60680,Grandfresnoy,grandfresnoy,49.376519684211,2.6554558947368
23252,60,60285,60190,Grandvillers-aux-Bois,grandvillers aux bois,49.466178666667,2.6080108888889
23253,60,60286,60210,Grandvilliers,grandvilliers,49.665428666667,1.9320416666667
23254,60,60287,60400,Grandrû,grandru,49.60864,3.0802398913044
23255,60,60288,60380,Grémévillers,gremevillers,49.56246835443,1.9009981012658
23256,60,60289,60210,Grez,grez,49.63448,1.9760472916667
23257,60,60290,60480,Guignecourt,guignecourt,49.488468405797,2.1280933333333
23258,60,60291,60640,Guiscard,guiscard,49.658591610738,3.0512293288591
23259,60,60292,60310,Gury,gury,49.571024868421,2.8013631578947
23260,60,60293,60240,Hadancourt-le-Haut-Clocher,hadancourt le haut clocher,49.191735192308,1.8477374038462
23261,60,60294,60490,Hainvillers,hainvillers,49.590114098361,2.6806252459016
23262,60,60295,60210,Halloy,halloy,49.653712820513,1.9322551282051
23263,60,60296,60650,Hannaches,hannaches,49.507563445378,1.8067543697479
23264,60,60297,60210,Le Hamel,le hamel,49.648600405405,2.0104201351351
23265,60,60298,60650,Hanvoile,hanvoile,49.508603539823,1.8779754867257
23266,60,60299,60120,Hardivillers,hardivillers,49.62212297619,2.2295667857143
23267,60,60300,60240,Hardivillers-en-Vexin,hardivillers en vexin,49.31195234375,1.9317125
23268,60,60301,60112,Haucourt,haucourt,49.50584425,1.93031075
23269,60,60302,60510,Haudivillers,haudivillers,49.48885453125,2.24532265625
23270,60,60303,60210,Hautbos,hautbos,49.626787272727,1.8680047272727
23271,60,60304,60690,Haute-Épine,haute epine,49.583378611111,2.0127127777778
23272,60,60305,60350,Hautefontaine,hautefontaine,49.36425453125,3.0579734375
23273,60,60306,60380,Hécourt,hecourt,49.52336,1.7805322429907
23274,60,60307,60250,Heilles,heilles,49.33521815534,2.2747765048544
23275,60,60308,60190,Hémévillers,hemevillers,49.471825070423,2.6761578873239
23276,60,60309,60119,Hénonville,henonville,49.211835365854,2.0531785365854
23277,60,60310,60112,Herchies,herchies,49.484861354167,2.0062591666667
23278,60,60311,60120,La Hérelle,la herelle,49.596588636364,2.4183836363636
23279,60,60312,60380,Héricourt-sur-Thérain,hericourt sur therain,49.586966708861,1.7657344303797
23280,60,60313,60370,Hermes,hermes,49.359341567164,2.2546276865672
23281,60,60314,60360,Hétomesnil,hetomesnil,49.630958461538,2.0446753846154
23282,60,60315,60650,Hodenc-en-Bray,hodenc en bray,49.467440466667,1.9146374666667
23283,60,60316,60430,Hodenc-l'Évêque,hodenc l eveque,49.334033928571,2.1409694642857
23284,60,60317,60250,Hondainville,hondainville,49.343433571429,2.3104233571429
23285,60,60318,60710,Houdancourt,houdancourt,49.337301449275,2.6463637681159
23286,60,60319,60390,La Houssoye,la houssoye,49.355030131579,1.9497519736842
23287,60,60320,60141,Ivors,ivors,49.194075959596,3.0120687878788
23288,60,60321,60173,Ivry-le-Temple,ivry le temple,49.230258726115,2.0232114012739
23289,60,60322,60240,Jaméricourt,jamericourt,49.301013157895,1.8743365789474
23290,60,60323,60150,Janville,janville,49.454211578947,2.8569121052632
23291,60,60324,60350,Jaulzy,jaulzy,49.389181752577,3.059003814433
23292,60,60325,60880,Jaux,jaux,49.394056266667,2.7640606666667
23293,60,60326,60680,Jonquières,jonquieres,49.398074880952,2.7321180952381
23294,60,60327,60240,Jouy-sous-Thelle,jouy sous thelle,49.322542142857,1.9624094897959
23295,60,60328,60112,Juvignies,juvignies,49.521065949367,2.0917193670886
23296,60,60329,60310,Laberlière,laberliere,49.576275970149,2.7613540298508
23297,60,60330,60570,Laboissière-en-Thelle,laboissiere en thelle,49.286474025974,2.1531385714286
23298,60,60331,60590,Labosse,labosse,49.352611076923,1.9051406153846
23299,60,60332,60140,Labruyère,labruyere,49.351690833333,2.5055241666667
23300,60,60333,60650,Lachapelle-aux-Pots,lachapelle aux pots,49.447384564103,1.9179218461538
23301,60,60334,60730,Lachapelle-Saint-Pierre,lachapelle saint pierre,49.266467068966,2.2335051724138
23302,60,60335,60380,Lachapelle-sous-Gerberoy,lachapelle sous gerberoy,49.538825698925,1.8736598924731
23303,60,60336,60480,Lachaussée-du-Bois-d'Écu,lachaussee du bois d ecu,49.562682205882,2.1761023529412
23304,60,60337,60190,Lachelle,lachelle,49.436162835821,2.7467679104478
23305,60,60338,60610,Lacroix-Saint-Ouen,lacroix saint ouen,49.360213829787,2.7728925531915
23306,60,60339,60510,Lafraye,lafraye,49.494216666667,2.2105821428571
23307,60,60340,60310,Lagny,lagny,49.607575108696,2.9054702173913
23308,60,60341,60330,Lagny-le-Sec,lagny le sec,49.073653392857,2.7464876785714
23309,60,60342,60290,Laigneville,laigneville,49.297365436893,2.4392373786408
23310,60,60343,60590,Lalande-en-Son,lalande en son,49.389084090909,1.7846236363636
23311,60,60344,60850,Lalandelle,lalandelle,49.391755,1.8688909259259
23312,60,60345,60600,Lamécourt,lamecourt,49.42991875,2.4622135
23313,60,60346,60260,Lamorlaye,lamorlaye,49.156792604167,2.423611875
23314,60,60347,60220,Lannoy-Cuillère,lannoy cuillere,49.712267213115,1.7384103278688
23315,60,60348,60400,Larbroye,larbroye,49.572362972973,2.9588256756757
23316,60,60350,60310,Lassigny,lassigny,49.596307539683,2.8463894444444
23317,60,60351,60490,Lataule,lataule,49.533151744186,2.6756339534884
23318,60,60352,60240,Lattainville,lattainville,49.242496481481,1.8113394444444
23319,60,60353,60120,Lavacquerie,lavacquerie,49.679952361111,2.1058701388889
23320,60,60354,60210,Laverrière,laverriere,49.68709,2.0150188888889
23321,60,60355,60510,Laversines,laversines,49.426025806452,2.2020343010753
23322,60,60356,60240,Lavilletertre,lavilletertre,49.187505904762,1.9340964761905
23323,60,60357,60420,Léglantiers,leglantiers,49.497991052632,2.5336028947368
23324,60,60358,60800,Lévignen,levignen,49.199139230769,2.9132544444444
23325,60,60359,60650,Lhéraule,lheraule,49.488078615385,1.932346
23326,60,60360,60140,Liancourt,liancourt,49.331085,2.4640290740741
23327,60,60361,60240,Liancourt-Saint-Pierre,liancourt saint pierre,49.236122807018,1.9021766666667
23328,60,60362,60640,Libermont,libermont,49.6894249,2.9794627
23329,60,60363,60240,Lierville,lierville,49.197565,1.8933071666667
23330,60,60364,60130,Lieuvillers,lieuvillers,49.471817692308,2.4844295384615
23331,60,60365,60360,Lihus,lihus,49.606483716814,2.0405176106195
23332,60,60366,60510,Litz,litz,49.425077672414,2.3341299137931
23333,60,60367,60240,Loconville,loconville,49.259240810811,1.9212271621622
23334,60,60368,60150,Longueil-Annel,longueil annel,49.465804623656,2.8528456989247
23335,60,60369,60126,Longueil-Sainte-Marie,longueil sainte marie,49.343558482143,2.7094641964286
23336,60,60370,60110,Lormaison,lormaison,49.255703255814,2.1044323255814
23337,60,60371,60380,Loueuse,loueuse,49.589948987342,1.8319946835443
23338,60,60372,60360,Luchy,luchy,49.553910178571,2.1156592857143
23339,60,60373,60150,Machemont,machemont,49.507996403509,2.8767786842105
23340,60,60374,60420,Maignelay-Montigny,maignelay montigny,49.549583773585,2.5216483962264
23341,60,60375,60600,Maimbeville,maimbeville,49.413415352113,2.5206635211268
23342,60,60376,60112,Maisoncelle-Saint-Pierre,maisoncelle saint pierre,49.513727846154,2.1219496923077
23343,60,60377,60480,Maisoncelle-Tuilerie,maisoncelle tuilerie,49.588877733333,2.2225185333333
23344,60,60378,60490,Marest-sur-Matz,marest sur matz,49.503136025641,2.823181025641
23345,60,60379,60490,Mareuil-la-Motte,mareuil la motte,49.5490811,2.8014918
23346,60,60380,60890,Mareuil-sur-Ourcq,mareuil sur ourcq,49.136985257143,3.0717792
23347,60,60381,60310,Margny-aux-Cerises,margny aux cerises,49.671665735294,2.8745002941177
23348,60,60382,60280,Margny-lès-Compiègne,margny les compiegne,49.427172083333,2.8132169444444
23349,60,60383,60490,Margny-sur-Matz,margny sur matz,49.530482673267,2.7800872277228
23350,60,60385,60890,Marolles,marolles,49.166911630901,3.1052806437768
23351,60,60386,60490,Marquéglise,marqueglise,49.514476944444,2.75716
23352,60,60387,60690,Marseille-en-Beauvaisis,marseille en beauvaisis,49.577798703704,1.9557475
23353,60,60388,60112,Martincourt,martincourt,49.527274318182,1.9005535227273
23354,60,60389,60640,Maucourt,maucourt,49.632407777778,3.0787224444444
23355,60,60390,60480,Maulers,maulers,49.54468,2.1640585227273
23356,60,60391,60660,Maysel,maysel,49.254471944444,2.3680244444444
23357,60,60392,60150,Mélicocq,melicocq,49.492128235294,2.8544417647059
23358,60,60393,60660,Mello,mello,49.277193,2.3739427777778
23359,60,60394,60420,Ménévillers,menevillers,49.519473285714,2.6050418571429
23360,60,60395,60110,Méru,meru,49.247546212121,2.1349749242424
23361,60,60396,60420,Méry-la-Bataille,mery la bataille,49.541243417722,2.6333783544304
23362,60,60397,60210,Le Mesnil-Conteville,le mesnil conteville,49.664642142857,2.0627473214286
23363,60,60398,60530,Le Mesnil-en-Thelle,le mesnil en thelle,49.17343057971,2.2844107246377
23364,60,60399,60120,Le Mesnil-Saint-Firmin,le mesnil saint firmin,49.625535625,2.40796921875
23365,60,60400,60130,Le Mesnil-sur-Bulles,le mesnil sur bulles,49.483640806452,2.3480209677419
23366,60,60401,60240,Le Mesnil-Théribus,le mesnil theribus,49.301058191489,1.9907245744681
23367,60,60402,60880,Le Meux,le meux,49.371176923077,2.7458512087912
23368,60,60403,60112,Milly-sur-Thérain,milly sur therain,49.504216726457,2.0096443049327
23369,60,60404,60140,Mogneville,mogneville,49.311974509804,2.4699839215686
23370,60,60405,60220,Moliens,moliens,49.672218333333,1.8197548611111
23371,60,60406,60940,Monceaux,monceaux,49.321212295082,2.5648634426229
23372,60,60407,60220,Monceaux-l'Abbaye,monceaux l abbaye,49.654302702703,1.7876148648649
23373,60,60408,60113,Monchy-Humières,monchy humieres,49.478008333333,2.7364264583333
23374,60,60409,60290,Monchy-Saint-Éloi,monchy saint eloi,49.296279894737,2.4695125263158
23375,60,60410,60400,Mondescourt,mondescourt,49.604031833333,3.1086401666667
23376,60,60411,60240,Monneville,monneville,49.215855495495,1.9760483783784
23377,60,60412,60240,Montagny-en-Vexin,montagny en vexin,49.194300666667,1.7963652222222
23378,60,60413,60950,Montagny-Sainte-Félicité,montagny sainte felicite,49.13237254902,2.7478735294118
23379,60,60414,60160,Montataire,montataire,49.264174563758,2.427682818792
23380,60,60415,60810,Montépilloy,montepilloy,49.212353278688,2.7079286885246
23381,60,60416,60420,Montgérain,montgerain,49.539016769231,2.5789061538461
23382,60,60418,60190,Montiers,montiers,49.504503307087,2.5711943307087
23383,60,60420,60240,Montjavoult,montjavoult,49.214747,1.7853638235294
23384,60,60421,60300,Mont-l'Évêque,mont l eveque,49.193618928571,2.6314082142857
23385,60,60422,60300,Montlognon,montlognon,49.159436875,2.7010442857143
23386,60,60423,60150,Montmacq,montmacq,49.483487916667,2.9094515277778
23387,60,60424,60190,Montmartin,montmartin,49.466977536232,2.695212173913
23388,60,60425,60480,Montreuil-sur-Brêche,montreuil sur breche,49.51181893617,2.2769392553191
23389,60,60426,60134,Montreuil-sur-Thérain,montreuil sur therain,49.381243396226,2.1946739622642
23390,60,60427,60119,Monts,monts,49.219532758621,2.0008062068965
23391,60,60428,60650,Le Mont-Saint-Adrien,le mont saint adrien,49.450382166667,2.0112556666667
23392,60,60429,60530,Morangles,morangles,49.19471045977,2.3041848275862
23393,60,60430,60127,Morienval,morienval,49.301241368421,2.9320274736842
23394,60,60431,60400,Morlincourt,morlincourt,49.568174673913,3.045500326087
23395,60,60432,60128,Mortefontaine,mortefontaine,49.111089585492,2.6022074611399
23396,60,60433,60570,Mortefontaine-en-Thelle,mortefontaine en thelle,49.26383255814,2.1864030232558
23397,60,60434,60490,Mortemer,mortemer,49.570663561644,2.6738945205479
23398,60,60435,60380,Morvillers,morvillers,49.582170985915,1.8709769014084
23399,60,60436,60120,Mory-Montcrux,mory montcrux,49.595515862069,2.4015710344828
23400,60,60437,60250,Mouchy-le-Châtel,mouchy le chatel,49.326647058824,2.2480047058823
23401,60,60438,60350,Moulin-sous-Touvent,moulin sous touvent,49.462956101695,3.0606137288136
23402,60,60439,60250,Mouy,mouy,49.318118273381,2.3055009352518
23403,60,60440,60190,Moyenneville,moyenneville,49.490642253521,2.6346795774648
23404,60,60441,60190,Moyvillers,moyvillers,49.408985846154,2.6475229230769
23405,60,60442,60480,Muidorge,muidorge,49.533143088235,2.1351925
23406,60,60443,60640,Muirancourt,muirancourt,49.647572,3.0031261666667
23407,60,60444,60220,Mureaumont,mureaumont,49.621388285714,1.7925537142857
23408,60,60445,60400,Nampcel,nampcel,49.495802521739,3.0955505217391
23409,60,60446,60440,Nanteuil-le-Haudouin,nanteuil le haudouin,49.141905875,2.806262
23410,60,60447,60320,Néry,nery,49.27233125,2.7802672794118
23411,60,60448,60890,Neufchelles,neufchelles,49.117621705426,3.052613875969
23412,60,60449,60190,Neufvy-sur-Aronde,neufvy sur aronde,49.511728761062,2.6562617699115
23413,60,60450,60530,Neuilly-en-Thelle,neuilly en thelle,49.228986728972,2.2807000934579
23414,60,60451,60290,Neuilly-sous-Clermont,neuilly sous clermont,49.348430947368,2.403588631579
23415,60,60452,60119,Neuville-Bosc,neuville bosc,49.203918,2.0127085
23416,60,60454,60510,La Neuville-en-Hez,la neuville en hez,49.383687234043,2.3327113981763
23417,60,60455,60390,La Neuville-Garnier,la neuville garnier,49.33575,2.0510973333333
23418,60,60456,60190,La Neuville-Roy,la neuville roy,49.481379347826,2.5802467391304
23419,60,60457,60480,La Neuville-Saint-Pierre,la neuville saint pierre,49.531021186441,2.1939911864407
23420,60,60458,60690,La Neuville-sur-Oudeuil,la neuville sur oudeuil,49.568192857143,2.0119849206349
23421,60,60459,60490,La Neuville-sur-Ressons,la neuville sur ressons,49.551506060606,2.7437221212121
23422,60,60460,60112,La Neuville-Vault,la neuville vault,49.488312638889,1.964035
23423,60,60461,60510,Nivillers,nivillers,49.450631372549,2.1704619607843
23424,60,60462,60430,Noailles,noailles,49.322141744186,2.1966763953488
23425,60,60463,60180,Nogent-sur-Oise,nogent sur oise,49.279309099099,2.4606901801802
23426,60,60464,60840,Nointel,nointel,49.387100289855,2.4875342028986
23427,60,60465,60480,Noirémont,noiremont,49.548817375,2.214865625
23428,60,60466,60130,Noroy,noroy,49.445713269231,2.5101240384615
23429,60,60468,60130,Nourard-le-Franc,nourard le franc,49.499898271605,2.358525308642
23430,60,60469,60730,Novillers,novillers,49.273863265306,2.2221718367347
23431,60,60470,60480,Noyers-Saint-Martin,noyers saint martin,49.551928888889,2.2670157777778
23432,60,60471,60400,Noyon,noyon,49.575925934579,3.0110757476636
23433,60,60472,60210,Offoy,offoy,49.697076896552,2.0419904597701
23434,60,60473,60440,Ognes,ognes,49.099386851852,2.8362744444444
23435,60,60474,60310,Ognolles,ognolles,49.691578181818,2.9166848181818
23436,60,60475,60810,Ognon,ognon,49.238671125,2.646564125
23437,60,60476,60220,Omécourt,omecourt,49.617603921569,1.8348188235294
23438,60,60477,60650,Ons-en-Bray,ons en bray,49.422058832117,1.9216162773723
23439,60,60478,60620,Ormoy-le-Davien,ormoy le davien,49.198400821918,2.9630123287671
23440,60,60479,60800,Ormoy-Villers,ormoy villers,49.202254315789,2.847156631579
23441,60,60480,60510,Oroër,oroer,49.500354067797,2.1806010169491
23442,60,60481,60129,Orrouy,orrouy,49.296723793103,2.8563808965517
23443,60,60482,60560,Orry-la-Ville,orry la ville,49.14095238806,2.5120946268657
23444,60,60483,60490,Orvillers-Sorel,orvillers sorel,49.5750475,2.7057717708333
23445,60,60484,60860,Oudeuil,oudeuil,49.549497719298,2.0300107017544
23446,60,60485,60480,Oursel-Maison,oursel maison,49.596475576923,2.1736740384615
23447,60,60486,60120,Paillart,paillart,49.663901415929,2.3213332743363
23448,60,60487,60240,Parnes,parnes,49.2003778,1.746819
23449,60,60488,60400,Passel,passel,49.553707934783,2.9677719565217
23450,60,60489,60440,Péroy-les-Gombries,peroy les gombries,49.1693734375,2.84255375
23451,60,60490,60112,Pierrefitte-en-Beauvaisis,pierrefitte en beauvaisis,49.474611238095,1.9688447619048
23452,60,60491,60350,Pierrefonds,pierrefonds,49.339818679245,2.9722509433962
23453,60,60492,60170,Pimprez,pimprez,49.509307692308,2.9556846923077
23454,60,60493,60860,Pisseleu,pisseleu,49.538342391304,2.058402826087
23455,60,60494,60128,Plailly,plailly,49.106772717949,2.5796708205128
23456,60,60495,60130,Plainval,plainval,49.532564354839,2.4527174193548
23457,60,60496,60120,Plainville,plainville,49.614582156863,2.4517692156863
23458,60,60497,60130,Le Plessier-sur-Bulles,le plessier sur bulles,49.494441666667,2.3192629166667
23459,60,60498,60130,Le Plessier-sur-Saint-Just,le plessier sur saint just,49.507175967742,2.4556641935484
23460,60,60499,60310,Plessis-de-Roye,plessis de roye,49.572244468085,2.8272242553192
23461,60,60500,60330,Le Plessis-Belleville,le plessis belleville,49.100322553191,2.7583591489362
23462,60,60501,60150,Le Plessis-Brion,le plessis brion,49.46801027027,2.8883728378378
23463,60,60502,60640,Le Plessis-Patte-d'Oie,le plessis patte d oie,49.684394772727,3.0670056818182
23464,60,60503,60420,Le Ployron,le ployron,49.586096486486,2.5800086486486
23465,60,60504,60430,Ponchon,ponchon,49.350533458647,2.1871094736842
23466,60,60505,60520,Pontarmé,pontarme,49.161277159091,2.5592225
23467,60,60506,60400,Pont-l'Évêque,pont l eveque,49.561982711864,2.9854425423729
23468,60,60507,60400,Pontoise-lès-Noyon,pontoise les noyon,49.5457141,3.0464669
23469,60,60508,60700,Pontpoint,pontpoint,49.305124893617,2.6608563829787
23470,60,60509,60700,Pont-Sainte-Maxence,pont sainte maxence,49.310379134615,2.6056695192308
23471,60,60510,60390,Porcheux,porcheux,49.335213396226,1.9254503773585
23472,60,60511,60400,Porquéricourt,porquericourt,49.595455744681,2.9542455319149
23473,60,60512,60790,Pouilly,pouilly,49.274286712329,2.0291594520548
23474,60,60513,60460,Précy-sur-Oise,precy sur oise,49.206000285714,2.3647794285714
23475,60,60514,60360,Prévillers,previllers,49.616685272727,1.9981527272727
23476,60,60515,60190,Pronleroy,pronleroy,49.468782424242,2.5367076767677
23477,60,60516,60850,Puiseux-en-Bray,puiseux en bray,49.412989591837,1.7800089795918
23478,60,60517,60540,Puiseux-le-Hauberger,puiseux le hauberger,49.218375692308,2.2300576923077
23479,60,60518,60480,Puits-la-Vallée,puits la vallee,49.585067887324,2.1894883098591
23480,60,60519,60640,Quesmy,quesmy,49.631927954545,3.0555681818182
23481,60,60520,60480,Le Quesnel-Aubry,le quesnel aubry,49.510514920635,2.3142214285714
23482,60,60521,60220,Quincampoix-Fleuzy,quincampoix fleuzy,49.748048130081,1.7641800813008
23483,60,60522,60130,Quinquempoix,quinquempoix,49.545567073171,2.4221470731707
23484,60,60523,60155,Rainvillers,rainvillers,49.408489512195,2.0005234146341
23485,60,60524,60290,Rantigny,rantigny,49.336429016393,2.4345918032787
23486,60,60525,60810,Raray,raray,49.263603157895,2.7184589473684
23487,60,60526,60130,Ravenel,ravenel,49.51424,2.5062724590164
23488,60,60527,60620,Réez-Fosse-Martin,reez fosse martin,49.092112792793,2.9295354054054
23489,60,60528,60240,Reilly,reilly,49.241375,1.85141046875
23490,60,60529,60600,Rémécourt,remecourt,49.42724,2.4923389655172
23491,60,60530,60510,Rémérangles,remerangles,49.445120533333,2.2887362666667
23492,60,60531,60190,Remy,remy,49.437053305785,2.7057811570248
23493,60,60533,60490,Ressons-sur-Matz,ressons sur matz,49.535250945946,2.7349008108108
23494,60,60534,60153,Rethondes,rethondes,49.426573239437,2.9490074647887
23495,60,60535,60480,Reuil-sur-Brêche,reuil sur breche,49.522874936709,2.223667721519
23496,60,60536,60410,Rhuis,rhuis,49.304207575758,2.6955321212121
23497,60,60537,60170,Ribécourt-Dreslincourt,ribecourt dreslincourt,49.51927097561,2.9156489430894
23498,60,60538,60490,Ricquebourg,ricquebourg,49.56079047619,2.7535938095238
23499,60,60539,60870,Rieux,rieux,49.300383333333,2.5095101666667
23500,60,60540,60126,Rivecourt,rivecourt,49.348142195122,2.7365370731707
23501,60,60541,60410,Roberval,roberval,49.294934642857,2.6859152380952
23502,60,60542,60510,Rochy-Condé,rochy conde,49.402874230769,2.1921688461538
23503,60,60543,60800,Rocquemont,rocquemont,49.260592933333,2.8188881333333
23504,60,60544,60120,Rocquencourt,rocquencourt,49.65088084507,2.4160701408451
23505,60,60545,60220,Romescamps,romescamps,49.711595789474,1.8023211842105
23506,60,60546,60440,Rosières,rosieres,49.187676704545,2.7759677272727
23507,60,60547,60140,Rosoy,rosoy,49.339688837209,2.5057858139535
23508,60,60548,60620,Rosoy-en-Multien,rosoy en multien,49.095254220183,2.9892562385321
23509,60,60549,60360,Rotangy,rotangy,49.581574534884,2.090116627907
23510,60,60550,60690,Rothois,rothois,49.597466,1.9871268888889
23511,60,60551,60660,Rousseloy,rousseloy,49.297262962963,2.3909803703704
23512,60,60552,60800,Rouville,rouville,49.211565454545,2.8816504545454
23513,60,60553,60190,Rouvillers,rouvillers,49.454798507463,2.6317956716418
23514,60,60554,60620,Rouvres-en-Multien,rouvres en multien,49.109851538462,3.0241622222222
23515,60,60555,60120,Rouvroy-les-Merles,rouvroy les merles,49.650267540984,2.3587663934426
23516,60,60556,60420,Royaucourt,royaucourt,49.614372222222,2.5368203703704
23517,60,60557,60690,Roy-Boissy,roy boissy,49.580072021277,1.9156021276596
23518,60,60558,60310,Roye-sur-Matz,roye sur matz,49.590606285714,2.7730919047619
23519,60,60559,60510,La Rue-Saint-Pierre,la rue saint pierre,49.410703076923,2.2949775641026
23520,60,60560,60810,Rully,rully,49.236656526316,2.7101733684211
23521,60,60561,60117,Russy-Bémont,russy bemont,49.24910295082,2.9577813934426
23522,60,60562,60700,Sacy-le-Grand,sacy le grand,49.361116136364,2.55428125
23523,60,60563,60190,Sacy-le-Petit,sacy le petit,49.367110625,2.62899075
23524,60,60564,60420,Sains-Morainvillers,sains morainvillers,49.581329294118,2.4614629411765
23525,60,60565,60480,Saint-André-Farivillers,saint andre farivillers,49.582534776119,2.3020037313433
23526,60,60566,60220,Saint-Arnoult,saint arnoult,49.634993272727,1.8087090909091
23527,60,60567,60650,Saint-Aubin-en-Bray,saint aubin en bray,49.429740542636,1.8906004651163
23528,60,60568,60600,Saint-Aubin-sous-Erquery,saint aubin sous erquery,49.413833846154,2.4911507692308
23529,60,60569,60170,Saint-Crépin-aux-Bois,saint crepin aux bois,49.439538705882,2.9873209411765
23530,60,60570,60149,Saint-Crépin-Ibouvillers,saint crepin ibouvillers,49.2606586,2.0656207
23531,60,60570,60790,Saint-Crépin-Ibouvillers,saint crepin ibouvillers,49.2960102,2.0738721
23532,60,60571,60380,Saint-Deniscourt,saint deniscourt,49.609612068966,1.8648436206897
23533,60,60572,60350,Saint-Étienne-Roilaye,saint etienne roilaye,49.363794565217,3.01264
23534,60,60573,60480,Sainte-Eusoye,sainte eusoye,49.577216493506,2.25191
23535,60,60574,60370,Saint-Félix,saint felix,49.356970220588,2.2839027205882
23536,60,60575,60730,Sainte-Geneviève,sainte genevieve,49.291462133333,2.1996694666667
23537,60,60576,60650,Saint-Germain-la-Poterie,saint germain la poterie,49.440762087912,1.972272967033
23538,60,60577,60850,Saint-Germer-de-Fly,saint germer de fly,49.439139731544,1.7763872483222
23539,60,60578,60410,Saintines,saintines,49.304726133333,2.7688202666667
23540,60,60579,60350,Saint-Jean-aux-Bois,saint jean aux bois,49.343059069767,2.9087258139535
23541,60,60581,60130,Saint-Just-en-Chaussée,saint just en chaussee,49.511323529412,2.4175050420168
23542,60,60582,60170,Saint-Léger-aux-Bois,saint leger aux bois,49.487464,2.9508532
23543,60,60583,60155,Saint-Léger-en-Bray,saint leger en bray,49.388690125,2.026772375
23544,60,60584,60340,Saint-Leu-d'Esserent,saint leu d esserent,49.227223302752,2.4087266972477
23545,60,60585,60420,Saint-Martin-aux-Bois,saint martin aux bois,49.526627837838,2.5583304504505
23546,60,60586,60000,Saint-Martin-le-Nœud,saint martin le noeud,49.395033561644,2.061601369863
23547,60,60587,60700,Saint-Martin-Longueau,saint martin longueau,49.345582923077,2.6019970769231
23548,60,60588,60210,Saint-Maur,saint maur,49.617364166667,1.9231090625
23549,60,60589,60740,Saint-Maximin,saint maximin,49.229236842105,2.4568471052632
23550,60,60590,60860,Saint-Omer-en-Chaussée,saint omer en chaussee,49.531904166667,1.9994775
23551,60,60591,60650,Saint-Paul,saint paul,49.42720057377,1.9766839344262
23552,60,60592,60850,Saint-Pierre-es-Champs,saint pierre es champs,49.426273552632,1.7389624342105
23553,60,60593,60350,Saint-Pierre-lès-Bitry,saint pierre les bitry,49.432234861111,3.0818098611111
23554,60,60594,60380,Saint-Quentin-des-Prés,saint quentin des pres,49.517085921788,1.7464347486034
23555,60,60595,60130,Saint-Remy-en-l'Eau,saint remy en l eau,49.471881958763,2.4232016494845
23556,60,60596,60220,Saint-Samson-la-Poterie,saint samson la poterie,49.595460144928,1.736648115942
23557,60,60597,60320,Saint-Sauveur,saint sauveur,49.317407340426,2.7987174468085
23558,60,60598,60430,Saint-Sulpice,saint sulpice,49.353261607143,2.1177797321429
23559,60,60599,60210,Saint-Thibault,saint thibault,49.692851333333,1.8169808
23560,60,60600,60410,Saint-Vaast-de-Longmont,saint vaast de longmont,49.297651836735,2.7477283673469
23561,60,60601,60660,Saint-Vaast-lès-Mello,saint vaast les mello,49.275855310345,2.4053804827586
23562,60,60602,60220,Saint-Valery,saint valery,49.725894181818,1.7324430909091
23563,60,60603,60400,Salency,salency,49.58645632,3.048318
23564,60,60604,60210,Sarcus,sarcus,49.679546907216,1.8659650515464
23565,60,60605,60210,Sarnois,sarnois,49.680341555556,1.9236482222222
23566,60,60608,60360,Le Saulchoy,le saulchoy,49.631658245614,2.1378389473684
23567,60,60609,60650,Savignies,savignies,49.463454122137,1.9533855725191
23568,60,60610,60400,Sempigny,sempigny,49.55176888,3.00228888
23569,60,60611,60650,Senantes,senantes,49.488871953125,1.83875171875
23570,60,60612,60300,Senlis,senlis,49.208064179104,2.5878681343284
23571,60,60613,60240,Senots,senots,49.261655670103,2.0083743298969
23572,60,60614,60240,Serans,serans,49.190476687117,1.8266285889571
23573,60,60615,60120,Sérévillers,serevillers,49.6328978,2.434098
23574,60,60616,60590,Sérifontaine,serifontaine,49.355883877551,1.7834893877551
23575,60,60617,60400,Sermaize,sermaize,49.619259036145,2.9631915662651
23576,60,60618,60800,Séry-Magneval,sery magneval,49.257586621622,2.8530455405405
23577,60,60619,60330,Silly-le-Long,silly le long,49.105191176471,2.7847255882353
23578,60,60620,60430,Silly-Tillard,silly tillard,49.319425,2.1483093181818
23579,60,60621,60310,Solente,solente,49.699186666667,2.8836932323232
23580,60,60622,60210,Sommereux,sommereux,49.675077012987,2.0143631168831
23581,60,60623,60380,Songeons,songeons,49.565439202899,1.8503311594203
23582,60,60624,60380,Sully,sully,49.557322368421,1.7793422368421
23583,60,60625,60400,Suzoy,suzoy,49.582768,2.9405555
23584,60,60626,60590,Talmontiers,talmontiers,49.385454180328,1.7491828688525
23585,60,60627,60120,Tartigny,tartigny,49.636096266667,2.3659350666667
23586,60,60628,60510,Therdonne,therdonne,49.424791473684,2.1457756842105
23587,60,60629,60380,Thérines,therines,49.600838181818,1.896797979798
23588,60,60630,60240,Thibivillers,thibivillers,49.30860078125,1.902804375
23589,60,60631,60520,Thiers-sur-Thève,thiers sur theve,49.149887272727,2.5745072727273
23590,60,60632,60310,Thiescourt,thiescourt,49.560730522388,2.8680633582089
23591,60,60633,60210,Thieuloy-Saint-Antoine,thieuloy saint antoine,49.634603428571,1.944458
23592,60,60634,60480,Thieux,thieux,49.545478367347,2.311646122449
23593,60,60635,60160,Thiverny,thiverny,49.246782790698,2.4297165116279
23594,60,60636,60150,Thourotte,thourotte,49.477636428571,2.8807008163265
23595,60,60637,60890,Thury-en-Valois,thury en valois,49.148535425532,3.034204787234
23596,60,60638,60250,Thury-sous-Clermont,thury sous clermont,49.359827710843,2.3268393975904
23597,60,60639,60000,Tillé,tille,49.470237946429,2.1115299107143
23598,60,60640,60240,Tourly,tourly,49.221645833333,1.9458344444444
23599,60,60641,60170,Tracy-le-Mont,tracy le mont,49.47310936,3.01592448
23600,60,60642,60170,Tracy-le-Val,tracy le val,49.490312,3.009545125
23601,60,60643,60420,Tricot,tricot,49.561675487805,2.5807540243902
23602,60,60644,60590,Trie-Château,trie chateau,49.294478230088,1.8177191150442
23603,60,60645,60590,Trie-la-Ville,trie la ville,49.28324,1.8387551724138
23604,60,60646,60112,Troissereux,troissereux,49.484207054264,2.0466690697674
23605,60,60647,60350,Trosly-Breuil,trosly breuil,49.40209939759,2.9661590361446
23606,60,60648,60120,Troussencourt,troussencourt,49.603566790123,2.2492519753086
23607,60,60650,60800,Trumilly,trumilly,49.240696060606,2.7900586868687
23608,60,60651,60730,Ully-Saint-Georges,ully saint georges,49.271125762712,2.2764766949152
23609,60,60652,60790,Valdampierre,valdampierre,49.306193157895,2.0556572368421
23610,60,60653,60130,Valescourt,valescourt,49.487206320755,2.4298808490566
23611,60,60654,60490,Vandélicourt,vandelicourt,49.507960875,2.79398075
23612,60,60655,60400,Varesnes,varesnes,49.561667557252,3.0723461832061
23613,60,60656,60890,Varinfroy,varinfroy,49.093029701493,3.0514202985075
23614,60,60657,60400,Vauchelles,vauchelles,49.586533913043,2.9677786956522
23615,60,60658,60117,Vauciennes,vauciennes,49.225007466667,3.0169184
23616,60,60659,60240,Vaudancourt,vaudancourt,49.23081127907,1.7636975581395
23617,60,60660,60590,Le Vaumain,le vaumain,49.336333076923,1.8646381538461
23618,60,60661,60117,Vaumoise,vaumoise,49.241145128205,2.9810883333333
23619,60,60662,60390,Le Vauroux,le vauroux,49.379077974684,1.9205889873418
23620,60,60663,60510,Velennes,velennes,49.470646190476,2.1943568253968
23621,60,60664,60120,Vendeuil-Caply,vendeuil caply,49.6065843,2.2865045
23622,60,60665,60280,Venette,venette,49.418291212121,2.787723030303
23623,60,60666,60950,Ver-sur-Launette,ver sur launette,49.106441363636,2.6640306060606
23624,60,60667,60410,Verberie,verberie,49.307420425532,2.7344539007092
23625,60,60668,60112,Verderel-lès-Sauqueuse,verderel les sauqueuse,49.507272424242,2.0818831818182
23626,60,60669,60140,Verderonne,verderonne,49.327603695652,2.4960852173913
23627,60,60670,60550,Verneuil-en-Halatte,verneuil en halatte,49.272928823529,2.5206004411765
23628,60,60671,60440,Versigny,versigny,49.158893541667,2.7823703125
23629,60,60672,60117,Vez,vez,49.253431392405,3.0101965822785
23630,60,60673,60360,Viefvillers,viefvillers,49.6129328125,2.1298121875
23631,60,60674,60350,Vieux-Moulin,vieux moulin,49.397182307692,2.9289465384615
23632,60,60675,60162,Vignemont,vignemont,49.4969684,2.7785869333333
23633,60,60676,60400,Ville,ville,49.557556962025,2.9349527848101
23634,60,60677,60650,Villembray,villembray,49.481607804878,1.8722441463415
23635,60,60678,60175,Villeneuve-les-Sablons,villeneuve les sablons,49.233440363636,2.0723190909091
23636,60,60679,60890,La Villeneuve-sous-Thury,la villeneuve sous thury,49.158498965517,3.068749137931
23637,60,60680,60410,Villeneuve-sur-Verberie,villeneuve sur verberie,49.279155465116,2.6911745348837
23638,60,60681,60650,Villers-Saint-Barthélemy,villers saint barthelemy,49.403991078431,1.9585241176471
23639,60,60682,60810,Villers-Saint-Frambourg,villers saint frambourg,49.256231521739,2.6410673913043
23640,60,60683,60620,Villers-Saint-Genest,villers saint genest,49.142074166667,2.8967408333333
23641,60,60684,60870,Villers-Saint-Paul,villers saint paul,49.288928117647,2.4904411764706
23642,60,60685,60134,Villers-Saint-Sépulcre,villers saint sepulcre,49.370480168067,2.2111548739496
23643,60,60686,60340,Villers-sous-Saint-Leu,villers sous saint leu,49.216596212121,2.3875924242424
23644,60,60687,60650,Villers-sur-Auchy,villers sur auchy,49.478653461538,1.7865378846154
23645,60,60688,60860,Villers-sur-Bonnières,villers sur bonnieres,49.534165217391,1.9634052173913
23646,60,60689,60150,Villers-sur-Coudun,villers sur coudun,49.48774875,2.8067033333333
23647,60,60691,60380,Villers-Vermont,villers vermont,49.576288762887,1.7210670103093
23648,60,60692,60120,Villers-Vicomte,villers vicomte,49.640540983607,2.2257118032787
23649,60,60693,60640,Villeselve,villeselve,49.688949148936,3.113255106383
23650,60,60694,60390,Villotran,villotran,49.347252463768,2.0105456521739
23651,60,60695,60500,Vineuil-Saint-Firmin,vineuil saint firmin,49.20065953125,2.50964125
23652,60,60697,60112,Vrocourt,vrocourt,49.533937972973,1.8866881081081
23653,60,60698,60420,Wacquemoulin,wacquemoulin,49.508505545455,2.6180287272727
23654,60,60699,60380,Wambez,wambez,49.522515,1.845086625
23655,60,60700,60430,Warluis,warluis,49.385440437158,2.1584695081967
23656,60,60701,60130,Wavignies,wavignies,49.546908767123,2.3560521917808
23657,60,60702,60420,Welles-Pérennes,welles perennes,49.611520818182,2.4830037272727
23658,60,60703,60000,Aux Marais,aux marais,49.410323913043,2.0394320652174
