,,,,-PAS-DE-CALAIS,,,
24064,62,62001,62153,Ablain-Saint-Nazaire,ablain saint nazaire,50.396425855856,2.6961381981982
24065,62,62002,62116,Ablainzevelle,ablainzevelle,50.151672830189,2.7441811320755
24066,62,62003,62320,Acheville,acheville,50.384769142857,2.8809717142857
24067,62,62004,62217,Achicourt,achicourt,50.274688764045,2.7540520224719
24068,62,62005,62121,Achiet-le-Grand,achiet le grand,50.130766521739,2.7825467391304
24069,62,62006,62121,Achiet-le-Petit,achiet le petit,50.126266125,2.757351
24070,62,62007,62144,Acq,acq,50.3507725,2.6550814285714
24071,62,62008,62380,Acquin-Westbécourt,acquin westbecourt,50.730714242424,2.0728992424242
24072,62,62009,62116,Adinfer,adinfer,50.192161764706,2.7034861764706
24073,62,62010,62380,Affringues,affringues,50.69095952381,2.0707458730159
24074,62,62011,62161,Agnez-lès-Duisans,agnez les duisans,50.309237721519,2.6490389873418
24075,62,62012,62690,Agnières,agnieres,50.351817313433,2.606113880597
24076,62,62013,62217,Agny,agny,50.251334166667,2.7617758333333
24077,62,62014,62120,Aire-sur-la-Lys,aire sur la lys,50.641054579832,2.3897035294118
24078,62,62015,62180,Airon-Notre-Dame,airon notre dame,50.442352295082,1.664643442623
24079,62,62016,62180,Airon-Saint-Vaast,airon saint vaast,50.425235869565,1.672794673913
24080,62,62017,62650,Aix-en-Ergny,aix en ergny,50.5844955,1.9992975
24081,62,62018,62170,Aix-en-Issart,aix en issart,50.480298692308,1.862424
24082,62,62019,62160,Aix-Noulette,aix noulette,50.420764206349,2.7107465079365
24083,62,62020,62850,Alembon,alembon,50.78112308642,1.8760497530864
24084,62,62021,62650,Alette,alette,50.525628640777,1.8580454368932
24085,62,62022,62142,Alincthun,alincthun,50.719979818182,1.8117176969697
24086,62,62023,62157,Allouagne,allouagne,50.531736923077,2.5068076923077
24087,62,62024,62850,Alquines,alquines,50.736182822581,1.9966991935484
24088,62,62025,62164,Ambleteuse,ambleteuse,50.811537672414,1.6168072413793
24089,62,62026,62310,Ambricourt,ambricourt,50.465797301587,2.1745249206349
24090,62,62027,62127,Ambrines,ambrines,50.309541041667,2.4638395833333
24091,62,62028,62190,Ames,ames,50.534890384615,2.415365
24092,62,62029,62260,Amettes,amettes,50.526802131148,2.3940363934426
24093,62,62030,62760,Amplier,amplier,50.137009550562,2.39705
24094,62,62031,62340,Andres,andres,50.86610375,1.9187169642857
24095,62,62032,62143,Angres,angres,50.409972807018,2.7536157017544
24096,62,62033,62880,Annay,annay,50.460117777778,2.88089
24097,62,62034,62149,Annequin,annequin,50.502382727273,2.7206734090909
24098,62,62035,62232,Annezin,annezin,50.541891860465,2.6178404651163
24099,62,62036,62134,Anvin,anvin,50.450307815126,2.2571911764706
24100,62,62037,62223,Anzin-Saint-Aubin,anzin saint aubin,50.315595131579,2.7379892105263
24101,62,62038,62610,Ardres,ardres,50.8645979,1.9828224
24102,62,62039,62580,Arleux-en-Gohelle,arleux en gohelle,50.365379191919,2.8661157575758
24103,62,62040,62510,Arques,arques,50.739992944162,2.3156065989848
24104,62,62041,62000,Arras,arras,50.289051111111,2.7669668333333
24105,62,62042,62223,Athies,athies,50.3058526,2.8400944
24106,62,62043,62730,Les Attaques,les attaques,50.906766666667,1.9361364814815
24107,62,62044,62170,Attin,attin,50.486468559322,1.7536216949153
24108,62,62045,62690,Aubigny-en-Artois,aubigny en artois,50.35070075,2.586619625
24109,62,62046,62140,Aubin-Saint-Vaast,aubin saint vaast,50.391176173913,1.9707106956522
24110,62,62047,62390,Aubrometz,aubrometz,50.302733278689,2.1761532786885
24111,62,62048,62260,Auchel,auchel,50.511916081081,2.469382027027
24112,62,62049,62190,Auchy-au-Bois,auchy au bois,50.550493947368,2.3748342105263
24113,62,62050,62770,Auchy-lès-Hesdin,auchy les hesdin,50.412615217391,2.0943942753623
24114,62,62051,62138,Auchy-les-Mines,auchy les mines,50.507482641509,2.7845532075472
24115,62,62052,62250,Audembert,audembert,50.859477010309,1.688660927835
24116,62,62053,62560,Audincthun,audincthun,50.577851771429,2.1337992571429
24117,62,62054,62179,Audinghen,audinghen,50.853545897436,1.6136132051282
24118,62,62055,62890,Audrehem,audrehem,50.771305422535,1.9856
24119,62,62056,62164,Audresselles,audresselles,50.828140531915,1.6127828723404
24120,62,62057,62370,Audruicq,audruicq,50.877379456522,2.079424673913
24121,62,62058,62550,Aumerval,aumerval,50.504644210526,2.4049191578947
24122,62,62059,62610,Autingues,autingues,50.843219433962,1.9851656603774
24123,62,62060,62390,Auxi-le-Château,auxi le chateau,50.231721757322,2.1150458577406
24124,62,62061,62127,Averdoingt,averdoingt,50.344817066667,2.4428361333333
24125,62,62062,62650,Avesnes,avesnes,50.551372142857,1.9648652380952
24126,62,62063,62810,Avesnes-le-Comte,avesnes le comte,50.2707325,2.5288120588235
24127,62,62064,62450,Avesnes-lès-Bapaume,avesnes les bapaume,50.104434313725,2.8328284313726
24128,62,62065,62210,Avion,avion,50.40604962963,2.8293268148148
24129,62,62066,62310,Avondance,avondance,50.479851836735,2.1011706122449
24130,62,62067,62560,Avroult,avroult,50.63207,2.1417796226415
24131,62,62068,62116,Ayette,ayette,50.169875166667,2.7320836666667
24132,62,62069,62310,Azincourt,azincourt,50.457706548673,2.1151975221239
24133,62,62070,62127,Bailleul-aux-Cornailles,bailleul aux cornailles,50.372718461538,2.4502444871795
24134,62,62071,62550,Bailleul-lès-Pernes,bailleul les pernes,50.506536811594,2.3817242028986
24135,62,62072,62123,Bailleulmont,bailleulmont,50.209967846154,2.6055369230769
24136,62,62073,62580,Bailleul-Sir-Berthoult,bailleul sir berthoult,50.337377263158,2.8423823157895
24137,62,62074,62123,Bailleulval,bailleulval,50.221414507042,2.6277602816901
24138,62,62075,62360,Baincthun,baincthun,50.699252893617,1.7197054042553
24139,62,62076,62850,Bainghen,bainghen,50.752451931818,1.9046690909091
24140,62,62077,62150,Bajus,bajus,50.421603846154,2.4738988461538
24141,62,62078,62610,Balinghem,balinghem,50.860536285714,1.9400588571429
24142,62,62079,62450,Bancourt,bancourt,50.102141454545,2.8915758181818
24143,62,62080,62450,Bapaume,bapaume,50.1027096,2.8567881333333
24144,62,62081,62860,Baralle,baralle,50.212209906542,3.0616830841122
24145,62,62082,62124,Barastre,barastre,50.07017961039,2.9397350649351
24146,62,62083,62620,Barlin,barlin,50.455791171171,2.6128930630631
24147,62,62084,62810,Barly,barly,50.247733728814,2.538190338983
24148,62,62085,62123,Basseux,basseux,50.228353538462,2.6490596923077
24149,62,62086,62158,Bavincourt,bavincourt,50.223572,2.563575125
24150,62,62087,62910,Bayenghem-lès-Éperlecques,bayenghem les eperlecques,50.806447402597,2.11783
24151,62,62088,62380,Bayenghem-lès-Seninghem,bayenghem les seninghem,50.705508170732,2.075426097561
24152,62,62089,62250,Bazinghen,bazinghen,50.830741176471,1.6611490849673
24153,62,62090,62770,Béalencourt,bealencourt,50.435473418803,2.1228300854701
24154,62,62091,62810,Beaudricourt,beaudricourt,50.252051276596,2.4075359574468
24155,62,62092,62810,Beaufort-Blavincourt,beaufort blavincourt,50.277001309524,2.4866355952381
24156,62,62093,62450,Beaulencourt,beaulencourt,50.072500746269,2.8691504477612
24157,62,62094,62170,Beaumerie-Saint-Martin,beaumerie saint martin,50.445431683168,1.7970276237624
24158,62,62095,62960,Beaumetz-lès-Aire,beaumetz les aire,50.544465454545,2.2214263636364
24159,62,62096,62124,Beaumetz-lès-Cambrai,beaumetz les cambrai,50.124978141593,2.9871301769912
24160,62,62097,62123,Beaumetz-lès-Loges,beaumetz les loges,50.244226031746,2.6560876190476
24161,62,62099,62217,Beaurains,beaurains,50.262469178082,2.7894839726027
24162,62,62100,62990,Beaurainville,beaurainville,50.41906741573,1.9024426966292
24163,62,62101,62130,Beauvois,beauvois,50.373045454545,2.2320165909091
24164,62,62102,62240,Bécourt,becourt,50.63536440678,1.9037298305085
24165,62,62103,62121,Béhagnies,behagnies,50.141871489362,2.8280129787234
24166,62,62104,62142,Bellebrune,bellebrune,50.731666896552,1.7743148275862
24167,62,62105,62142,Belle-et-Houllefort,belle et houllefort,50.745949171598,1.7618013609467
24168,62,62106,62490,Bellonne,bellonne,50.302848125,3.04077375
24169,62,62107,62410,Bénifontaine,benifontaine,50.48148025,2.82897325
24170,62,62108,62600,Berck,berck,50.402289811321,1.5831843396226
24171,62,62109,62134,Bergueneuse,bergueneuse,50.467860882353,2.2518004411765
24172,62,62111,62810,Berlencourt-le-Cauroy,berlencourt le cauroy,50.275071065574,2.4227590983606
24173,62,62112,62123,Berles-au-Bois,berles au bois,50.203135974026,2.633075974026
24174,62,62113,62690,Berles-Monchel,berles monchel,50.346599017857,2.525935625
24175,62,62114,62130,Bermicourt,bermicourt,50.407881449275,2.2334765217391
24176,62,62115,62123,Berneville,berneville,50.266898333333,2.6704940740741
24177,62,62116,62170,Bernieulles,bernieulles,50.555752361111,1.7763597222222
24178,62,62117,62124,Bertincourt,bertincourt,50.088738395062,2.985795308642
24179,62,62118,62690,Béthonsart,bethonsart,50.383694375,2.541135
24180,62,62119,62400,Béthune,bethune,50.527013451327,2.6409672566372
24181,62,62120,62150,Beugin,beugin,50.443296538462,2.5070011538461
24182,62,62121,62450,Beugnâtre,beugnatre,50.130678382353,2.8744201470588
24183,62,62122,62124,Beugny,beugny,50.119655964912,2.9362484210526
24184,62,62123,62170,Beussent,beussent,50.561291707317,1.8079471544715
24185,62,62124,62170,Beutin,beutin,50.497288043478,1.7256347826087
24186,62,62125,62250,Beuvrequen,beuvrequen,50.799914693878,1.673622755102
24187,62,62126,62660,Beuvry,beuvry,50.536110442478,2.6875044247788
24188,62,62127,62650,Bezinghem,bezinghem,50.5958248,1.8524901
24189,62,62128,62118,Biache-Saint-Vaast,biache saint vaast,50.313996209677,2.9478874193548
24190,62,62129,62450,Biefvillers-lès-Bapaume,biefvillers les bapaume,50.1180025,2.8221851923077
24191,62,62130,62111,Bienvillers-au-Bois,bienvillers au bois,50.169957846154,2.6112075384615
24192,62,62131,62121,Bihucourt,bihucourt,50.126617142857,2.8011192857143
24193,62,62132,62138,Billy-Berclau,billy berclau,50.519654347826,2.8651184782609
24194,62,62133,62420,Billy-Montigny,billy montigny,50.415065072464,2.9101326086957
24195,62,62134,62650,Bimont,bimont,50.537281621622,1.9090352702703
24196,62,62135,62173,Blairville,blairville,50.218703207547,2.7172111320755
24197,62,62137,62270,Blangerval-Blangermont,blangerval blangermont,50.322838939394,2.2184716666667
24198,62,62138,62770,Blangy-sur-Ternoise,blangy sur ternoise,50.423339009901,2.1727786138614
24199,62,62139,62575,Blendecques,blendecques,50.71476,2.2761455555556
24200,62,62140,62380,Bléquin,blequin,50.667118617021,1.9702741489362
24201,62,62141,62120,Blessy,blessy,50.617415584416,2.3338242857143
24202,62,62142,62770,Blingel,blingel,50.40774,2.147251971831
24203,62,62143,62390,Boffles,boffles,50.253955909091,2.2032925
24204,62,62144,62128,Boiry-Becquerelle,boiry becquerelle,50.214463404255,2.8198431914894
24205,62,62145,62156,Boiry-Notre-Dame,boiry notre dame,50.273504375,2.9457801041667
24206,62,62146,62175,Boiry-Saint-Martin,boiry saint martin,50.192621666667,2.7568883333333
24207,62,62147,62175,Boiry-Sainte-Rictrude,boiry sainte rictrude,50.201688955224,2.747082238806
24208,62,62148,62320,Bois-Bernard,bois bernard,50.377714,2.908471
24209,62,62149,62500,Boisdinghem,boisdinghem,50.74841255814,2.0940018604651
24210,62,62150,62170,Boisjean,boisjean,50.409116727273,1.7806114545455
24211,62,62151,62175,Boisleux-au-Mont,boisleux au mont,50.213035333333,2.7777416
24212,62,62152,62175,Boisleux-Saint-Marc,boisleux saint marc,50.210799166667,2.795596
24213,62,62153,62960,Bomy,bomy,50.564966344086,2.2253150537634
24214,62,62154,62270,Bonnières,bonnieres,50.235847354839,2.2708250322581
24215,62,62155,62890,Bonningues-lès-Ardres,bonningues les ardres,50.777868409091,2.0163260606061
24216,62,62156,62340,Bonningues-lès-Calais,bonningues les calais,50.89147755102,1.7636716326531
24217,62,62157,62990,Boubers-lès-Hesmond,boubers les hesmond,50.47846575,1.944464
24218,62,62158,62270,Boubers-sur-Canche,boubers sur canche,50.292813047619,2.2365715238095
24219,62,62160,62200,Boulogne-sur-Mer,boulogne sur mer,50.727474551282,1.606426474359
24220,62,62161,62340,Bouquehault,bouquehault,50.815583295455,1.8975770454545
24221,62,62162,62190,Bourecq,bourecq,50.577038064516,2.4355031182796
24222,62,62163,62270,Bouret-sur-Canche,bouret sur canche,50.266270447761,2.3216388059701
24223,62,62164,62860,Bourlon,bourlon,50.177544895833,3.1194753125
24224,62,62165,62240,Bournonville,bournonville,50.701286571429,1.8446240571429
24225,62,62166,62550,Bours,bours,50.447652537313,2.4085117164179
24226,62,62167,62132,Boursin,boursin,50.7704975,1.8156432291667
24227,62,62168,62650,Bourthes,bourthes,50.615476,1.9350976
24228,62,62169,62380,Bouvelinghem,bouvelinghem,50.734563095238,2.0340827380952
24229,62,62170,62172,Bouvigny-Boyeffles,bouvigny boyeffles,50.421705142857,2.6793794285714
24230,62,62171,62134,Boyaval,boyaval,50.471479538462,2.3123869230769
24231,62,62172,62128,Boyelles,boyelles,50.195907555556,2.8195708888889
24232,62,62173,62117,Brebières,brebieres,50.338265795455,3.0227089772727
24233,62,62174,62610,Brêmes,bremes,50.845279915254,1.9563083898305
24234,62,62175,62140,Brévillers,brevillers,50.3470902,2.0230532
24235,62,62176,62170,Bréxent-Énocq,brexent enocq,50.506566741573,1.7196886516854
24236,62,62177,62170,Brimeux,brimeux,50.438221529412,1.8350629411765
24237,62,62178,62700,Bruay-la-Buissière,bruay la buissiere,50.492506783217,2.5554520979021
24238,62,62179,62240,Brunembert,brunembert,50.71399424,1.88401888
24239,62,62180,62130,Brias,brias,50.410020204082,2.3809131632653
24240,62,62181,62116,Bucquoy,bucquoy,50.150725630252,2.6915735294118
24241,62,62182,62390,Buire-au-Bois,buire au bois,50.264993723404,2.1498374468085
24242,62,62183,62870,Buire-le-Sec,buire le sec,50.390684605263,1.8197953947368
24243,62,62184,62860,Buissy,buissy,50.200376769231,3.0323253846154
24244,62,62185,62128,Bullecourt,bullecourt,50.193227090909,2.9251641818182
24245,62,62186,62160,Bully-les-Mines,bully les mines,50.446078453608,2.7168931958763
24246,62,62187,62130,Buneville,buneville,50.324087115385,2.3464996153846
24247,62,62188,62151,Burbure,burbure,50.530422368421,2.4625185526316
24248,62,62189,62124,Bus,bus,50.064263870968,2.9653870967742
24249,62,62190,62350,Busnes,busnes,50.586611794872,2.5123205128205
24250,62,62191,62132,Caffiers,caffiers,50.841634246575,1.8073631506849
24251,62,62192,62182,Cagnicourt,cagnicourt,50.2070872,2.989006
24252,62,62193,62100,Calais,calais,50.957307185629,1.8708720958084
24253,62,62194,62470,Calonne-Ricouart,calonne ricouart,50.490184516129,2.4900188709677
24254,62,62195,62350,Calonne-sur-la-Lys,calonne sur la lys,50.614798297872,2.605030106383
24255,62,62196,62170,La Calotterie,la calotterie,50.478723333333,1.7235347619048
24256,62,62197,62470,Camblain-Châtelain,camblain chatelain,50.474911149425,2.4472083908046
24257,62,62198,62690,Cambligneul,cambligneul,50.379404423077,2.6096096153846
24258,62,62199,62690,Camblain-l'Abbé,camblain l abbe,50.3764984375,2.63516203125
24259,62,62200,62149,Cambrin,cambrin,50.509646666667,2.7368943589744
24260,62,62201,62176,Camiers,camiers,50.559500991736,1.6211123140496
24261,62,62202,62650,Campagne-lès-Boulonnais,campagne les boulonnais,50.62117021978,1.9941637362637
24262,62,62203,62340,Campagne-lès-Guines,campagne les guines,50.835905742574,1.8947781188119
24263,62,62204,62870,Campagne-lès-Hesdin,campagne les hesdin,50.4018765,1.874481
24264,62,62205,62120,Campagne-lès-Wardrecques,campagne les wardrecques,50.714722553191,2.3356521276596
24265,62,62206,62170,Campigneulles-les-Grandes,campigneulles les grandes,50.429533239437,1.7052902816901
24266,62,62207,62170,Campigneulles-les-Petites,campigneulles les petites,50.439590357143,1.7355910714286
24267,62,62208,62270,Canettemont,canettemont,50.277800666667,2.362811
24268,62,62209,62310,Canlers,canlers,50.487373333333,2.1452976470588
24269,62,62210,62270,Canteleux,canteleux,50.220945348837,2.3116655813954
24270,62,62211,62690,Capelle-Fermont,capelle fermont,50.344740508475,2.6168933898305
24271,62,62212,62140,Capelle-lès-Hesdin,capelle les hesdin,50.345240298507,1.9903302985075
24272,62,62213,62144,Carency,carency,50.381210408163,2.694932244898
24273,62,62214,62830,Carly,carly,50.654132403846,1.7125129807692
24274,62,62215,62220,Carvin,carvin,50.49205255814,2.9494279844961
24275,62,62216,62158,La Cauchie,la cauchie,50.20351,2.5814331034483
24276,62,62217,62260,Cauchy-à-la-Tour,cauchy a la tour,50.504937857143,2.4480057142857
24277,62,62218,62150,Caucourt,caucourt,50.3969204,2.5728442666667
24278,62,62219,62140,Caumont,caumont,50.296314285714,2.031336043956
24279,62,62220,62140,Cavron-Saint-Martin,cavron saint martin,50.420169569892,2.0101281182796
24280,62,62221,62127,Chelers,chelers,50.380769876543,2.4885588888889
24281,62,62222,62140,Chériennes,cheriennes,50.310467096774,2.0384370967742
24282,62,62223,62128,Chérisy,cherisy,50.233080566038,2.9124264150943
24283,62,62224,62920,Chocques,chocques,50.53995559322,2.5649534745763
24284,62,62225,62500,Clairmarais,clairmarais,50.767104710145,2.3444507971014
24285,62,62227,62650,Clenleu,clenleu,50.529487804878,1.8846970731707
24286,62,62228,62890,Clerques,clerques,50.793994014599,1.9854468613139
24287,62,62229,62380,Cléty,clety,50.654146428571,2.1790801428571
24288,62,62230,62142,Colembert,colembert,50.748914700855,1.8182754700855
24289,62,62231,62180,Colline-Beaumont,colline beaumont,50.340549367089,1.6761132911392
24290,62,62232,62150,La Comté,la comte,50.427287413793,2.4981948275862
24291,62,62233,62180,Conchil-le-Temple,conchil le temple,50.365708671875,1.671927421875
24292,62,62234,62270,Conchy-sur-Canche,conchy sur canche,50.29704,2.1936393277311
24293,62,62235,62360,Condette,condette,50.649645060976,1.6436013414634
24294,62,62236,62990,Contes,contes,50.410992952381,1.9654480952381
24295,62,62237,62126,Conteville-lès-Boulogne,conteville les boulogne,50.743482368421,1.7318607894737
24296,62,62238,62130,Conteville-en-Ternois,conteville en ternois,50.431769,2.3233804
24297,62,62239,62231,Coquelles,coquelles,50.928253904762,1.8173465714286
24298,62,62240,62112,Corbehem,corbehem,50.335852264151,3.0461030188679
24299,62,62241,62630,Cormont,cormont,50.562517809524,1.7418649523809
24300,62,62242,62760,Couin,couin,50.131268166667,2.5319435
24301,62,62243,62158,Coullemont,coullemont,50.218225571429,2.4825467142857
24302,62,62244,62137,Coulogne,coulogne,50.91654375,1.88585265625
24303,62,62245,62380,Coulomby,coulomby,50.708029904762,1.997035047619
24304,62,62246,62310,Coupelle-Neuve,coupelle neuve,50.501135892857,2.1098703571429
24305,62,62247,62310,Coupelle-Vieille,coupelle vieille,50.533181153846,2.0754078846154
24306,62,62248,62121,Courcelles-le-Comte,courcelles le comte,50.158259565217,2.7769676811594
24307,62,62249,62970,Courcelles-lès-Lens,courcelles les lens,50.411043207547,3.0159077358491
24308,62,62250,62710,Courrières,courrieres,50.451489864865,2.941625
24309,62,62251,62240,Courset,courset,50.646184444444,1.8457766666667
24310,62,62252,62136,La Couture,la couture,50.57921474026,2.7002573376623
24311,62,62253,62158,Couturelle,couturelle,50.208765405405,2.497442972973
24312,62,62254,62560,Coyecques,coyecques,50.600904628099,2.1819202479339
24313,62,62255,62240,Crémarest,cremarest,50.70064139738,1.783023930131
24314,62,62256,62310,Crépy,crepy,50.4709204,2.2023326
24315,62,62257,62310,Créquy,crequy,50.496040786164,2.0187271069182
24316,62,62258,62130,Croisette,croisette,50.353189367089,2.2656802531646
24317,62,62259,62128,Croisilles,croisilles,50.19788556962,2.881406835443
24318,62,62260,62130,Croix-en-Ternois,croix en ternois,50.383804428571,2.2742304285714
24319,62,62261,62780,Cucq,cucq,50.49186928,1.62623568
24320,62,62262,62149,Cuinchy,cuinchy,50.515439016393,2.7438749180328
24321,62,62263,62000,Dainville,dainville,50.278203958333,2.7161073958333
24322,62,62264,62187,Dannes,dannes,50.594196024096,1.6096071084337
24323,62,62265,62129,Delettes,delettes,50.622931491228,2.2202715789474
24324,62,62266,62810,Denier,denier,50.290534561404,2.4451978947368
24325,62,62267,62560,Dennebrœucq,dennebroeucq,50.581148211382,2.1560312195122
24326,62,62268,62240,Desvres,desvres,50.675211231884,1.8247820289855
24327,62,62269,62460,Diéval,dieval,50.440847076923,2.4522581538462
24328,62,62270,62460,Divion,divion,50.467791904762,2.5086485714286
24329,62,62271,62380,Dohem,dohem,50.6250544,2.1680128
24330,62,62272,62116,Douchy-lès-Ayette,douchy les ayette,50.176362105263,2.7058175
24331,62,62273,62830,Doudeauville,doudeauville,50.622338764045,1.8314523595506
24332,62,62274,62119,Dourges,dourges,50.438288432836,2.9862882835821
24333,62,62275,62870,Douriez,douriez,50.338605350877,1.877755
24334,62,62276,62138,Douvrin,douvrin,50.508839821429,2.8320105357143
24335,62,62277,62320,Drocourt,drocourt,50.390408888889,2.9327308333333
24336,62,62278,62131,Drouvin-le-Marais,drouvin le marais,50.488263518519,2.6308653703704
24337,62,62279,62161,Duisans,duisans,50.302896513761,2.6986611926606
24338,62,62280,62156,Dury,dury,50.249305737705,3.002072295082
24339,62,62281,62360,Echinghen,echinghen,50.702287058824,1.6561547058824
24340,62,62282,62770,Éclimeux,eclimeux,50.39627015873,2.1843201587302
24341,62,62283,62270,Écoivres,ecoivres,50.322953448276,2.2850593103448
24342,62,62284,62860,Écourt-Saint-Quentin,ecourt saint quentin,50.256005222222,3.0644425555556
24343,62,62285,62128,Écoust-Saint-Mein,ecoust saint mein,50.173653235294,2.9018548529412
24344,62,62286,62190,Ecquedecques,ecquedecques,50.560298305085,2.4426444067797
24345,62,62288,62129,Ecques,ecques,50.675973125,2.2850078571429
24346,62,62289,62170,Écuires,ecuires,50.437964615385,1.7689356410256
24347,62,62290,62223,Écurie,ecurie,50.329016363636,2.7661927272727
24348,62,62291,62300,Éleu-dit-Leauwette,eleu dit leauwette,50.418255813954,2.8144823255814
24349,62,62292,62380,Elnes,elnes,50.689030315789,2.1239510526316
24350,62,62293,62990,Embry,embry,50.497549026549,1.9568573451327
24351,62,62295,62145,Enquin-lez-Guinegatte,enquin lez guinegatte,50.594515288462,2.2861700961539
24352,62,62296,62650,Enquin-sur-Baillons,enquin sur baillons,50.573245172414,1.8468768965517
24353,62,62297,62910,Éperlecques,eperlecques,50.81275962963,2.151144382716
24354,62,62298,62860,Épinoy,epinoy,50.231373545455,3.1610013636364
24355,62,62299,62134,Eps,eps,50.45444755102,2.2973707142857
24356,62,62300,62224,Équihen-Plage,equihen plage,50.677636933333,1.5780113333333
24357,62,62301,62134,Équirre,equirre,50.4787712,2.2353044
24358,62,62302,62650,Ergny,ergny,50.58502072165,1.9739963917526
24359,62,62303,62134,Érin,erin,50.43335,2.2175334567901
24360,62,62304,62960,Erny-Saint-Julien,erny saint julien,50.58156,2.2533023404255
24361,62,62306,62121,Ervillers,ervillers,50.167745689655,2.8262737931035
24362,62,62307,62179,Escalles,escalles,50.910252272727,1.7216629545455
24363,62,62308,62850,Escœuilles,escoeuilles,50.722224456522,1.9380166304348
24364,62,62309,62380,Esquerdes,esquerdes,50.703531826923,2.1793365384615
24365,62,62310,62400,Essars,essars,50.549860425532,2.660499787234
24366,62,62311,62880,Estevelles,estevelles,50.47971875,2.9058135
24367,62,62312,62170,Estrée,estree,50.496146067416,1.8019117977528
24368,62,62313,62145,Estrée-Blanche,estree blanche,50.590921666667,2.3227433333333
24369,62,62314,62690,Estrée-Cauchy,estree cauchy,50.39932,2.6094844
24370,62,62315,62170,Estréelles,estreelles,50.499417066667,1.7823302666667
24371,62,62316,62810,Estrée-Wamin,estree wamin,50.268967333333,2.3967728888889
24372,62,62317,62156,Étaing,etaing,50.273101830986,2.9970163380282
24373,62,62318,62630,Étaples,etaples,50.523593703704,1.6475530555556
24374,62,62319,62156,Éterpigny,eterpigny,50.256607794118,2.9803675
24375,62,62320,62161,Étrun,etrun,50.316497916667,2.68915125
24376,62,62321,62141,Évin-Malmaison,evin malmaison,50.43543015625,3.0335678125
24377,62,62322,62760,Famechon,famechon,50.144129885057,2.4589775862069
24378,62,62323,62118,Fampoux,fampoux,50.296629690722,2.873493814433
24379,62,62324,62580,Farbus,farbus,50.359354074074,2.8246362962963
24380,62,62325,62560,Fauquembergues,fauquembergues,50.59570244898,2.0957802040816
24381,62,62326,62450,Favreuil,favreuil,50.125810238095,2.8614645238095
24382,62,62327,62960,Febvin-Palfart,febvin palfart,50.537914148936,2.3060012765957
24383,62,62328,62260,Ferfay,ferfay,50.523507254902,2.4316258823529
24384,62,62329,62250,Ferques,ferques,50.827800542636,1.7736786821705
24385,62,62330,62149,Festubert,festubert,50.547202151899,2.7346220253165
24386,62,62331,62223,Feuchy,feuchy,50.288290526316,2.846419122807
24387,62,62332,62173,Ficheux,ficheux,50.224950724638,2.7428757971014
24388,62,62333,62134,Fiefs,fiefs,50.497530652174,2.3225805434783
24389,62,62334,62132,Fiennes,fiennes,50.821693787879,1.8265540909091
24390,62,62335,62770,Fillièvres,fillievres,50.315381527778,2.1626438888889
24391,62,62336,62960,Fléchin,flechin,50.556619130435,2.2832809782609
24392,62,62337,62270,Flers,flers,50.318587571429,2.2512837142857
24393,62,62338,62840,Fleurbaix,fleurbaix,50.640891046512,2.8249047674419
24394,62,62339,62134,Fleury,fleury,50.42405,2.2512967307692
24395,62,62340,62550,Floringhem,floringhem,50.49668375,2.428568125
24396,62,62341,62111,Foncquevillers,foncquevillers,50.143888275862,2.6249828735632
24397,62,62342,62134,Fontaine-lès-Boulans,fontaine les boulans,50.497380491803,2.2852903278689
24398,62,62343,62128,Fontaine-lès-Croisilles,fontaine les croisilles,50.2158672,2.9082698
24399,62,62344,62550,Fontaine-lès-Hermans,fontaine les hermans,50.528485614035,2.3400894736842
24400,62,62345,62390,Fontaine-l'Étalon,fontaine l etalon,50.3053,2.0682681967213
24401,62,62346,62270,Fortel-en-Artois,fortel en artois,50.257400793651,2.2277473015873
24402,62,62347,62810,Fosseux,fosseux,50.256862666667,2.5641502666667
24403,62,62348,62130,Foufflin-Ricametz,foufflin ricametz,50.3493675,2.3883602777778
24404,62,62349,62232,Fouquereuil,fouquereuil,50.520329565217,2.5995876086956
24405,62,62350,62232,Fouquières-lès-Béthune,fouquieres les bethune,50.51310974359,2.6143684615385
24406,62,62351,62740,Fouquières-lès-Lens,fouquieres les lens,50.427127631579,2.9001681578947
24407,62,62352,62130,Framecourt,framecourt,50.324172380952,2.3054309523809
24408,62,62353,62450,Frémicourt,fremicourt,50.112628461538,2.9013750769231
24409,62,62354,62630,Frencq,frencq,50.564768716216,1.6926964189189
24410,62,62355,62490,Fresnes-lès-Montauban,fresnes les montauban,50.33296122449,2.929952244898
24411,62,62356,62150,Fresnicourt-le-Dolmen,fresnicourt le dolmen,50.42604,2.5994184848485
24412,62,62357,62770,Fresnoy,fresnoy,50.373085102041,2.1344567346939
24413,62,62358,62580,Fresnoy-en-Gohelle,fresnoy en gohelle,50.367252,2.8936403636364
24414,62,62359,62140,Fressin,fressin,50.447791568627,2.0469188888889
24415,62,62360,62185,Fréthun,frethun,50.916756338028,1.8224245070423
24416,62,62361,62270,Frévent,frevent,50.269756107383,2.290894295302
24417,62,62362,62127,Frévillers,frevillers,50.402423918919,2.5250598648649
24418,62,62363,62690,Frévin-Capelle,frevin capelle,50.349171,2.6369338
24419,62,62364,62310,Fruges,fruges,50.513294497354,2.1295408465608
24420,62,62365,62770,Galametz,galametz,50.32790220339,2.1285161016949
24421,62,62366,62150,Gauchin-Légal,gauchin legal,50.407005,2.5751242
24422,62,62367,62130,Gauchin-Verloingt,gauchin verloingt,50.390840357143,2.3160758333333
24423,62,62368,62760,Gaudiempré,gaudiempre,50.174446237624,2.5291883168317
24424,62,62369,62580,Gavrelle,gavrelle,50.325962698413,2.8831917460318
24425,62,62370,62390,Gennes-Ivergny,gennes ivergny,50.268563469388,2.0547881632653
24426,62,62371,62580,Givenchy-en-Gohelle,givenchy en gohelle,50.392163055556,2.7791975
24427,62,62372,62810,Givenchy-le-Noble,givenchy le noble,50.299528285714,2.492868
24428,62,62373,62149,Givenchy-lès-la-Bassée,givenchy les la bassee,50.534014827586,2.76315
24429,62,62374,62121,Gomiécourt,gomiecourt,50.148495833333,2.7991044444444
24430,62,62375,62111,Gommecourt,gommecourt,50.137600784314,2.651738627451
24431,62,62376,62920,Gonnehem,gonnehem,50.564153035714,2.5663742261905
24432,62,62377,62199,Gosnay,gosnay,50.509148627451,2.5863815686274
24433,62,62378,62123,Gouves,gouves,50.298001698113,2.6418079245283
24434,62,62379,62123,Gouy-en-Artois,gouy en artois,50.23956247191,2.5867212359551
24435,62,62380,62530,Gouy-Servins,gouy servins,50.40085,2.6577281818182
24436,62,62381,62127,Gouy-en-Ternois,gouy en ternois,50.32092627451,2.4090662745098
24437,62,62382,62870,Gouy-Saint-André,gouy saint andre,50.376428016529,1.9131758677686
24438,62,62383,62112,Gouy-sous-Bellonne,gouy sous bellonne,50.313587745098,3.0580639215686
24439,62,62384,62147,Graincourt-lès-Havrincourt,graincourt les havrincourt,50.143556,3.10079264
24440,62,62385,62810,Grand-Rullecourt,grand rullecourt,50.254732125,2.472596625
24441,62,62386,62160,Grenay,grenay,50.451974615385,2.7438251923077
24442,62,62387,62450,Grévillers,grevillers,50.100427792208,2.7997112987013
24443,62,62388,62140,Grigny,grigny,50.385548269231,2.0583994230769
24444,62,62389,62760,Grincourt-lès-Pas,grincourt les pas,50.175584814815,2.488197037037
24445,62,62390,62600,Groffliers,groffliers,50.385307716535,1.6073492913386
24446,62,62391,62330,Guarbecque,guarbecque,50.611034224138,2.4928921551724
24447,62,62392,62128,Guémappe,guemappe,50.250818363636,2.8935143636364
24448,62,62393,62370,Guemps,guemps,50.925656666667,1.9921997435897
24449,62,62395,62140,Guigny,guigny,50.327986268657,1.9956514925373
24450,62,62396,62130,Guinecourt,guinecourt,50.349465,2.22950275
24451,62,62397,62340,Guînes,guines,50.853699926471,1.8744988235294
24452,62,62398,62140,Guisy,guisy,50.388015846154,2.0049170769231
24453,62,62399,62123,Habarcq,habarcq,50.312352261905,2.6068901190476
24454,62,62400,62940,Haillicourt,haillicourt,50.475094782609,2.5781862318841
24455,62,62401,62138,Haisnes,haisnes,50.503024383562,2.7949408219178
24456,62,62402,62830,Halinghen,halinghen,50.606426263736,1.6838573626374
24457,62,62403,62570,Hallines,hallines,50.7032875,2.2055415384615
24458,62,62404,62760,Halloy,halloy,50.157805490196,2.4207647058824
24459,62,62405,62118,Hamblain-les-Prés,hamblain les pres,50.289353538462,2.9555552307692
24460,62,62406,62121,Hamelincourt,hamelincourt,50.184232894737,2.7994611842105
24461,62,62407,62190,Ham-en-Artois,ham en artois,50.591016491228,2.4553566666667
24462,62,62408,62340,Hames-Boucres,hames boucres,50.888030990099,1.8533586138614
24463,62,62409,62111,Hannescamps,hannescamps,50.162442156863,2.6435782352941
24464,62,62410,62124,Haplincourt,haplincourt,50.092565757576,2.9406892424242
24465,62,62411,62390,Haravesnes,haravesnes,50.284728269231,2.1268430769231
24466,62,62412,62132,Hardinghen,hardinghen,50.798151652174,1.8247346956522
24467,62,62413,62440,Harnes,harnes,50.45061,2.9042867532468
24468,62,62414,62156,Haucourt,haucourt,50.238832463768,2.9682382608696
24469,62,62415,62144,Haute-Avesnes,haute avesnes,50.329677755102,2.6371481632653
24470,62,62416,62130,Hautecloque,hautecloque,50.33358212766,2.3143934042553
24471,62,62418,62810,Hauteville,hauteville,50.271201034483,2.5680301724138
24472,62,62419,62850,Haut-Loquin,haut loquin,50.737823797468,1.9662235443038
24473,62,62421,62147,Havrincourt,havrincourt,50.10034826087,3.074417826087
24474,62,62422,62111,Hébuterne,hebuterne,50.116978541667,2.6475061458333
24475,62,62423,62570,Helfaut,helfaut,50.691797333333,2.2486428571429
24476,62,62424,62182,Hendecourt-lès-Cagnicourt,hendecourt les cagnicourt,50.216705230769,2.9480887692308
24477,62,62425,62175,Hendecourt-lès-Ransart,hendecourt les ransart,50.209019387755,2.7301628571429
24478,62,62426,62128,Héninel,heninel,50.235902363636,2.8698178181818
24479,62,62427,62110,Hénin-Beaumont,henin beaumont,50.419624375,2.9573833333333
24480,62,62428,62128,Hénin-sur-Cojeul,henin sur cojeul,50.219121904762,2.8397001587302
24481,62,62429,62142,Henneveux,henneveux,50.725944453125,1.84920734375
24482,62,62430,62760,Hénu,henu,50.157130625,2.5330171875
24483,62,62432,62850,Herbinghen,herbinghen,50.763070555556,1.8967185555556
24484,62,62433,62130,Héricourt,hericourt,50.336087368421,2.2490618421053
24485,62,62434,62158,La Herlière,la herliere,50.20246875,2.5576575
24486,62,62435,62130,Herlincourt,herlincourt,50.34359754717,2.2916735849057
24487,62,62436,62130,Herlin-le-Sec,herlin le sec,50.355414444444,2.332532
24488,62,62437,62650,Herly,herly,50.543272248062,1.9877365891473
24489,62,62438,62690,Hermaville,hermaville,50.326014571429,2.5893024285714
24490,62,62439,62132,Hermelinghen,hermelinghen,50.804538095238,1.8604371428571
24491,62,62440,62147,Hermies,hermies,50.107257154472,3.0362076422764
24492,62,62441,62150,Hermin,hermin,50.41477,2.5521558695652
24493,62,62442,62130,Hernicourt,hernicourt,50.413931304348,2.3029636645963
24494,62,62443,62530,Hersin-Coupigny,hersin coupigny,50.446962368421,2.6434129824561
24495,62,62444,62179,Hervelinghen,hervelinghen,50.881924528302,1.7184073584906
24496,62,62445,62196,Hesdigneul-lès-Béthune,hesdigneul les bethune,50.496895405405,2.5969110810811
24497,62,62446,62360,Hesdigneul-lès-Boulogne,hesdigneul les boulogne,50.655295368421,1.6769216842105
24498,62,62447,62140,Hesdin,hesdin,50.372725813953,2.037243255814
24499,62,62448,62360,Hesdin-l'Abbé,hesdin l abbe,50.667369732143,1.6889050892857
24500,62,62449,62990,Hesmond,hesmond,50.465412251656,1.945411986755
24501,62,62450,62550,Hestrus,hestrus,50.448676138614,2.3266859405941
24502,62,62451,62134,Heuchin,heuchin,50.48126375,2.2718425961538
24503,62,62452,62575,Heuringhem,heuringhem,50.693001030928,2.2974612371134
24504,62,62453,62310,Hézecques,hezecques,50.533155694444,2.1857933333333
24505,62,62454,62232,Hinges,hinges,50.569127195122,2.6254825609756
24506,62,62455,62850,Hocquinghen,hocquinghen,50.764872916667,1.9366919444444
24507,62,62456,62620,Houchin,houchin,50.4799335,2.622218625
24508,62,62457,62150,Houdain,houdain,50.454814561404,2.5360978070175
24509,62,62458,62910,Houlle,houlle,50.798642380952,2.1701198095238
24510,62,62459,62270,Houvin-Houvigneul,houvin houvigneul,50.29831234375,2.38074890625
24511,62,62460,62630,Hubersent,hubersent,50.581479803922,1.7449455882353
24512,62,62461,62140,Huby-Saint-Leu,huby saint leu,50.395008769231,2.0185629230769
24513,62,62462,62130,Huclier,huclier,50.437881136364,2.3560395454545
24514,62,62463,62650,Hucqueliers,hucqueliers,50.567523170732,1.9142303658537
24515,62,62464,62410,Hulluch,hulluch,50.487454933333,2.8134128
24516,62,62465,62158,Humbercamps,humbercamps,50.1880924,2.5783892
24517,62,62466,62650,Humbert,humbert,50.500643483146,1.9112833707865
24518,62,62467,62130,Humerœuille,humeroeuille,50.410310517241,2.2086670689655
24519,62,62468,62130,Humières,humieres,50.384645441176,2.2057891176471
24520,62,62469,62860,Inchy-en-Artois,inchy en artois,50.174912359551,3.0421937078652
24521,62,62470,62770,Incourt,incourt,50.387572162162,2.1498421621622
24522,62,62471,62129,Bellinghem,bellinghem,50.662583932584,2.2342114606742
24523,62,62472,62170,Inxent,inxent,50.534844526316,1.7863888421053
24524,62,62473,62330,Isbergues,isbergues,50.620386690141,2.4593028873239
24525,62,62474,62360,Isques,isques,50.67957984127,1.6498852380952
24526,62,62475,62810,Ivergny,ivergny,50.23753,2.3790084810127
24527,62,62476,62490,Izel-lès-Équerchin,izel les equerchin,50.363678297872,2.9439487234043
24528,62,62477,62690,Izel-lès-Hameau,izel les hameau,50.314489,2.53170275
24529,62,62478,62850,Journy,journy,50.7538128,2.0016848
24530,62,62479,62122,Labeuvrière,labeuvriere,50.520552574257,2.5672524752475
24531,62,62480,62113,Labourse,labourse,50.491372285714,2.6827005714286
24532,62,62481,62140,Labroye,labroye,50.290132574257,1.9798968316832
24533,62,62483,62830,Lacres,lacres,50.604392987013,1.7637036363636
24534,62,62484,62159,Lagnicourt-Marcel,lagnicourt marcel,50.155271698113,2.9590061320755
24535,62,62485,62960,Laires,laires,50.541813068182,2.2571672727273
24536,62,62486,62120,Lambres,lambres,50.616599589041,2.4004994520548
24537,62,62487,62250,Landrethun-le-Nord,landrethun le nord,50.850622264151,1.781368490566
24538,62,62488,62610,Landrethun-lès-Ardres,landrethun les ardres,50.813683783784,1.9674976576577
24539,62,62489,62122,Lapugnoy,lapugnoy,50.52169496,2.53485176
24540,62,62490,62810,Lattre-Saint-Quentin,lattre saint quentin,50.297035700935,2.5695625233645
24541,62,62491,62840,Laventie,laventie,50.616953896104,2.7801992207792
24542,62,62492,62990,Lebiez,lebiez,50.456597846154,1.9771433076923
24543,62,62493,62124,Lebucquière,lebucquiere,50.10830220339,2.9556005084746
24544,62,62494,62124,Léchelle,lechelle,50.054971803279,2.9774762295082
24545,62,62495,62380,Ledinghem,ledinghem,50.645506022727,1.9748419318182
24546,62,62496,62630,Lefaux,lefaux,50.549418461538,1.6537270512821
24547,62,62497,62790,Leforest,leforest,50.438924622641,3.0570321698113
24548,62,62498,62300,Lens,lens,50.4343704,2.8218099
24549,62,62499,62170,Lépine,lepine,50.385218834951,1.7238009708738
24550,62,62500,62190,Lespesses,lespesses,50.554641954023,2.4238572413793
24551,62,62501,62990,Lespinoy,lespinoy,50.428779215686,1.8668045098039
24552,62,62502,62136,Lestrem,lestrem,50.61384028169,2.6857440140845
24553,62,62503,62250,Leubringhen,leubringhen,50.85237515625,1.7271878125
24554,62,62504,62500,Leulinghem,leulinghem,50.734293243243,2.16793
24555,62,62505,62250,Leulinghen-Bernes,leulinghen bernes,50.835073515625,1.71317265625
24556,62,62506,62850,Licques,licques,50.794255751634,1.9355160130719
24557,62,62507,62810,Liencourt,liencourt,50.273643333333,2.4457384615385
24558,62,62508,62190,Lières,lieres,50.548383466667,2.4113941333333
24559,62,62509,62145,Liettres,liettres,50.596679666667,2.341101
24560,62,62510,62800,Liévin,lievin,50.421240780142,2.772274964539
24561,62,62511,62810,Lignereuil,lignereuil,50.290712682927,2.4716468292683
24562,62,62512,62960,Ligny-lès-Aire,ligny les aire,50.56115744186,2.3367020930233
24563,62,62513,62270,Ligny-sur-Canche,ligny sur canche,50.2846042,2.2621483
24564,62,62514,62127,Ligny-Saint-Flochel,ligny saint flochel,50.359675454545,2.4228272727273
24565,62,62515,62450,Ligny-Thilloy,ligny thilloy,50.0794754,2.8258188
24566,62,62516,62190,Lillers,lillers,50.563303939394,2.4745637878788
24567,62,62517,62120,Linghem,linghem,50.592817142857,2.3737796428571
24568,62,62518,62270,Linzeux,linzeux,50.344042352941,2.2015701960784
24569,62,62519,62134,Lisbourg,lisbourg,50.508358617886,2.2252612195122
24570,62,62520,62400,Locon,locon,50.56786654321,2.6707981481482
24571,62,62521,62140,La Loge,la loge,50.407746176471,2.0330588235294
24572,62,62522,62990,Loison-sur-Créquoise,loison sur crequoise,50.444083265306,1.9177710204082
24573,62,62523,62218,Loison-sous-Lens,loison sous lens,50.44126125,2.864517
24574,62,62524,62240,Longfossé,longfosse,50.656348920863,1.8065843165468
24575,62,62525,62219,Longuenesse,longuenesse,50.736848195489,2.248092556391
24576,62,62526,62142,Longueville,longueville,50.727075977011,1.8778908045977
24577,62,62527,62630,Longvilliers,longvilliers,50.533469051724,1.7411387068966
24578,62,62528,62750,Loos-en-Gohelle,loos en gohelle,50.452618461538,2.7821870512821
24579,62,62529,62840,Lorgies,lorgies,50.561894347826,2.8072697826087
24580,62,62530,62240,Lottinghen,lottinghen,50.679109235669,1.9351556687898
24581,62,62531,62610,Louches,louches,50.831524195402,1.9908676436782
24582,62,62532,62540,Lozinghem,lozinghem,50.518036341463,2.4952778048781
24583,62,62533,62310,Lugy,lugy,50.5212252,2.1695456
24584,62,62534,62380,Lumbres,lumbres,50.707178345324,2.1186132374101
24585,62,62535,62170,La Madelaine-sous-Montreuil,la madelaine sous montreuil,50.467799466667,1.7472125333333
24586,62,62536,62127,Magnicourt-en-Comte,magnicourt en comte,50.405025978261,2.4813854347826
24587,62,62537,62270,Magnicourt-sur-Canche,magnicourt sur canche,50.299647313433,2.4111213432836
24588,62,62538,62870,Maintenay,maintenay,50.370476842105,1.8139635087719
24589,62,62539,62130,Maisnil,maisnil,50.347064189189,2.3581783783784
24590,62,62540,62620,Maisnil-lès-Ruitz,maisnil les ruitz,50.448601794872,2.5757961538462
24591,62,62541,62310,Maisoncelle,maisoncelle,50.450877142857,2.1488783928571
24592,62,62542,62127,Maizières,maizieres,50.3230946875,2.443553125
24593,62,62543,62120,Mametz,mametz,50.633077142857,2.306472585034
24594,62,62544,62810,Manin,manin,50.296623770492,2.5081340983607
24595,62,62545,62650,Maninghem,maninghem,50.546727037037,1.9428859259259
24596,62,62546,62250,Maninghen-Henne,maninghen henne,50.769633625,1.671996625
24597,62,62547,62170,Marant,marant,50.470588133333,1.8401706666667
24598,62,62548,62730,Marck,marck,50.970037968254,1.9427312380952
24599,62,62549,62140,Marconne,marconne,50.369991764706,2.0382929411765
24600,62,62550,62140,Marconnelle,marconnelle,50.371580704225,2.0065933802817
24601,62,62551,62990,Marenla,marenla,50.4503923,1.8733043
24602,62,62552,62990,Maresquel-Ecquemicourt,maresquel ecquemicourt,50.400541292517,1.937214829932
24603,62,62553,62550,Marest,marest,50.468917125,2.416997125
24604,62,62554,62630,Maresville,maresville,50.524148333333,1.7318036666667
24605,62,62555,62540,Marles-les-Mines,marles les mines,50.501805294118,2.5011726470588
24606,62,62556,62170,Marles-sur-Canche,marles sur canche,50.46441978022,1.8188061538461
24607,62,62557,62161,Marœuil,maroeuil,50.331990285714,2.709540952381
24608,62,62558,62127,Marquay,marquay,50.378311372549,2.4214798039216
24609,62,62559,62860,Marquion,marquion,50.207402211538,3.0923785576923
24610,62,62560,62250,Marquise,marquise,50.814221687764,1.6930212236287
24611,62,62561,62450,Martinpuich,martinpuich,50.0489915,2.77291475
24612,62,62562,62310,Matringhem,matringhem,50.544755164835,2.1654416483517
24613,62,62563,62670,Mazingarbe,mazingarbe,50.468069827586,2.7215477586207
24614,62,62564,62120,Mazinghem,mazinghem,50.603258085106,2.410505
24615,62,62565,62310,Mencas,mencas,50.559911098901,2.1468726373626
24616,62,62566,62240,Menneville,menneville,50.675169357798,1.8633298165138
24617,62,62567,62890,Mentque-Nortbécourt,mentque nortbecourt,50.771767886179,2.0914233333333
24618,62,62568,62217,Mercatel,mercatel,50.233465438597,2.7837859649123
24619,62,62569,62560,Merck-Saint-Liévin,merck saint lievin,50.633012521008,2.1087580672269
24620,62,62570,62680,Méricourt,mericourt,50.402598787879,2.8673162121212
24621,62,62571,62155,Merlimont,merlimont,50.453918169014,1.6248146478873
24622,62,62572,62124,Metz-en-Couture,metz en couture,50.060716375,3.072197875
24623,62,62573,62410,Meurchin,meurchin,50.494017962963,2.8977755555556
24624,62,62574,62690,Mingoval,mingoval,50.374536666667,2.570505
24625,62,62576,62270,Moncheaux-lès-Frévent,moncheaux les frevent,50.315024318182,2.3642361363636
24626,62,62577,62270,Monchel-sur-Canche,monchel sur canche,50.303252978723,2.2169456382979
24627,62,62578,62123,Monchiet,monchiet,50.237939375,2.6241853125
24628,62,62579,62111,Monchy-au-Bois,monchy au bois,50.178504174757,2.658873592233
24629,62,62580,62127,Monchy-Breton,monchy breton,50.399784189189,2.4383574324324
24630,62,62581,62134,Monchy-Cayeux,monchy cayeux,50.436316923077,2.2796196923077
24631,62,62582,62118,Monchy-le-Preux,monchy le preux,50.268451318681,2.9043687912088
24632,62,62583,62760,Mondicourt,mondicourt,50.172217105263,2.467735131579
24633,62,62584,62350,Mont-Bernanchon,mont bernanchon,50.591812212389,2.5924527433628
24634,62,62585,62170,Montcavrel,montcavrel,50.517524313725,1.8117493137255
24635,62,62586,62123,Montenescourt,montenescourt,50.295511410256,2.6299324358974
24636,62,62587,62640,Montigny-en-Gohelle,montigny en gohelle,50.424643928571,2.9298541666667
24637,62,62588,62170,Montreuil,montreuil,50.4638040625,1.77545640625
24638,62,62589,62144,Mont-Saint-Éloi,mont saint eloi,50.350953311258,2.6912082781457
24639,62,62590,62130,Monts-en-Ternois,monts en ternois,50.319168043478,2.3881576086956
24640,62,62591,62124,Morchies,morchies,50.137877727273,2.9563705681818
24641,62,62592,62910,Moringhem,moringhem,50.762309615385,2.1209731730769
24642,62,62593,62450,Morval,morval,50.027549111111,2.8678477777778
24643,62,62594,62159,Mory,mory,50.154594032258,2.8571524193548
24644,62,62595,62910,Moulle,moulle,50.789591149425,2.1735849425287
24645,62,62596,62140,Mouriez,mouriez,50.346740446429,1.95243125
24646,62,62597,62121,Moyenneville,moyenneville,50.180247903226,2.7754622580645
24647,62,62598,62890,Muncq-Nieurlet,muncq nieurlet,50.838856055046,2.1165066055046
24648,62,62599,62142,Nabringhen,nabringhen,50.740592857143,1.8606472619048
24649,62,62600,62550,Nédon,nedon,50.5158964,2.3594573333333
24650,62,62601,62550,Nédonchel,nedonchel,50.526168333333,2.3532460784314
24651,62,62602,62180,Nempont-Saint-Firmin,nempont saint firmin,50.360927066667,1.7433177333333
24652,62,62603,62152,Nesles,nesles,50.622630945946,1.6602441891892
24653,62,62604,62152,Neufchâtel-Hardelot,neufchatel hardelot,50.616636912752,1.625057114094
24654,62,62605,62770,Neulette,neulette,50.382662903226,2.16616
24655,62,62606,62840,Neuve-Chapelle,neuve chapelle,50.587388125,2.780741875
24656,62,62607,62130,Neuville-au-Cornet,neuville au cornet,50.334885238095,2.3681802380952
24657,62,62608,62124,Neuville-Bourjonval,neuville bourjonval,50.066101666667,3.0199225925926
24658,62,62609,62580,Neuville-Saint-Vaast,neuville saint vaast,50.362310495049,2.7549004950495
24659,62,62610,62170,Neuville-sous-Montreuil,neuville sous montreuil,50.478988188976,1.790437480315
24660,62,62611,62217,Neuville-Vitasse,neuville vitasse,50.249740806452,2.8206724193548
24661,62,62612,62580,Neuvireuil,neuvireuil,50.354723461538,2.9161138461539
24662,62,62613,62380,Nielles-lès-Bléquin,nielles les blequin,50.672622374101,2.0264564028777
24663,62,62614,62610,Nielles-lès-Ardres,nielles les ardres,50.85152265625,2.0085209375
24664,62,62615,62185,Nielles-lès-Calais,nielles les calais,50.908158367347,1.8355202040816
24665,62,62616,62390,Nœux-lès-Auxi,noeux les auxi,50.240572916667,2.1787092708333
24666,62,62617,62290,Nœux-les-Mines,noeux les mines,50.476235,2.6631570192308
24667,62,62618,62890,Nordausques,nordausques,50.814031975309,2.0825118518519
24668,62,62619,62128,Noreuil,noreuil,50.168269466667,2.9380981333333
24669,62,62620,62120,Norrent-Fontes,norrent fontes,50.589133425926,2.4127705555556
24670,62,62621,62370,Nortkerque,nortkerque,50.874684303797,2.0383313924051
24671,62,62622,62890,Nort-Leulinghem,nort leulinghem,50.796405263158,2.0878175438597
24672,62,62623,62370,Nouvelle-Église,nouvelle eglise,50.934562763158,2.0451571052632
24673,62,62624,62950,Noyelles-Godault,noyelles godault,50.420164333333,2.9921448333333
24674,62,62625,62770,Noyelles-lès-Humières,noyelles les humieres,50.375703529412,2.1778064705882
24675,62,62626,62980,Noyelles-lès-Vermelles,noyelles les vermelles,50.491331911765,2.7285941176471
24676,62,62627,62490,Noyelles-sous-Bellonne,noyelles sous bellonne,50.30931969697,3.0270946969697
24677,62,62628,62221,Noyelles-sous-Lens,noyelles sous lens,50.428046,2.8809362857143
24678,62,62629,62123,Noyellette,noyellette,50.297648387097,2.5930548387097
24679,62,62630,62810,Noyelle-Vion,noyelle vion,50.292199358974,2.5489101282051
24680,62,62631,62270,Nuncq-Hautecôte,nuncq hautecote,50.306260481928,2.2844289156626
24681,62,62632,62920,Oblinghem,oblinghem,50.552016216216,2.5944335135135
24682,62,62633,62130,Œuf-en-Ternois,oeuf en ternois,50.363373854167,2.2125748958333
24683,62,62634,62370,Offekerque,offekerque,50.936079782609,2.018100326087
24684,62,62635,62990,Offin,offin,50.444890151515,1.9495971212121
24685,62,62636,62250,Offrethun,offrethun,50.785072794118,1.6973680882353
24686,62,62637,62590,Oignies,oignies,50.467020618557,2.9991191752577
24687,62,62638,62860,Oisy-le-Verger,oisy le verger,50.253084965986,3.118767414966
24688,62,62639,62580,Oppy,oppy,50.349209607843,2.8870401960784
24689,62,62640,62760,Orville,orville,50.127294489796,2.4193539455782
24690,62,62641,62130,Ostreville,ostreville,50.394024042553,2.3955887234043
24691,62,62642,62460,Ourton,ourton,50.453633773585,2.4726556603774
24692,62,62643,62230,Outreau,outreau,50.695696666667,1.5928233333333
24693,62,62644,62380,Ouve-Wirquin,ouve wirquin,50.653892739726,2.1458415068493
24694,62,62645,62215,Oye-Plage,oye plage,50.986907874396,2.0482250241546
24695,62,62646,62860,Palluel,palluel,50.262974,3.097812125
24696,62,62647,62770,Le Parcq,le parcq,50.375006428571,2.0820341428571
24697,62,62648,62650,Parenty,parenty,50.591343043478,1.8024372173913
24698,62,62649,62760,Pas-en-Artois,pas en artois,50.154460825688,2.4854243119266
24699,62,62650,62118,Pelves,pelves,50.287043333333,2.9184332258065
24700,62,62651,62127,Penin,penin,50.331229468085,2.4883393617021
24701,62,62652,62550,Pernes,pernes,50.48675628866,2.4049706185567
24702,62,62653,62126,Pernes-lès-Boulogne,pernes les boulogne,50.750704204545,1.6938427272727
24703,62,62654,62231,Peuplingues,peuplingues,50.912389285714,1.7622042857143
24704,62,62655,62130,Pierremont,pierremont,50.400468076923,2.2573638461538
24705,62,62656,62570,Pihem,pihem,50.677156292135,2.2140286516854
24706,62,62657,62340,Pihen-lès-Guînes,pihen les guines,50.868359516129,1.7862516129032
24707,62,62658,62126,Pittefaux,pittefaux,50.760061666667,1.6805586363636
24708,62,62659,62310,Planques,planques,50.470132777778,2.0875021111111
24709,62,62660,62118,Plouvain,plouvain,50.3037875,2.91827
24710,62,62661,62140,Bouin-Plumoison,bouin plumoison,50.37789547619,1.9841052380952
24711,62,62662,62370,Polincove,polincove,50.858267901235,2.1022661728395
24712,62,62663,62760,Pommera,pommera,50.171185932203,2.4433262711864
24713,62,62664,62111,Pommier,pommier,50.180459090909,2.5965106818182
24714,62,62665,62390,Le Ponchel,le ponchel,50.25559637931,2.0843331034483
24715,62,62666,62880,Pont-à-Vendin,pont a vendin,50.475831764706,2.8866784313725
24716,62,62667,62480,Le Portel,le portel,50.713403333333,1.5751995555556
24717,62,62668,62134,Prédefin,predefin,50.5039425,2.257639125
24718,62,62669,62550,Pressy,pressy,50.474704210526,2.4013380263158
24719,62,62670,62650,Preures,preures,50.570310107527,1.8851790322581
24720,62,62671,62860,Pronville-en-Artois,pronville en artois,50.164651857143,3.0073048571429
24721,62,62672,62116,Puisieux,puisieux,50.102727647059,2.6918780672269
24722,62,62673,62860,Quéant,queant,50.172282941176,2.9850521568627
24723,62,62674,62500,Quelmes,quelmes,50.733428017241,2.1310999137931
24724,62,62675,62380,Quercamps,quercamps,50.751521363636,2.0450065909091
24725,62,62676,62120,Quernes,quernes,50.601567843137,2.3694910784314
24726,62,62677,62140,Le Quesnoy-en-Artois,le quesnoy en artois,50.331397857143,2.0388371428571
24727,62,62678,62240,Quesques,quesques,50.702363841808,1.9413478531074
24728,62,62679,62830,Questrecques,questrecques,50.66432584,1.74820632
24729,62,62680,62490,Quiéry-la-Motte,quiery la motte,50.364710821918,2.9892923287671
24730,62,62681,62120,Quiestède,quiestede,50.679029830508,2.3279791525424
24731,62,62682,62650,Quilen,quilen,50.529384754098,1.9336814754098
24732,62,62683,62390,Quœux-Haut-Maînil,quoeux haut mainil,50.301158350515,2.1051279381443
24733,62,62684,62120,Racquinghem,racquinghem,50.693886981132,2.3623913207547
24734,62,62685,62310,Radinghem,radinghem,50.548108225806,2.1180766129032
24735,62,62686,62130,Ramecourt,ramecourt,50.363721807229,2.3087406024096
24736,62,62688,62180,Rang-du-Fliers,rang du fliers,50.417096779661,1.6467433898305
24737,62,62689,62173,Ransart,ransart,50.204227361111,2.6751690277778
24738,62,62690,62140,Raye-sur-Authie,raye sur authie,50.301950465116,1.9582296511628
24739,62,62691,62120,Saint-Augustin,saint augustin,50.6349189,2.353445
24740,62,62691,62129,Saint-Augustin,saint augustin,50.6386039,2.2704603
24741,62,62692,62850,Rebergues,rebergues,50.754223592233,1.9517083495146
24742,62,62693,62150,Rebreuve-Ranchicourt,rebreuve ranchicourt,50.431021085271,2.5491602325581
24743,62,62694,62270,Rebreuve-sur-Canche,rebreuve sur canche,50.265185747126,2.3416954022988
24744,62,62695,62270,Rebreuviette,rebreuviette,50.261135581395,2.3660443023256
24745,62,62696,62560,Reclinghem,reclinghem,50.573112318841,2.1674307246377
24746,62,62697,62860,Récourt,recourt,50.257293695652,3.0286795652174
24747,62,62698,62170,Recques-sur-Course,recques sur course,50.521945263158,1.7810467105263
24748,62,62699,62890,Recques-sur-Hem,recques sur hem,50.836828415842,2.0868708910891
24749,62,62700,62140,Regnauville,regnauville,50.317175660377,1.9997894339623
24750,62,62701,62120,Rely,rely,50.5775156,2.3654016
24751,62,62702,62380,Remilly-Wirquin,remilly wirquin,50.668692857143,2.1729068367347
24752,62,62703,62156,Rémy,remy,50.25684968254,2.9606147619048
24753,62,62704,62560,Renty,renty,50.580830505051,2.0696181818182
24754,62,62705,62720,Rety,rety,50.791438010204,1.7888996428571
24755,62,62706,62136,Richebourg,richebourg,50.578256148148,2.7363903703704
24756,62,62708,62450,Riencourt-lès-Bapaume,riencourt les bapaume,50.088633584906,2.8783541509434
24757,62,62709,62182,Riencourt-lès-Cagnicourt,riencourt les cagnicourt,50.193797674419,2.9628888372093
24758,62,62710,62990,Rimboval,rimboval,50.513121882353,1.9879152941176
24759,62,62711,62720,Rinxent,rinxent,50.806887529412,1.7352749411765
24760,62,62712,62173,Rivière,riviere,50.229450882353,2.683217745098
24761,62,62713,62350,Robecq,robecq,50.589642843137,2.5554757843137
24762,62,62714,62223,Roclincourt,roclincourt,50.330882739726,2.7924045205479
24763,62,62715,62450,Rocquigny,rocquigny,50.05520275,2.9255875
24764,62,62716,62610,Rodelinghem,rodelinghem,50.832787258065,1.9306453225806
24765,62,62717,62130,Roëllecourt,roellecourt,50.368369891304,2.3847082608696
24766,62,62718,62118,Rœux,roeux,50.2999372,2.9041717333333
24767,62,62719,62770,Rollancourt,rollancourt,50.414548861386,2.1272354950495
24768,62,62720,62120,Rombly,rombly,50.59569,2.3897019148936
24769,62,62721,62120,Roquetoire,roquetoire,50.66994573913,2.3465371304348
24770,62,62722,62390,Rougefay,rougefay,50.275705576923,2.1693873076923
24771,62,62723,62870,Roussent,roussent,50.371465697674,1.7771462790698
24772,62,62724,62320,Rouvroy,rouvroy,50.398684,2.9034506153846
24773,62,62725,62990,Royon,royon,50.481952994924,1.9991010152284
24774,62,62726,62310,Ruisseauville,ruisseauville,50.484381486486,2.1086462162162
24775,62,62727,62620,Ruitz,ruitz,50.465628979592,2.5920820408163
24776,62,62728,62860,Rumaucourt,rumaucourt,50.239747922078,3.0628579220779
24777,62,62729,62650,Rumilly,rumilly,50.577879895833,2.0151647916667
24778,62,62730,62370,Ruminghem,ruminghem,50.852606153846,2.1742344230769
24779,62,62731,62124,Ruyaulcourt,ruyaulcourt,50.080377333333,3.0162101333333
24780,62,62732,62550,Sachin,sachin,50.4948,2.3717166304348
24781,62,62733,62111,Sailly-au-Bois,sailly au bois,50.119749021739,2.6008582608696
24782,62,62734,62490,Sailly-en-Ostrevent,sailly en ostrevent,50.287603779528,2.9917871653543
24783,62,62735,62113,Sailly-Labourse,sailly labourse,50.502023230769,2.7065615384615
24784,62,62736,62840,Sailly-sur-la-Lys,sailly sur la lys,50.652701710526,2.7960452631579
24785,62,62737,62114,Sains-en-Gohelle,sains en gohelle,50.450054848485,2.6828478787879
24786,62,62738,62310,Sains-lès-Fressin,sains les fressin,50.476147256637,2.0560195575221
24787,62,62739,62860,Sains-lès-Marquion,sains les marquion,50.188367846154,3.0741606153846
24788,62,62740,62550,Sains-lès-Pernes,sains les pernes,50.4806375,2.351779
24789,62,62741,62760,Saint-Amand,saint amand,50.168126774194,2.5566408064516
24790,62,62742,62170,Saint-Aubin,saint aubin,50.454588461538,1.6673005769231
24791,62,62743,62140,Sainte-Austreberthe,sainte austreberthe,50.359484761905,2.0433119047619
24792,62,62744,62223,Sainte-Catherine,sainte catherine,50.312709863014,2.7619838356164
24793,62,62745,62990,Saint-Denœux,saint denoeux,50.477349074074,1.9121431481482
24794,62,62746,62360,Saint-Étienne-au-Mont,saint etienne au mont,50.668353692308,1.6064426923077
24795,62,62747,62350,Saint-Floris,saint floris,50.630490810811,2.5811695945946
24796,62,62748,62370,Saint-Folquin,saint folquin,50.943685099338,2.1267606622517
24797,62,62749,62770,Saint-Georges,saint georges,50.352530659341,2.0768724175824
24798,62,62750,62120,Saint-Hilaire-Cottes,saint hilaire cottes,50.566263535354,2.4001162626263
24799,62,62751,62250,Saint-Inglevert,saint inglevert,50.872969736842,1.740960131579
24800,62,62752,62170,Saint-Josse,saint josse,50.482678901099,1.6610253296703
24801,62,62753,62223,Saint-Laurent-Blangy,saint laurent blangy,50.306786953125,2.807907578125
24802,62,62754,62128,Saint-Léger,saint leger,50.183702833333,2.8508451666667
24803,62,62755,62360,Saint-Léonard,saint leonard,50.693519423077,1.6219578846154
24804,62,62756,62370,Sainte-Marie-Kerque,sainte marie kerque,50.903692588235,2.1435871764706
24805,62,62757,62500,Saint-Martin-lez-Tatinghem,saint martin lez tatinghem,50.751126391753,2.2214943298969
24806,62,62758,62280,Saint-Martin-Boulogne,saint martin boulogne,50.72545005848,1.6428223976608
24807,62,62759,62240,Saint-Martin-Choquel,saint martin choquel,50.672234105263,1.8853733684211
24808,62,62760,62560,Saint-Martin-d'Hardinghem,saint martin d hardinghem,50.611883445378,2.0997759663866
24809,62,62761,62128,Saint-Martin-sur-Cojeul,saint martin sur cojeul,50.229501153846,2.8498830769231
24810,62,62762,62650,Saint-Michel-sous-Bois,saint michel sous bois,50.51748625,1.9360777678571
24811,62,62763,62130,Saint-Michel-sur-Ternoise,saint michel sur ternoise,50.378300614035,2.3626912280702
24812,62,62764,62223,Saint-Nicolas,saint nicolas,50.307158428571,2.7844411428571
24813,62,62765,62500,Saint-Omer,saint omer,50.762044945652,2.2620073369565
24814,62,62766,62162,Saint-Omer-Capelle,saint omer capelle,50.950939846154,2.0977970769231
24815,62,62767,62130,Saint-Pol-sur-Ternoise,saint pol sur ternoise,50.388954228571,2.3519922285714
24816,62,62768,62870,Saint-Rémy-au-Bois,saint remy au bois,50.365793333333,1.8674845679012
24817,62,62769,62185,Saint-Tricat,saint tricat,50.897671636364,1.8377361818182
24818,62,62770,62350,Saint-Venant,saint venant,50.629244894737,2.5130432105263
24819,62,62771,62430,Sallaumines,sallaumines,50.419140222222,2.8626374444445
24820,62,62772,62500,Salperwick,salperwick,50.766227466667,2.2180178666667
24821,62,62773,62830,Samer,samer,50.634457747748,1.7463086036036
24822,62,62774,62231,Sangatte,sangatte,50.940820833333,1.7749715625
24823,62,62775,62850,Sanghen,sanghen,50.774708468468,1.8942966666667
24824,62,62776,62121,Sapignies,sapignies,50.133264782609,2.8386386956522
24825,62,62777,62450,Le Sars,le sars,50.070271355932,2.7775206779661
24826,62,62778,62810,Sars-le-Bois,sars le bois,50.296032075472,2.4317333962264
24827,62,62779,62760,Sarton,sarton,50.113499642857,2.4287486904762
24828,62,62780,62860,Sauchy-Cauchy,sauchy cauchy,50.234191111111,3.0957022222222
24829,62,62781,62860,Sauchy-Lestrée,sauchy lestree,50.220926666667,3.1143682828283
24830,62,62782,62860,Saudemont,saudemont,50.241118727273,3.0342527272727
24831,62,62783,62870,Saulchoy,saulchoy,50.354490571429,1.8519851428571
24832,62,62784,62158,Saulty,saulty,50.211591965812,2.5260791452991
24833,62,62785,62690,Savy-Berlette,savy berlette,50.352279885057,2.5577416091954
24834,62,62786,62240,Selles,selles,50.69650496063,1.8861766141732
24835,62,62787,62170,Sempy,sempy,50.4942095,1.8752482
24836,62,62788,62380,Seninghem,seninghem,50.697009461078,2.018690239521
24837,62,62789,62240,Senlecques,senlecques,50.649761081081,1.9385054054054
24838,62,62790,62310,Senlis,senlis,50.535432876712,2.1460053424658
24839,62,62791,62270,Séricourt,sericourt,50.295526,2.3116797142857
24840,62,62792,62910,Serques,serques,50.787661259843,2.1968541732283
24841,62,62793,62530,Servins,servins,50.40300942029,2.6377769565217
24842,62,62794,62380,Setques,setques,50.71346245098,2.1535289215686
24843,62,62795,62270,Sibiville,sibiville,50.308370769231,2.3300543076923
24844,62,62796,62123,Simencourt,simencourt,50.2542528,2.637447
24845,62,62797,62130,Siracourt,siracourt,50.370278269231,2.2657169230769
24846,62,62798,62810,Sombrin,sombrin,50.238134915254,2.5059422033898
24847,62,62799,62170,Sorrus,sorrus,50.45751164557,1.7146064556962
24848,62,62800,62111,Souastre,souastre,50.149489344262,2.5645196721312
24849,62,62801,62153,Souchez,souchez,50.39142862069,2.7408503448276
24850,62,62802,62810,Le Souich,le souich,50.221596349206,2.3633542857143
24851,62,62803,62850,Surques,surques,50.74944407767,1.9301493203883
24852,62,62804,62810,Sus-Saint-Léger,sus saint leger,50.238779375,2.4339159375
24853,62,62805,62550,Tangry,tangry,50.460576511628,2.3619113953488
24854,62,62806,62179,Tardinghen,tardinghen,50.862760413223,1.6413827272727
24855,62,62808,62134,Teneur,teneur,50.451227272727,2.2190918939394
24856,62,62809,62127,Ternas,ternas,50.3399505,2.39937375
24857,62,62810,62580,Thélus,thelus,50.3503538,2.7995823
24858,62,62811,62129,Thérouanne,therouanne,50.631556909091,2.2499885454546
24859,62,62812,62560,Thiembronne,thiembronne,50.622871756757,2.0450122297297
24860,62,62813,62130,La Thieuloye,la thieuloye,50.41232890625,2.43741015625
24861,62,62814,62760,Thièvres,thievres,50.132551851852,2.4468190740741
24862,62,62815,62180,Tigny-Noyelle,tigny noyelle,50.355785,1.7075103448276
24863,62,62816,62690,Tilloy-lès-Hermaville,tilloy les hermaville,50.3293665,2.552721
24864,62,62817,62217,Tilloy-lès-Mofflaines,tilloy les mofflaines,50.27471606383,2.822395212766
24865,62,62818,62134,Tilly-Capelle,tilly capelle,50.44138503876,2.1919202325581
24866,62,62819,62500,Tilques,tilques,50.773928421053,2.2005155263158
24867,62,62820,62127,Tincques,tincques,50.359609659091,2.4957220454546
24868,62,62821,62830,Tingry,tingry,50.61362630137,1.7234645205479
24869,62,62822,62390,Tollent,tollent,50.278181851852,2.01222
24870,62,62823,62310,Torcy,torcy,50.488595619048,2.0173539047619
24871,62,62824,62140,Tortefontaine,tortefontaine,50.331649827586,1.9155709482759
24872,62,62825,62490,Tortequesne,tortequesne,50.291137395833,3.02805875
24873,62,62826,62520,Le Touquet-Paris-Plage,le touquet paris plage,50.514056407767,1.6039582524272
24874,62,62827,62890,Tournehem-sur-la-Hem,tournehem sur la hem,50.78822744186,2.0463110465116
24875,62,62828,62310,Tramecourt,tramecourt,50.468452307692,2.1509569230769
24876,62,62829,62450,Le Transloy,le transloy,50.05031,2.8860562068966
24877,62,62830,62147,Trescault,trescault,50.09023253012,3.0953562650602
24878,62,62831,62130,Troisvaux,troisvaux,50.409309764706,2.3440715294118
24879,62,62832,62630,Tubersent,tubersent,50.52059016129,1.6982014516129
24880,62,62833,62270,Vacquerie-le-Boucq,vacquerie le boucq,50.271011627907,2.2114186046512
24881,62,62834,62140,Vacqueriette-Erquières,vacqueriette erquieres,50.323578295455,2.0717179545455
24882,62,62835,62550,Valhuon,valhuon,50.433876170213,2.3882805319149
24883,62,62836,62131,Vaudricourt,vaudricourt,50.499967540984,2.6201570491803
24884,62,62837,62380,Vaudringhem,vaudringhem,50.654309292035,2.0213468141593
24885,62,62838,62390,Vaulx,vaulx,50.272102195122,2.1088590243902
24886,62,62839,62159,Vaulx-Vraucourt,vaulx vraucourt,50.146081190476,2.904561547619
24887,62,62840,62124,Vélu,velu,50.1018064,2.9751316
24888,62,62841,62232,Vendin-lès-Béthune,vendin les bethune,50.546822933333,2.6073328
24889,62,62842,62880,Vendin-le-Vieil,vendin le vieil,50.472709863014,2.8553635616438
24890,62,62843,62310,Verchin,verchin,50.494690784314,2.1814994117647
24891,62,62844,62560,Verchocq,verchocq,50.554105517241,2.0391267241379
24892,62,62845,62830,Verlincthun,verlincthun,50.629769903846,1.6916098076923
24893,62,62846,62980,Vermelles,vermelles,50.48884084507,2.7512469014085
24894,62,62847,62113,Verquigneul,verquigneul,50.504055714286,2.66315125
24895,62,62848,62131,Verquin,verquin,50.505351016949,2.640506779661
24896,62,62849,62180,Verton,verton,50.401742027027,1.6425831756757
24897,62,62850,62770,Vieil-Hesdin,vieil hesdin,50.36364472973,2.109948445946
24898,62,62851,62136,Vieille-Chapelle,vieille chapelle,50.593479358974,2.7136033333333
24899,62,62852,62162,Vieille-Église,vieille eglise,50.94399568,2.07794808
24900,62,62853,62240,Vieil-Moutier,vieil moutier,50.6680759375,1.90972484375
24901,62,62854,62144,Villers-au-Bois,villers au bois,50.3765432,2.6664123
24902,62,62855,62450,Villers-au-Flos,villers au flos,50.079760877193,2.90543
24903,62,62856,62690,Villers-Brûlin,villers brulin,50.3727455,2.5268263333333
24904,62,62857,62690,Villers-Châtel,villers chatel,50.373645681818,2.5930277272727
24905,62,62858,62182,Villers-lès-Cagnicourt,villers les cagnicourt,50.2261196,3.012036
24906,62,62859,62390,Villers-l'Hôpital,villers l hopital,50.227670810811,2.2055125675676
24907,62,62860,62127,Villers-Sir-Simon,villers sir simon,50.316149411765,2.4912658823529
24908,62,62861,62580,Vimy,vimy,50.376818205128,2.8079432478632
24909,62,62862,62310,Vincly,vincly,50.556849189189,2.1771102702703
24910,62,62863,62138,Violaines,violaines,50.530272179487,2.7785591025641
24911,62,62864,62156,Vis-en-Artois,vis en artois,50.247689285714,2.9351783333333
24912,62,62865,62490,Vitry-en-Artois,vitry en artois,50.323395203252,2.9753435772358
24913,62,62866,62180,Waben,waben,50.382769586777,1.642698677686
24914,62,62867,62250,Wacquinghen,wacquinghen,50.781076666667,1.668097
24915,62,62868,62770,Wail,wail,50.336003655914,2.119668172043
24916,62,62869,62217,Wailly,wailly,50.247970405405,2.7226345945946
24917,62,62870,62170,Wailly-Beaucamp,wailly beaucamp,50.410878365385,1.7262377884615
24918,62,62871,62140,Wambercourt,wambercourt,50.432615483871,2.0301825806452
24919,62,62872,62770,Wamin,wamin,50.416791551724,2.0609176724138
24920,62,62873,62128,Wancourt,wancourt,50.255115853659,2.8554295121951
24921,62,62874,62123,Wanquetin,wanquetin,50.274391791045,2.610247761194
24922,62,62875,62120,Wardrecques,wardrecques,50.704057169811,2.3412371698113
24923,62,62876,62450,Warlencourt-Eaucourt,warlencourt eaucourt,50.083273239437,2.7895257746479
24924,62,62877,62760,Warlincourt-lès-Pas,warlincourt les pas,50.181115970149,2.5072220895522
24925,62,62878,62123,Warlus,warlus,50.277249857143,2.6654484285714
24926,62,62879,62810,Warluzel,warluzel,50.231135238095,2.4697007142857
24927,62,62880,62142,Le Wast,le wast,50.750072325581,1.7992004651163
24928,62,62881,62390,Beauvoir-Wavans,beauvoir wavans,50.21761962963,2.1662895555556
24929,62,62882,62380,Wavrans-sur-l'Aa,wavrans sur l aa,50.676584695652,2.1411373913043
24930,62,62883,62130,Wavrans-sur-Ternoise,wavrans sur ternoise,50.411052045455,2.2869610227273
24931,62,62885,62960,Westrehem,westrehem,50.543962954545,2.3429945454545
24932,62,62886,62650,Wicquinghem,wicquinghem,50.5736040625,1.9542653125
24933,62,62887,62630,Widehem,widehem,50.584307052632,1.6573987368421
24934,62,62888,62830,Wierre-au-Bois,wierre au bois,50.652465494505,1.7706274725275
24935,62,62889,62720,Wierre-Effroy,wierre effroy,50.771184736842,1.7388312865497
24936,62,62890,62770,Willeman,willeman,50.360135051546,2.166649072165
24937,62,62891,62390,Willencourt,willencourt,50.240042539683,2.0828312698413
24938,62,62892,62580,Willerval,willerval,50.3618545,2.8507948333333
24939,62,62893,62930,Wimereux,wimereux,50.7768574,1.6110276
24940,62,62894,62126,Wimille,wimille,50.764923962264,1.6503451886792
24941,62,62895,62410,Wingles,wingles,50.49026475,2.854068
24942,62,62896,62240,Wirwignes,wirwignes,50.68275192,1.76987152
24943,62,62897,62380,Wismes,wismes,50.662675,2.0780086666667
24944,62,62898,62219,Wisques,wisques,50.725224603175,2.1942426984127
24945,62,62899,62179,Wissant,wissant,50.880413577236,1.6777656910569
24946,62,62900,62120,Witternesse,witternesse,50.614338362069,2.3663456896552
24947,62,62901,62120,Wittes,wittes,50.672287294118,2.3831330588235
24948,62,62902,62570,Wizernes,wizernes,50.715763619048,2.2269666666667
24949,62,62903,62650,Zoteux,zoteux,50.616263661972,1.8879023943662
24950,62,62904,62890,Zouafques,zouafques,50.821436231884,2.0563023188406
24951,62,62905,62500,Zudausques,zudausques,50.752461058824,2.1594394117647
24952,62,62906,62370,Zutkerque,zutkerque,50.853522085562,2.0621387700535
24953,62,62907,62820,Libercourt,libercourt,50.481682626263,3.0002921212121
24954,62,62908,62360,La Capelle-lès-Boulogne,la capelle les boulogne,50.7315340625,1.724866015625
24955,62,62909,62124,Ytres,ytres,50.065814941176,2.9946327058824
