,,,,-PUY-DE-DOME,,,
24956,63,63001,63260,Aigueperse,aigueperse,46.016371975309,3.2045439506173
24957,63,63002,63980,Aix-la-Fayette,aix la fayette,45.505120092593,3.528412962963
24958,63,63003,63600,Ambert,ambert,45.560512,3.739362835443
24959,63,63004,63770,Les Ancizes-Comps,les ancizes comps,45.932198444444,2.809503962963
24960,63,63005,63340,Antoingt,antoingt,45.499546666667,3.1825056349206
24961,63,63006,63420,Anzat-le-Luguet,anzat le luguet,45.330943661972,3.0333929859155
24962,63,63007,63420,Apchat,apchat,45.372314766082,3.1486499415205
24963,63,63008,63250,Arconsat,arconsat,45.89082908046,3.7142145977012
24964,63,63009,63420,Ardes,ardes,45.39996107438,3.1234112396694
24965,63,63010,63220,Arlanc,arlanc,45.421207135678,3.7235580904523
24966,63,63011,63700,Ars-les-Favets,ars les favets,46.199776641221,2.7479751145038
24967,63,63012,63460,Artonne,artonne,46.004046397059,3.1420366176471
24968,63,63013,63260,Aubiat,aubiat,45.977648363636,3.1846461818182
24969,63,63014,63170,Aubière,aubiere,45.751772575758,3.1244916666667
24970,63,63015,63120,Aubusson-d'Auvergne,aubusson d auvergne,45.75030104,3.60005512
24971,63,63016,63930,Augerolles,augerolles,45.739634344262,3.6389088797814
24972,63,63017,63340,Augnat,augnat,45.41324575419,3.1780635195531
24973,63,63019,63510,Aulnat,aulnat,45.791909545455,3.1695645454545
24974,63,63020,63210,Aurières,aurieres,45.684602589928,2.9158292086331
24975,63,63021,63114,Authezat,authezat,45.63838358209,3.1921144776119
24976,63,63022,63570,Auzat-la-Combelle,auzat la combelle,45.449116708861,3.3243679746835
24977,63,63023,63590,Auzelles,auzelles,45.612287344398,3.5123157261411
24978,63,63024,63690,Avèze,aveze,45.595179005236,2.5960794240838
24979,63,63025,63390,Ayat-sur-Sioule,ayat sur sioule,46.061494691358,2.887207345679
24980,63,63026,63970,Aydat,aydat,45.661648916968,2.9780414440433
24981,63,63027,63600,Baffie,baffie,45.474973518519,3.8248317592593
24982,63,63028,63810,Bagnols,bagnols,45.496829375,2.6387019886364
24983,63,63029,63570,Bansat,bansat,45.48287079096,3.3604094915254
24984,63,63030,63310,Bas-et-Lezat,bas et lezat,46.037544791667,3.3090633333333
24985,63,63031,63570,Beaulieu,beaulieu,45.440657849462,3.2884410752688
24986,63,63032,63110,Beaumont,beaumont,45.749397471264,3.0861164367816
24987,63,63033,63310,Beaumont-lès-Randan,beaumont les randan,45.994461492537,3.3814214925373
24988,63,63034,63116,Beauregard-l'Évêque,beauregard l eveque,45.815722268041,3.3027574226804
24989,63,63035,63460,Beauregard-Vendon,beauregard vendon,45.965810506329,3.1134663291139
24990,63,63036,63500,Bergonne,bergonne,45.507518709677,3.2187766129032
24991,63,63037,63480,Bertignat,bertignat,45.616557688442,3.6905120100502
24992,63,63038,63610,Besse-et-Saint-Anastaise,besse et saint anastaise,45.500648703008,2.9172013533835
24993,63,63039,63220,Beurières,beurieres,45.436664074074,3.7846559259259
24994,63,63040,63160,Billom,billom,45.726319615385,3.3334919871795
24995,63,63041,63640,Biollet,biollet,45.988466760563,2.6987406103286
24996,63,63042,63112,Blanzat,blanzat,45.825449569892,3.0735883870968
24997,63,63043,63440,Blot-l'Église,blot l eglise,46.031743568627,2.9598522352941
24998,63,63044,63160,Bongheat,bongheat,45.722976639344,3.4257968852459
24999,63,63045,63190,Bort-l'Étang,bort l etang,45.776214222222,3.4358795555556
25000,63,63046,63340,Boudes,boudes,45.451780545455,3.1866104545455
25001,63,63047,63150,La Bourboule,la bourboule,45.585033478261,2.7435735326087
25002,63,63048,63760,Bourg-Lastic,bourg lastic,45.661417384196,2.5647906811989
25003,63,63049,63910,Bouzel,bouzel,45.780819166667,3.3186172916667
25004,63,63050,63570,Brassac-les-Mines,brassac les mines,45.419601869919,3.3180704065041
25005,63,63051,63500,Brenat,brenat,45.552661847826,3.309245
25006,63,63052,63340,Le Breuil-sur-Couze,le breuil sur couze,45.4685265,3.2663887
25007,63,63053,63820,Briffons,briffons,45.698180316206,2.6539208300395
25008,63,63054,63500,Le Broc,le broc,45.502878175182,3.2518750364964
25009,63,63055,63230,Bromont-Lamothe,bromont lamothe,45.837157765568,2.8136731868132
25010,63,63056,63490,Brousse,brousse,45.600695132743,3.4628501327434
25011,63,63057,63880,Le Brugeron,le brugeron,45.713352195122,3.7318457560976
25012,63,63058,63350,Bulhon,bulhon,45.883768958333,3.3929119791667
25013,63,63059,63270,Busséol,busseol,45.694480543478,3.2604681521739
25014,63,63060,63330,Bussières,bussieres,46.068408697917,2.643528125
25015,63,63061,63260,Bussières-et-Pruns,bussieres et pruns,46.006897356322,3.243191954023
25016,63,63062,63700,Buxières-sous-Montaigut,buxieres sous montaigut,46.2033608,2.8387997
25017,63,63063,63118,Cébazat,cebazat,45.833195466667,3.1010466666667
25018,63,63064,63620,La Celle,la celle,45.852054715909,2.4776449431818
25019,63,63065,63520,Ceilloux,ceilloux,45.656838914729,3.5142937209302
25020,63,63066,63250,Celles-sur-Durolle,celles sur durolle,45.876640961538,3.6525058461538
25021,63,63067,63330,La Cellette,la cellette,46.099780952381,2.7253397619048
25022,63,63069,63670,Le Cendre,le cendre,45.717423176471,3.1962303529412
25023,63,63070,63122,Ceyrat,ceyrat,45.737973974359,3.0647816666667
25024,63,63071,63210,Ceyssat,ceyssat,45.767019586777,2.9198974380165
25025,63,63072,63250,Chabreloche,chabreloche,45.871378848485,3.7027964242424
25026,63,63073,63320,Chadeleuf,chadeleuf,45.582426060606,3.1823724242424
25027,63,63074,63340,Chalus,chalus,45.461566530612,3.2059766326531
25028,63,63075,63400,Chamalières,chamalieres,45.774419487179,3.0587343589744
25029,63,63076,63980,Chambon-sur-Dolore,chambon sur dolore,45.496955876777,3.625692985782
25030,63,63077,63790,Chambon-sur-Lac,chambon sur lac,45.560368947368,2.8693265587044
25031,63,63078,63580,Chaméane,chameane,45.522162740741,3.4366218518519
25032,63,63079,63580,Champagnat-le-Jeune,champagnat le jeune,45.445116285714,3.4225121428571
25033,63,63080,63320,Champeix,champeix,45.590463186813,3.1296134065934
25034,63,63081,63600,Champétières,champetieres,45.511228777778,3.6880131111111
25035,63,63082,63440,Champs,champs,46.061467295082,3.0894731147541
25036,63,63083,63530,Chanat-la-Mouteyre,chanat la mouteyre,45.821077864078,3.0142653883495
25037,63,63084,63450,Chanonat,chanonat,45.700118730964,3.0804569035533
25038,63,63085,63230,Chapdes-Beaufort,chapdes beaufort,45.8905005,2.8423991875
25039,63,63086,63590,La Chapelle-Agnon,la chapelle agnon,45.629918976744,3.6326317209302
25040,63,63087,63420,La Chapelle-Marcousse,la chapelle marcousse,45.440359159664,3.0866284453782
25041,63,63088,63580,La Chapelle-sur-Usson,la chapelle sur usson,45.464601652174,3.3898269565217
25042,63,63089,63720,Chappes,chappes,45.868468548387,3.2285053225806
25043,63,63090,63260,Chaptuzat,chaptuzat,46.031037878788,3.1678009090909
25044,63,63091,63340,Charbonnier-les-Mines,charbonnier les mines,45.417599365079,3.2842985714286
25045,63,63092,63410,Charbonnières-les-Varennes,charbonnieres les varennes,45.900324292683,2.9847109268293
25046,63,63093,63410,Charbonnières-les-Vieilles,charbonnieres les vieilles,45.992014758364,3.0076998513011
25047,63,63094,63640,Charensat,charensat,45.976794101877,2.6460505898123
25048,63,63095,63290,Charnat,charnat,45.943938686869,3.4354612121212
25049,63,63096,63160,Chas,chas,45.747098928571,3.3077626785714
25050,63,63097,63320,Chassagne,chassagne,45.493481284404,3.0565972018349
25051,63,63098,63680,Chastreix,chastreix,45.509753451613,2.745195
25052,63,63099,63119,Châteaugay,chateaugay,45.853931596639,3.0925388235294
25053,63,63100,63390,Châteauneuf-les-Bains,chateauneuf les bains,46.025012020202,2.8871393434343
25054,63,63101,63330,Château-sur-Cher,chateau sur cher,46.118412459893,2.5698788770054
25055,63,63102,63290,Châteldon,chateldon,45.972105211268,3.5536901877934
25056,63,63103,63140,Châtel-Guyon,chatel guyon,45.921011818182,3.05923784689
25057,63,63104,63660,La Chaulme,la chaulme,45.470863827161,3.9574681481482
25058,63,63105,63220,Chaumont-le-Bourg,chaumont le bourg,45.459199642857,3.7656565714286
25059,63,63106,63117,Chauriat,chauriat,45.746005294118,3.2742755294118
25060,63,63107,63720,Chavaroux,chavaroux,45.85196,3.2591691428571
25061,63,63108,63200,Le Cheix,le cheix,45.956747580645,3.1767159677419
25062,63,63109,63320,Chidrac,chidrac,45.557524166667,3.1520913888889
25063,63,63110,63740,Cisternes-la-Forêt,cisternes la foret,45.808525286195,2.7166351515151
25064,63,63111,63320,Clémensat,clemensat,45.564016290323,3.101745
25065,63,63112,63720,Clerlande,clerlande,45.915706538462,3.1884067307692
25066,63,63113,63000,Clermont-Ferrand,clermont ferrand,45.771264,3.1198023
25067,63,63113,63100,Clermont-Ferrand,clermont ferrand,45.7950636,3.1172305
25068,63,63114,63340,Collanges,collanges,45.436609879518,3.2149372289157
25069,63,63115,63380,Combrailles,combrailles,45.843204011299,2.6428029943503
25070,63,63116,63460,Combronde,combronde,45.988858255814,3.0831240116279
25071,63,63117,63610,Compains,compains,45.435567603834,2.9338784664537
25072,63,63118,63380,Condat-en-Combraille,condat en combraille,45.865735636364,2.5620104415584
25073,63,63119,63490,Condat-lès-Montboissier,condat les montboissier,45.55741118421,3.4790447368421
25074,63,63120,63730,Corent,corent,45.662203235294,3.1928961764706
25075,63,63121,63114,Coudes,coudes,45.612290595238,3.2069765476191
25076,63,63122,63320,Courgoul,courgoul,45.510047283951,3.0411166049383
25077,63,63123,63450,Cournols,cournols,45.640575352113,3.0391671830986
25078,63,63124,63800,Cournon-d'Auvergne,cournon d auvergne,45.742723381295,3.1974370503597
25079,63,63125,63120,Courpière,courpiere,45.756828846154,3.5417629059829
25080,63,63126,63450,Le Crest,le crest,45.690719319728,3.1313555782313
25081,63,63127,63320,Creste,creste,45.555743174603,3.0514834126984
25082,63,63128,63350,Crevant-Laveine,crevant laveine,45.901830769231,3.3978228365385
25083,63,63129,63810,Cros,cros,45.466271346154,2.6080904807692
25084,63,63130,63700,La Crouzille,la crouzille,46.170506666667,2.7514670588235
25085,63,63131,63350,Culhat,culhat,45.861366582278,3.3417381012658
25086,63,63132,63590,Cunlhat,cunlhat,45.634310674157,3.5663504494382
25087,63,63133,63111,Dallet,dallet,45.771608684211,3.2428257894737
25088,63,63134,63340,Dauzat-sur-Vodable,dauzat sur vodable,45.470267662338,3.0826276623377
25089,63,63135,63200,Davayat,davayat,45.947790294118,3.113835
25090,63,63136,63520,Domaize,domaize,45.684442760181,3.5318976923077
25091,63,63137,63220,Doranges,doranges,45.402819328859,3.6093755704698
25092,63,63138,63300,Dorat,dorat,45.896909883041,3.4760357894737
25093,63,63139,63220,Dore-l'Église,dore l eglise,45.375398876404,3.753838258427
25094,63,63140,63700,Durmignat,durmignat,46.198628489583,2.9005459375
25095,63,63141,63830,Durtol,durtol,45.798656352941,3.0533130588235
25096,63,63142,63980,Échandelys,echandelys,45.546939408284,3.5221072189349
25097,63,63143,63260,Effiat,effiat,46.043056769231,3.2732504615385
25098,63,63144,63850,Égliseneuve-d'Entraigues,egliseneuve d entraigues,45.419878417085,2.8184085678392
25099,63,63145,63490,Égliseneuve-des-Liards,egliseneuve des liards,45.563762192982,3.4167621052632
25100,63,63146,63160,Égliseneuve-près-Billom,egliseneuve pres billom,45.718705228758,3.3889216993464
25101,63,63147,63840,Églisolles,eglisolles,45.462794245283,3.8784227830189
25102,63,63148,63720,Ennezat,ennezat,45.896438,3.2171365555556
25103,63,63149,63720,Entraigues,entraigues,45.884419117647,3.2646042647059
25104,63,63150,63530,Enval,enval,45.898382804878,3.0506634146341
25105,63,63151,63300,Escoutoux,escoutoux,45.813693060345,3.5589417672414
25106,63,63152,63390,Espinasse,espinasse,46.031210140845,2.7180657746479
25107,63,63153,63850,Espinchal,espinchal,45.395743723404,2.8773229787234
25108,63,63154,63160,Espirat,espirat,45.7539352,3.3347994
25109,63,63155,63520,Estandeuil,estandeuil,45.680912736842,3.4471850526316
25110,63,63156,63570,Esteil,esteil,45.454326710526,3.3649515789474
25111,63,63157,63160,Fayet-le-Château,fayet le chateau,45.674032583333,3.4066225833333
25112,63,63158,63630,Fayet-Ronaye,fayet ronaye,45.418482222222,3.5382539766082
25113,63,63159,63620,Fernoël,fernoel,45.8130761,2.42128825
25114,63,63160,63500,Aulhat-Flat,aulhat flat,45.571154528302,3.3163629245283
25115,63,63161,63600,La Forie,la forie,45.588765306122,3.7539854081633
25116,63,63162,63980,Fournols,fournols,45.521516233766,3.5906453246753
25117,63,63163,63740,Gelles,gelles,45.760213763066,2.7789575958188
25118,63,63164,63360,Gerzat,gerzat,45.826623636364,3.1581287012987
25119,63,63165,63620,Giat,giat,45.80375862069,2.4771241724138
25120,63,63166,63340,Gignat,gignat,45.487699,3.2195028333333
25121,63,63167,63200,Gimeaux,gimeaux,45.947586271186,3.0975176271186
25122,63,63168,63160,Glaine-Montaigut,glaine montaigut,45.750371824818,3.386750729927
25123,63,63169,63850,La Godivelle,la godivelle,45.393794827586,2.9217403448276
25124,63,63170,63230,La Goutelle,la goutelle,45.844433918367,2.7468656326531
25125,63,63171,63390,Gouttières,gouttieres,46.058766125461,2.7781030627306
25126,63,63172,63320,Grandeyrolles,grandeyrolles,45.585086330935,3.0449692805755
25127,63,63173,63600,Grandrif,grandrif,45.526496941176,3.8383587058823
25128,63,63174,63890,Grandval,grandval,45.599918695652,3.6543256521739
25129,63,63175,63470,Herment,herment,45.765377794118,2.5719204411765
25130,63,63176,63210,Heume-l'Église,heume l eglise,45.725794947368,2.7270384210526
25131,63,63177,63270,Isserteaux,isserteaux,45.648366257669,3.3833914110429
25132,63,63178,63500,Issoire,issoire,45.542261041667,3.2375347222222
25133,63,63179,63990,Job,job,45.621107897196,3.7471322429906
25134,63,63180,63350,Joze,joze,45.869473301887,3.3119204716981
25135,63,63181,63460,Jozerand,jozerand,46.023702882883,3.0975499099099
25136,63,63182,63570,Jumeaux,jumeaux,45.43392325,3.34892675
25137,63,63183,63690,Labessette,labessette,45.49719,2.5404115315315
25138,63,63184,63290,Lachaux,lachaux,45.995638185484,3.5915782258065
25139,63,63185,63570,Lamontgie,lamontgie,45.474683935484,3.3291594193548
25140,63,63186,63380,Landogne,landogne,45.886295447471,2.6529424124514
25141,63,63187,63700,Lapeyrouse,lapeyrouse,46.232271700405,2.8850235222672
25142,63,63188,63270,Laps,laps,45.668501065574,3.2624668852459
25143,63,63189,63820,Laqueuille,laqueuille,45.652840714286,2.7416633482143
25144,63,63190,63690,Larodde,larodde,45.524555,2.5560484615385
25145,63,63191,63760,Lastic,lastic,45.696192980769,2.5692664903846
25146,63,63192,63680,La Tour-d'Auvergne,la tour d auvergne,45.539185232558,2.7002387790698
25147,63,63193,63370,Lempdes,lempdes,45.770038045977,3.1932466666667
25148,63,63194,63190,Lempty,lempty,45.829930923077,3.327534
25149,63,63195,63190,Lezoux,lezoux,45.834853085106,3.3847938829787
25150,63,63196,63290,Limons,limons,45.982714285714,3.4475967701863
25151,63,63197,63440,Lisseuil,lisseuil,46.056686086957,2.9378839130435
25152,63,63198,63410,Loubeyrat,loubeyrat,45.932098650794,3.0097713888889
25153,63,63199,63320,Ludesse,ludesse,45.613658285714,3.0994454285714
25154,63,63200,63360,Lussat,lussat,45.838280681818,3.2369075
25155,63,63201,63350,Luzillat,luzillat,45.957981890244,3.3880095121951
25156,63,63202,63340,Madriat,madriat,45.434306774194,3.1707697849462
25157,63,63203,63200,Malauzat,malauzat,45.861727166667,3.0626738333333
25158,63,63204,63510,Malintrat,malintrat,45.8152375,3.189233125
25159,63,63205,63270,Manglieu,manglieu,45.620387929293,3.3533920707071
25160,63,63206,63410,Manzat,manzat,45.948826145833,2.9381374305556
25161,63,63207,63480,Marat,marat,45.674795772059,3.6873948529412
25162,63,63208,63440,Marcillat,marcillat,46.075806580645,3.0326831612903
25163,63,63209,63340,Mareugheol,mareugheol,45.48297827957,3.1639158064516
25164,63,63210,63350,Maringues,maringues,45.918988831169,3.3379240909091
25165,63,63211,63940,Marsac-en-Livradois,marsac en livradois,45.480560836013,3.7165688745981
25166,63,63212,63200,Marsat,marsat,45.872021492537,3.0822191044776
25167,63,63213,63430,Les Martres-d'Artière,les martres d artiere,45.830063411765,3.2623685882353
25168,63,63214,63730,Les Martres-de-Veyre,les martres de veyre,45.688635327869,3.1986586065574
25169,63,63215,63720,Martres-sur-Morge,martres sur morge,45.939448333333,3.21338625
25170,63,63216,63160,Mauzun,mauzun,45.704085135135,3.4258686486486
25171,63,63218,63220,Mayres,mayres,45.387833561644,3.6953447945206
25172,63,63219,63230,Mazaye,mazaye,45.776249836957,2.8544438586956
25173,63,63220,63420,Mazoires,mazoires,45.396414512195,3.0548967378049
25174,63,63221,63220,Medeyrolles,medeyrolles,45.404593492064,3.8199865079365
25175,63,63222,63320,Meilhaud,meilhaud,45.54308,3.164330625
25176,63,63223,63560,Menat,menat,46.107163886463,2.8961343668122
25177,63,63224,63200,Ménétrol,menetrol,45.864545428571,3.1289404285714
25178,63,63225,63750,Messeix,messeix,45.613424715719,2.5371008695652
25179,63,63226,63115,Mezel,mezel,45.750687102804,3.2430599065421
25180,63,63227,63730,Mirefleurs,mirefleurs,45.692187052632,3.2285816842105
25181,63,63228,63380,Miremont,miremont,45.903405413333,2.7214757333333
25182,63,63229,63190,Moissat,moissat,45.777508977273,3.3491326136364
25183,63,63230,63890,Le Monestier,le monestier,45.5574546,3.6583724
25184,63,63231,63650,La Monnerie-le-Montel,la monnerie le montel,45.873292758621,3.6093737931035
25185,63,63232,63310,Mons,mons,45.999850989583,3.4346616666667
25186,63,63233,63700,Montaigut,montaigut,46.179727033898,2.7998999152542
25187,63,63234,63320,Montaigut-le-Blanc,montaigut le blanc,45.583114438776,3.0725987755102
25188,63,63235,63460,Montcel,montcel,46.018574201681,3.0566394957983
25189,63,63236,63240,Mont-Dore,mont dore,45.584884,2.8066546666667
25190,63,63237,63380,Montel-de-Gelat,montel de gelat,45.938610228571,2.5873572571429
25191,63,63238,63230,Montfermy,montfermy,45.872295544218,2.7984392517007
25192,63,63239,63160,Montmorin,montmorin,45.693621438356,3.3589998630137
25193,63,63240,63260,Montpensier,montpensier,46.036778333333,3.2260483333333
25194,63,63241,63114,Montpeyroux,montpeyroux,45.624724333333,3.2043921666667
25195,63,63242,63340,Moriat,moriat,45.402365154639,3.2598029896907
25196,63,63243,63700,Moureuille,moureuille,46.163325819209,2.8864461581921
25197,63,63244,63200,Chambaron sur Morge,chambaron sur morge,45.962074744526,3.1535323357664
25198,63,63245,63200,Mozac,mozac,45.890605306122,3.081083877551
25199,63,63246,63150,Murat-le-Quaire,murat le quaire,45.599504620253,2.750423164557
25200,63,63247,63790,Murol,murol,45.585054956522,2.9238602608696
25201,63,63248,63210,Nébouzat,nebouzat,45.714405280899,2.9069137078652
25202,63,63249,63120,Néronde-sur-Dore,neronde sur dore,45.795994198473,3.5033461068702
25203,63,63250,63320,Neschers,neschers,45.588246179775,3.1637375280899
25204,63,63251,63560,Neuf-Église,neuf eglise,46.096671756098,2.864202
25205,63,63252,63160,Neuville,neuville,45.749454912281,3.442866754386
25206,63,63253,63290,Noalhat,noalhat,45.918755168539,3.4572824719101
25207,63,63254,63830,Nohanent,nohanent,45.811861724138,3.0565017241379
25208,63,63255,63340,Nonette-Orsonnette,nonette orsonnette,45.478780909091,3.2953162878788
25209,63,63256,63220,Novacelles,novacelles,45.429985632911,3.6536341772152
25210,63,63257,63210,Olby,olby,45.746976626984,2.8665421825397
25211,63,63258,63880,Olliergues,olliergues,45.689828343195,3.6312420710059
25212,63,63259,63450,Olloix,olloix,45.625851216216,3.0497319594595
25213,63,63260,63880,Olmet,olmet,45.716294190476,3.662066
25214,63,63261,63500,Orbeil,orbeil,45.570157767857,3.2700215178571
25215,63,63262,63670,Orcet,orcet,45.705308369565,3.1753723913044
25216,63,63263,63870,Orcines,orcines,45.7872603663,3.0115952380952
25217,63,63264,63210,Orcival,orcival,45.657312907801,2.8380509574468
25218,63,63265,63190,Orléat,orleat,45.864887643312,3.4453810828025
25219,63,63267,63550,Palladuc,palladuc,45.909793232759,3.6439213793103
25220,63,63268,63500,Pardines,pardines,45.562181666667,3.1840971212121
25221,63,63269,63270,Parent,parent,45.623845890411,3.2285323287671
25222,63,63270,63500,Parentignat,parentignat,45.531229625,3.287584625
25223,63,63271,63290,Paslières,paslieres,45.922202972028,3.5017563636364
25224,63,63272,63170,Pérignat-lès-Sarliève,perignat les sarlieve,45.731107727273,3.1397356818182
25225,63,63273,63800,Pérignat-sur-Allier,perignat sur allier,45.726801428571,3.2361421428571
25226,63,63274,63210,Perpezat,perpezat,45.670531498638,2.7779946049046
25227,63,63275,63500,Perrier,perrier,45.544415339806,3.2003516504854
25228,63,63276,63920,Peschadoires,peschadoires,45.82931826087,3.4779495652174
25229,63,63277,63580,Peslières,peslieres,45.439566434783,3.4655840869565
25230,63,63278,63200,Pessat-Villeneuve,pessat villeneuve,45.918234901961,3.1598652941177
25231,63,63279,63113,Picherande,picherande,45.472494950739,2.7940565024631
25232,63,63280,63270,Pignols,pignols,45.650471176471,3.2784879411765
25233,63,63281,63330,Pionsat,pionsat,46.120179787234,2.6833239148936
25234,63,63282,63730,Plauzat,plauzat,45.621270952381,3.140666984127
25235,63,63283,63380,Pontaumur,pontaumur,45.861715613208,2.6746648584906
25236,63,63284,63430,Pont-du-Château,pont du chateau,45.794582980769,3.2406832692308
25237,63,63285,63230,Pontgibaud,pontgibaud,45.82537,2.8518544897959
25238,63,63286,63440,Pouzol,pouzol,46.0965775,2.9782504069767
25239,63,63287,63500,Les Pradeaux,les pradeaux,45.511253076923,3.2923316666667
25240,63,63288,63200,Prompsat,prompsat,45.945425462963,3.07162
25241,63,63289,63470,Prondines,prondines,45.762994607843,2.6880973039216
25242,63,63290,63230,Pulvérières,pulverieres,45.884642012579,2.9208235849057
25243,63,63291,63290,Puy-Guillaume,puy guillaume,45.960403465347,3.5023329207921
25244,63,63292,63470,Puy-Saint-Gulmier,puy saint gulmier,45.796808461538,2.6301352820513
25245,63,63293,63330,Le Quartier,le quartier,46.124426384181,2.7616913559322
25246,63,63294,63780,Queuille,queuille,45.973364565217,2.8376352173913
25247,63,63295,63310,Randan,randan,46.013436808511,3.3617960992908
25248,63,63296,63190,Ravel,ravel,45.786404597701,3.3928195402299
25249,63,63297,63160,Reignat,reignat,45.74456,3.3556779365079
25250,63,63298,63930,La Renaudie,la renaudie,45.74689092233,3.7067518446602
25251,63,63299,63420,Rentières,rentieres,45.424355948276,3.1148740948276
25252,63,63300,63200,Riom,riom,45.894833169399,3.1210244262295
25253,63,63301,63290,Ris,ris,46.005775511364,3.5096417613636
25254,63,63302,63670,La Roche-Blanche,la roche blanche,45.709396190476,3.1348006547619
25255,63,63303,63420,Roche-Charles-la-Mayrand,roche charles la mayrand,45.451355497382,3.0236518324607
25256,63,63304,63330,Roche-d'Agoux,roche d agoux,46.041511681416,2.6428087610619
25257,63,63305,63210,Rochefort-Montagne,rochefort montagne,45.675944612903,2.810638
25258,63,63306,63800,La Roche-Noire,la roche noire,45.711690972222,3.22488375
25259,63,63307,63540,Romagnat,romagnat,45.718045630252,3.0807873529412
25260,63,63308,63130,Royat,royat,45.760887592593,3.038985
25261,63,63309,63840,Saillant,saillant,45.448956431925,3.9221743192488
25262,63,63310,63120,Sainte-Agathe,sainte agathe,45.816352694611,3.6178288622754
25263,63,63311,63260,Saint-Agoulin,saint agoulin,46.038518924731,3.129208172043
25264,63,63312,63220,Saint-Alyre-d'Arlanc,saint alyre d arlanc,45.374499337748,3.6346931125828
25265,63,63313,63420,Saint-Alyre-ès-Montagne,saint alyre es montagne,45.391568275862,2.9838486206896
25266,63,63314,63890,Saint-Amant-Roche-Savine,saint amant roche savine,45.577841791045,3.6097334328358
25267,63,63315,63450,Saint-Amant-Tallende,saint amant tallende,45.667251511628,3.1123339534884
25268,63,63317,63310,Saint-André-le-Coq,saint andre le coq,45.960556371681,3.3116481415929
25269,63,63318,63410,Saint-Angel,saint angel,46.00298827907,2.9411369767442
25270,63,63319,63660,Saint-Anthème,saint antheme,45.548820923695,3.8976872690763
25271,63,63320,63380,Saint-Avit,saint avit,45.873539368421,2.5228285614035
25272,63,63321,63500,Saint-Babel,saint babel,45.608713192771,3.2975461445783
25273,63,63322,63360,Saint-Beauzire,saint beauzire,45.855467681159,3.1824694202898
25274,63,63323,63630,Saint-Bonnet-le-Bourg,saint bonnet le bourg,45.438448902954,3.6001716877637
25275,63,63324,63630,Saint-Bonnet-le-Chastel,saint bonnet le chastel,45.458259188192,3.639066605166
25276,63,63325,63800,Saint-Bonnet-lès-Allier,saint bonnet les allier,45.739601842105,3.2550965789474
25277,63,63326,63210,Saint-Bonnet-près-Orcival,saint bonnet pres orcival,45.707341843318,2.8669401382489
25278,63,63327,63200,Saint-Bonnet-près-Riom,saint bonnet pres riom,45.926976875,3.11417078125
25279,63,63328,63580,Sainte-Catherine,sainte catherine,45.451740927835,3.4751763917526
25280,63,63329,63390,Sainte-Christine,sainte christine,46.070519942529,2.8308768390805
25281,63,63330,63320,Saint-Cirgues-sur-Couze,saint cirgues sur couze,45.546105531915,3.1420061702128
25282,63,63331,63660,Saint-Clément-de-Valorgue,saint clement de valorgue,45.500413766234,3.9325574675325
25283,63,63332,63310,Saint-Clément-de-Régnat,saint clement de regnat,45.995521730769,3.2949947115385
25284,63,63333,63310,Saint-Denis-Combarnazat,saint denis combarnazat,45.976881881188,3.3456847524752
25285,63,63334,63520,Saint-Dier-d'Auvergne,saint dier d auvergne,45.668673195021,3.4853830290456
25286,63,63335,63320,Saint-Diéry,saint diery,45.541267622641,3.002373245283
25287,63,63336,63680,Saint-Donat,saint donat,45.46636630854,2.7146178512397
25288,63,63337,63890,Saint-Éloy-la-Glacière,saint eloy la glaciere,45.562230067114,3.5675302013423
25289,63,63338,63700,Saint-Éloy-les-Mines,saint eloy les mines,46.166568190955,2.8448877889447
25290,63,63339,63380,Saint-Étienne-des-Champs,saint etienne des champs,45.816152795699,2.5700416129032
25291,63,63340,63580,Saint-Étienne-sur-Usson,saint etienne sur usson,45.509396153846,3.4010960946746
25292,63,63341,63600,Saint-Ferréol-des-Côtes,saint ferreol des cotes,45.537283493976,3.7006843373494
25293,63,63342,63320,Saint-Floret,saint floret,45.537241081081,3.0901581081081
25294,63,63343,63520,Saint-Flour,saint flour,45.708493741936,3.5093777419355
25295,63,63344,63440,Saint-Gal-sur-Sioule,saint gal sur sioule,46.106554642857,2.9952916071429
25296,63,63345,63122,Saint-Genès-Champanelle,saint genes champanelle,45.717371538462,3.0142603238866
25297,63,63346,63850,Saint-Genès-Champespe,saint genes champespe,45.415274448399,2.7274152313167
25298,63,63347,63260,Saint-Genès-du-Retz,saint genes du retz,46.0630328,3.2158268
25299,63,63348,63580,Saint-Genès-la-Tourette,saint genes la tourette,45.518317864583,3.4802939583333
25300,63,63349,63780,Saint-Georges-de-Mons,saint georges de mons,45.949049083095,2.8608724068768
25301,63,63350,63800,Saint-Georges-sur-Allier,saint georges sur allier,45.712374134615,3.25530375
25302,63,63351,63470,Saint-Germain-près-Herment,saint germain pres herment,45.715380151515,2.549930719697
25303,63,63352,63340,Saint-Germain-Lembron,saint germain lembron,45.455848297872,3.2390129787234
25304,63,63353,63630,Saint-Germain-l'Herm,saint germain l herm,45.459482103175,3.5469747619048
25305,63,63354,63390,Saint-Gervais-d'Auvergne,saint gervais d auvergne,46.017435915916,2.8268194594595
25306,63,63355,63880,Saint-Gervais-sous-Meymont,saint gervais sous meymont,45.671704183007,3.613395620915
25307,63,63356,63340,Saint-Gervazy,saint gervazy,45.404433726708,3.2118152795031
25308,63,63357,63340,Saint-Hérent,saint herent,45.462275560748,3.1373030841121
25309,63,63358,63440,Saint-Hilaire-la-Croix,saint hilaire la croix,46.035874727273,3.0421975454545
25310,63,63359,63380,Saint-Hilaire-les-Monges,saint hilaire les monges,45.808125234899,2.6640665771812
25311,63,63360,63330,Saint-Hilaire,saint hilaire,46.104821646091,2.6198273662551
25312,63,63362,63720,Saint-Ignat,saint ignat,45.919470708661,3.2772940944882
25313,63,63363,63230,Saint-Jacques-d'Ambur,saint jacques d ambur,45.896874212219,2.7646418971061
25314,63,63364,63190,Saint-Jean-d'Heurs,saint jean d heurs,45.815064929577,3.4498077464789
25315,63,63365,63520,Saint-Jean-des-Ollières,saint jean des ollieres,45.640133481013,3.4381934177215
25316,63,63366,63490,Saint-Jean-en-Val,saint jean en val,45.514407062937,3.3636958741259
25317,63,63367,63570,Saint-Jean-Saint-Gervais,saint jean saint gervais,45.41929136612,3.3909343715847
25318,63,63368,63160,Saint-Julien-de-Coppel,saint julien de coppel,45.687077882353,3.3132008235294
25319,63,63369,63390,Saint-Julien-la-Geneste,saint julien la geneste,46.043595888325,2.7472492893401
25320,63,63370,63820,Saint-Julien-Puy-Lavèze,saint julien puy laveze,45.657676909871,2.6763454935622
25321,63,63371,63600,Saint-Just,saint just,45.459093578431,3.8064041666667
25322,63,63372,63350,Saint-Laure,saint laure,45.90254,3.2932010144927
25323,63,63373,63330,Saint-Maigner,saint maigner,46.0796345,2.6788365625
25324,63,63374,63600,Saint-Martin-des-Olmes,saint martin des olmes,45.51945627451,3.8006798039216
25325,63,63375,63570,Saint-Martin-des-Plains,saint martin des plains,45.496013888889,3.3098306666667
25326,63,63376,63580,Saint-Martin-d'Ollières,saint martin d ollieres,45.413935195531,3.4461989385475
25327,63,63377,63330,Saint-Maurice-près-Pionsat,saint maurice pres pionsat,46.070865636364,2.5928763272727
25328,63,63378,63270,Saint-Maurice,saint maurice,45.669462429907,3.2404960747663
25329,63,63379,63460,Saint-Myon,saint myon,45.990307115385,3.1268832692308
25330,63,63380,63710,Saint-Nectaire,saint nectaire,45.589488163265,2.9954258843537
25331,63,63381,63230,Saint-Ours,saint ours,45.848902908163,2.9070820408163
25332,63,63382,63440,Saint-Pardoux,saint pardoux,46.056495027933,3.0058287150838
25333,63,63383,63610,Saint-Pierre-Colamine,saint pierre colamine,45.518117829787,2.9759658297872
25334,63,63384,63480,Saint-Pierre-la-Bourlhonne,saint pierre la bourlhonne,45.677858333333,3.7411853968254
25335,63,63385,63230,Saint-Pierre-le-Chastel,saint pierre le chastel,45.796208942731,2.8402961674009
25336,63,63386,63210,Saint-Pierre-Roche,saint pierre roche,45.72763752809,2.8111646441948
25337,63,63387,63310,Saint-Priest-Bramefant,saint priest bramefant,46.026895053763,3.4392065053763
25338,63,63388,63640,Saint-Priest-des-Champs,saint priest des champs,45.979454083045,2.7501351557093
25339,63,63389,63490,Saint-Quentin-sur-Sauxillanges,saint quentin sur sauxillanges,45.545813020134,3.4142932885906
25340,63,63390,63440,Saint-Quintin-sur-Sioule,saint quintin sur sioule,46.091043309859,3.0679592253521
25341,63,63391,63440,Saint-Rémy-de-Blot,saint remy de blot,46.07655754717,2.9489306289308
25342,63,63392,63500,Saint-Rémy-de-Chargnat,saint remy de chargnat,45.509954380952,3.3254345714286
25343,63,63393,63550,Saint-Rémy-sur-Durolle,saint remy sur durolle,45.892369047619,3.5837721693122
25344,63,63394,63660,Saint-Romain,saint romain,45.488940319149,3.9027261702128
25345,63,63395,63450,Saint-Sandoux,saint sandoux,45.642224782609,3.1100807246377
25346,63,63396,63450,Saint-Saturnin,saint saturnin,45.66349509434,3.0724967924528
25347,63,63397,63950,Saint-Sauves-d'Auvergne,saint sauves d auvergne,45.614655929919,2.7011190296496
25348,63,63398,63220,Saint-Sauveur-la-Sagne,saint sauveur la sagne,45.392969190751,3.6661487861272
25349,63,63399,63760,Saint-Sulpice,saint sulpice,45.652363972603,2.6214910045662
25350,63,63400,63310,Saint-Sylvestre-Pragoulin,saint sylvestre pragoulin,46.051125518672,3.4001900829875
25351,63,63401,63790,Saint-Victor-la-Rivière,saint victor la riviere,45.547824,2.9352393818182
25352,63,63402,63550,Saint-Victor-Montvianeix,saint victor montvianeix,45.935812517986,3.603401618705
25353,63,63403,63320,Saint-Vincent,saint vincent,45.544430461538,3.1245835384615
25354,63,63404,63500,Saint-Yvoine,saint yvoine,45.575236590909,3.2251902272727
25355,63,63405,63270,Sallèdes,salledes,45.647858881988,3.3265114906832
25356,63,63406,63260,Sardon,sardon,45.965518115942,3.225537826087
25357,63,63407,63970,Saulzet-le-Froid,saulzet le froid,45.632220797101,2.892138442029
25358,63,63408,63390,Sauret-Besserve,sauret besserve,45.98984664,2.80134856
25359,63,63409,63320,Saurier,saurier,45.534504689655,3.0551539310345
25360,63,63410,63470,Sauvagnat,sauvagnat,45.759011780105,2.6034232460733
25361,63,63411,63500,Sauvagnat-Sainte-Marthe,sauvagnat sainte marthe,45.590412133333,3.2097444
25362,63,63412,63840,Sauvessanges,sauvessanges,45.386194085366,3.8594696036585
25363,63,63413,63730,La Sauvetat,la sauvetat,45.644031594203,3.167965942029
25364,63,63414,63120,Sauviat,sauviat,45.717670471698,3.5568973584906
25365,63,63415,63490,Sauxillanges,sauxillanges,45.559741684783,3.3770301086957
25366,63,63416,63750,Savennes,savennes,45.579503475936,2.4981388235294
25367,63,63417,63530,Sayat,sayat,45.837107350427,3.0367414529914
25368,63,63418,63120,Sermentizon,sermentizon,45.767342641509,3.4874095597484
25369,63,63419,63560,Servant,servant,46.1395245,2.9312219545455
25370,63,63420,63190,Seychalles,seychalles,45.806423968254,3.3352092063492
25371,63,63421,63690,Singles,singles,45.561439456522,2.5539124456522
25372,63,63422,63500,Solignat,solignat,45.526310588235,3.1881474789916
25373,63,63423,63490,Sugères,sugeres,45.5983884375,3.4173284375
25374,63,63424,63720,Surat,surat,45.941199607843,3.2581056862745
25375,63,63425,63450,Tallende,tallende,45.665043369565,3.1308548913044
25376,63,63426,63690,Tauves,tauves,45.559611729958,2.6227452320675
25377,63,63427,63460,Teilhède,teilhede,45.961503314607,3.0483335955056
25378,63,63428,63560,Teilhet,teilhet,46.10368164557,2.8205480168776
25379,63,63429,63340,Ternant-les-Eaux,ternant les eaux,45.479715652174,3.1262063478261
25380,63,63430,63300,Thiers,thiers,45.866957446043,3.543444352518
25381,63,63431,63600,Thiolières,thiolieres,45.580595,3.6960397222222
25382,63,63432,63260,Thuret,thuret,45.976254152542,3.2587669491525
25383,63,63433,63470,Tortebesse,tortebesse,45.729858536585,2.6535080487805
25384,63,63434,63590,Tours-sur-Meymont,tours sur meymont,45.675112583732,3.5773938277512
25385,63,63435,63320,Tourzel-Ronzières,tourzel ronzieres,45.517022838428,3.1171489956332
25386,63,63436,63380,Tralaigues,tralaigues,45.898723863636,2.59241125
25387,63,63437,63810,Trémouille-Saint-Loup,tremouille saint loup,45.486495102041,2.5632887755102
25388,63,63438,63520,Trézioux,trezioux,45.720428581081,3.4812591216216
25389,63,63439,63490,Usson,usson,45.5266211,3.3437734
25390,63,63440,63610,Valbeleix,valbeleix,45.476328961039,2.9988711688312
25391,63,63441,63600,Valcivières,valcivieres,45.595923884892,3.8175310791367
25392,63,63442,63580,Valz-sous-Châteauneuf,valz sous chateauneuf,45.430653925234,3.4208420560748
25393,63,63443,63720,Varennes-sur-Morge,varennes sur morge,45.941896164384,3.1924217808219
25394,63,63444,63500,Varennes-sur-Usson,varennes sur usson,45.531074941176,3.3208090588235
25395,63,63445,63910,Vassel,vassel,45.760667358491,3.3068641509434
25396,63,63446,63260,Vensat,vensat,46.05378970297,3.1622014851485
25397,63,63447,63330,Vergheas,vergheas,46.02231352,2.62000432
25398,63,63448,63580,Vernet-la-Varenne,vernet la varenne,45.47873075,3.45246275
25399,63,63449,63710,Le Vernet-Sainte-Marguerite,le vernet sainte marguerite,45.613316666667,2.9383587654321
25400,63,63450,63470,Verneugheol,verneugheol,45.749796837838,2.5209331891892
25401,63,63451,63210,Vernines,vernines,45.673433269231,2.8784336538461
25402,63,63452,63320,Verrières,verrieres,45.569603478261,3.0345595652174
25403,63,63453,63910,Vertaizon,vertaizon,45.775214344262,3.2850733606557
25404,63,63454,63480,Vertolaye,vertolaye,45.653240074627,3.7347347014925
25405,63,63455,63960,Veyre-Monton,veyre monton,45.673385,3.1699125961538
25406,63,63456,63340,Vichel,vichel,45.424875322581,3.2388290322581
25407,63,63457,63270,Vic-le-Comte,vic le comte,45.645582938389,3.2446721800948
25408,63,63458,63340,Villeneuve,villeneuve,45.475648166667,3.186051
25409,63,63459,63310,Villeneuve-les-Cerfs,villeneuve les cerfs,46.020833406593,3.3308430769231
25410,63,63460,63380,Villosanges,villosanges,45.91873535248,2.652217232376
25411,63,63461,63350,Vinzelles,vinzelles,45.927682962963,3.422942037037
25412,63,63462,63330,Virlet,virlet,46.153502807882,2.7042078817734
25413,63,63463,63250,Viscomtat,viscomtat,45.827643511905,3.6931945833333
25414,63,63464,63410,Vitrac,vitrac,45.976085925926,2.8980260846561
25415,63,63465,63840,Viverols,viverols,45.434117621951,3.8796540243902
25416,63,63466,63500,Vodable,vodable,45.505218894009,3.1344502304148
25417,63,63467,63620,Voingt,voingt,45.808963108108,2.5409026351351
25418,63,63468,63120,Vollore-Montagne,vollore montagne,45.777627974138,3.6917009913793
25419,63,63469,63120,Vollore-Ville,vollore ville,45.788074310345,3.6067226551724
25420,63,63470,63530,Volvic,volvic,45.865105843374,3.0220227108434
25421,63,63471,63700,Youx,youx,46.139559806202,2.8018387209302
25422,63,63472,63270,Yronde-et-Buron,yronde et buron,45.612573518519,3.2564009259259
25423,63,63473,63200,Yssac-la-Tourette,yssac la tourette,45.933292839506,3.0885577777778
