,,,,-SAONE-ET-LOIRE,,,
28392,71,71001,71290,L'Abergement-de-Cuisery,l abergement de cuisery,46.580772051282,4.9608646153846
28393,71,71002,71370,L'Abergement-Sainte-Colombe,l abergement sainte colombe,46.752501686747,5.0317277911647
28394,71,71003,71350,Allerey-sur-Saône,allerey sur saone,46.912747294118,4.9688341764706
28395,71,71004,71380,Allériot,alleriot,46.804082222222,4.9531324691358
28396,71,71005,71510,Aluze,aluze,46.855626941176,4.6884801176471
28397,71,71006,71800,Amanzé,amanze,46.329182477064,4.2338217431193
28398,71,71007,71460,Ameugny,ameugny,46.521343235294,4.6681164705882
28399,71,71008,71170,Anglure-sous-Dun,anglure sous dun,46.235124705882,4.3639599159664
28400,71,71009,71550,Anost,anost,47.068139301676,4.100167849162
28401,71,71010,71400,Antully,antully,46.900814521739,4.4067723043478
28402,71,71011,71110,Anzy-le-Duc,anzy le duc,46.331011407035,4.0770074371859
28403,71,71012,71110,Artaix,artaix,46.243213014354,3.9995814832536
28404,71,71013,71270,Authumes,authumes,46.884594748201,5.3078023021583
28405,71,71014,71400,Autun,autun,46.948274808126,4.3050682167043
28406,71,71015,71400,Auxy,auxy,46.937008113208,4.4201633962264
28407,71,71016,71260,Azé,aze,46.433262580645,4.7445836774194
28408,71,71017,71220,Ballore,ballore,46.535835357143,4.3776589285714
28409,71,71018,71500,Bantanges,bantanges,46.602543389831,5.127601299435
28410,71,71019,71640,Barizey,barizey,46.792240810811,4.670277027027
28411,71,71020,71540,Barnay,barnay,47.082560909091,4.326361969697
28412,71,71021,71120,Baron,baron,46.49310295302,4.2751689932886
28413,71,71022,71800,Baudemont,baudemont,46.289717833333,4.2833485
28414,71,71023,71370,Baudrières,baudrieres,46.668127737226,5.0040276277372
28415,71,71024,71110,Baugy,baugy,46.306747241379,4.0315264367816
28416,71,71025,71220,Beaubery,beaubery,46.411349903382,4.3956818357488
28417,71,71026,71240,Beaumont-sur-Grosne,beaumont sur grosne,46.672195135135,4.8613092792793
28418,71,71027,71580,Beaurepaire-en-Bresse,beaurepaire en bresse,46.666977786885,5.3925992622951
28419,71,71028,71270,Beauvernois,beauvernois,46.846000220588,5.4420190441177
28420,71,71029,71270,Bellevesvre,bellevesvre,46.84712726257,5.3633718435754
28421,71,71030,71250,Bergesserin,bergesserin,46.398020948905,4.5626225547445
28422,71,71031,71960,Berzé-le-Châtel,berze le chatel,46.393260229885,4.6845074712644
28423,71,71032,71960,Berzé-la-Ville,berze la ville,46.372074660194,4.700795631068
28424,71,71033,71620,Bey,bey,46.8208986,4.9722504
28425,71,71034,71390,Bissey-sous-Cruchaud,bissey sous cruchaud,46.729444207317,4.6976950609756
28426,71,71035,71260,Bissy-la-Mâconnaise,bissy la maconnaise,46.484933723404,4.7759815957447
28427,71,71036,71460,Bissy-sous-Uxelles,bissy sous uxelles,46.56690122807,4.7270780701754
28428,71,71037,71460,Bissy-sur-Fley,bissy sur fley,46.663105925926,4.6183846296296
28429,71,71038,71710,Les Bizots,les bizots,46.754093550296,4.3876633727811
28430,71,71039,71250,Blanot,blanot,46.480066046512,4.740131627907
28431,71,71040,71450,Blanzy,blanzy,46.702172066116,4.389908553719
28432,71,71041,71800,Bois-Sainte-Marie,bois sainte marie,46.3351240625,4.3527415625
28433,71,71042,71460,Bonnay,bonnay,46.548056341463,4.6305728292683
28434,71,71043,71350,Les Bordes,les bordes,46.8986275,5.0424052272727
28435,71,71044,71330,Bosjean,bosjean,46.767946363636,5.3428447727273
28436,71,71045,71330,Bouhans,bouhans,46.77803378882,5.2943344099379
28437,71,71046,71320,La Boulaye,la boulaye,46.733833043478,4.155032173913
28438,71,71047,71140,Bourbon-Lancy,bourbon lancy,46.618176,3.7762981794872
28439,71,71048,71110,Bourg-le-Comte,bourg le comte,46.30928035461,3.981820212766
28440,71,71050,71520,Bourgvilain,bourgvilain,46.365774469697,4.6387114393939
28441,71,71051,71150,Bouzeron,bouzeron,46.890469655172,4.7270762068965
28442,71,71052,71700,Boyer,boyer,46.599639932432,4.8947907432433
28443,71,71054,71350,Bragny-sur-Saône,bragny sur saone,46.923615798319,5.0283404201681
28444,71,71055,71520,Brandon,brandon,46.353879813953,4.5702278139535
28445,71,71056,71500,Branges,branges,46.65341342723,5.1622345539906
28446,71,71057,71250,Bray,bray,46.507320392157,4.7009403921569
28447,71,71058,71460,Bresse-sur-Grosne,bresse sur grosne,46.595287570093,4.7287836448598
28448,71,71059,71670,Le Breuil,le breuil,46.797579111111,4.4853959444444
28449,71,71060,71110,Briant,briant,46.296771623377,4.154002987013
28450,71,71061,71290,Brienne,brienne,46.553989699248,5.0248585714286
28451,71,71062,71190,Brion,brion,46.913695188679,4.2443283490566
28452,71,71063,71190,Broye,broye,46.882923207547,4.3164568396226
28453,71,71064,71500,Bruailles,bruailles,46.59912734375,5.25268696875
28454,71,71065,71250,Buffières,buffieres,46.426659104478,4.5375523880597
28455,71,71066,71260,Burgy,burgy,46.467337291667,4.8334202083333
28456,71,71067,71460,Burnand,burnand,46.6016912,4.6326158666667
28457,71,71068,71460,Burzy,burzy,46.594080735294,4.5865035294118
28458,71,71069,71960,Bussières,bussieres,46.334243253012,4.7091237349398
28459,71,71070,71390,Buxy,buxy,46.713981822034,4.722317161017
28460,71,71071,71110,Céron,ceron,46.279589141104,3.9390065030675
28461,71,71072,71390,Cersot,cersot,46.707176728972,4.6296188785047
28462,71,71073,71150,Chagny,chagny,46.900309416058,4.7761346715328
28463,71,71074,71570,Chaintré,chaintre,46.258089818182,4.770676
28464,71,71075,71140,Chalmoux,chalmoux,46.589046258278,3.8495801324503
28465,71,71076,71100,Chalon-sur-Saône,chalon sur saone,46.78945592233,4.8440952427185
28466,71,71077,71110,Chambilly,chambilly,46.286667251908,3.9912622900763
28467,71,71078,71510,Chamilly,chamilly,46.864917088608,4.6809602531646
28468,71,71079,71480,Champagnat,champagnat,46.485491390135,5.3647552466368
28469,71,71080,71460,Champagny-sous-Uxelles,champagny sous uxelles,46.579934337349,4.7531179518072
28470,71,71081,71530,Champforgeuil,champforgeuil,46.81643011236,4.82929
28471,71,71082,71120,Champlecy,champlecy,46.468186991525,4.2207765677966
28472,71,71084,71570,Chânes,chanes,46.24443469697,4.7584910606061
28473,71,71085,21340,Change,change,46.928776117647,4.6275396470588
28474,71,71086,71120,Changy,changy,46.414136574586,4.2513783425414
28475,71,71087,71460,Chapaize,chapaize,46.55411540146,4.7363589781022
28476,71,71088,71130,La Chapelle-au-Mans,la chapelle au mans,46.629787848101,3.9771906329114
28477,71,71089,71240,La Chapelle-de-Bragny,la chapelle de bragny,46.621760403587,4.7495494618834
28478,71,71090,71570,La Chapelle-de-Guinchay,la chapelle de guinchay,46.218177062937,4.7573021678322
28479,71,71091,71520,La Chapelle-du-Mont-de-France,la chapelle du mont de france,46.3812807109,4.5396360189574
28480,71,71092,71500,La Chapelle-Naude,la chapelle naude,46.589200835821,5.1978106865672
28481,71,71093,71310,La Chapelle-Saint-Sauveur,la chapelle saint sauveur,46.84510826087,5.2710737792642
28482,71,71094,71700,La Chapelle-sous-Brancion,la chapelle sous brancion,46.55491720339,4.7844600847458
28483,71,71095,71800,La Chapelle-sous-Dun,la chapelle sous dun,46.264647256637,4.2983223893805
28484,71,71096,71190,La Chapelle-sous-Uchon,la chapelle sous uchon,46.83852784689,4.2443498564593
28485,71,71097,71470,La Chapelle-Thècle,la chapelle thecle,46.559072118056,5.0983110763889
28486,71,71098,71320,Charbonnat,charbonnat,46.777135466102,4.1099867372881
28487,71,71099,71260,Charbonnières,charbonnieres,46.392792461538,4.8307201538461
28488,71,71100,71700,Chardonnay,chardonnay,46.508794396552,4.8502809482759
28489,71,71101,71270,Charette-Varennes,charette varennes,46.898475555556,5.1957888425926
28490,71,71102,71100,La Charmée,la charmee,46.728411736527,4.7977495209581
28491,71,71103,71710,Charmoy,charmoy,46.766707634855,4.3184043983402
28492,71,71104,71350,Charnay-lès-Chalon,charnay les chalon,46.934918039216,5.0839470588235
28493,71,71105,71850,Charnay-lès-Mâcon,charnay les macon,46.30228034965,4.7810476223776
28494,71,71106,71120,Charolles,charolles,46.449349295775,4.2839521596244
28495,71,71107,71510,Charrecey,charrecey,46.835494444444,4.6660121111111
28496,71,71108,71570,Chasselas,chasselas,46.276780888889,4.7192388888889
28497,71,71109,71150,Chassey-le-Camp,chassey le camp,46.888092272727,4.7007510227273
28498,71,71110,71170,Chassigny-sous-Dun,chassigny sous dun,46.238984846154,4.2908614615385
28499,71,71111,71130,Chassy,chassy,46.580348380952,4.1132356190476
28500,71,71112,71250,Château,chateau,46.420888571429,4.5902591304348
28501,71,71113,71740,Châteauneuf,chateauneuf,46.211635471698,4.2585849056604
28502,71,71115,71510,Châtel-Moron,chatel moron,46.789116583333,4.6377838333333
28503,71,71116,71800,Châtenay,chatenay,46.29377112069,4.3853936206896
28504,71,71117,71380,Châtenoy-en-Bresse,chatenoy en bresse,46.793597260274,4.9156731506849
28505,71,71118,71880,Châtenoy-le-Royal,chatenoy le royal,46.782787443609,4.8048160902256
28506,71,71119,71150,Chaudenay,chaudenay,46.918283464567,4.7923925984252
28507,71,71120,71170,Chauffailles,chauffailles,46.204043521127,4.3441243192488
28508,71,71121,71310,La Chaux,la chaux,46.823776754386,5.2733822807018
28509,71,71122,71150,Cheilly-lès-Maranges,cheilly les maranges,46.892057767857,4.6633567857143
28510,71,71123,71340,Chenay-le-Châtel,chenay le chatel,46.229331463415,3.9390432055749
28511,71,71124,71390,Chenôves,chenoves,46.664766692913,4.6964788976378
28512,71,71125,71250,Chérizet,cherizet,46.515538082192,4.56869
28513,71,71126,71960,Chevagny-les-Chevrières,chevagny les chevrieres,46.332940847458,4.7720713559322
28514,71,71127,71220,Chevagny-sur-Guye,chevagny sur guye,46.54021020202,4.4997371717172
28515,71,71128,71220,Chiddes,chiddes,46.457018653846,4.5071059615385
28516,71,71129,71540,Chissey-en-Morvan,chissey en morvan,47.12173216763,4.2159401156069
28517,71,71130,71460,Chissey-lès-Mâcon,chissey les macon,46.520062590674,4.7457317098446
28518,71,71131,71350,Ciel,ciel,46.8682324,5.0557896571429
28519,71,71132,71420,Ciry-le-Noble,ciry le noble,46.596884511041,4.2932459936909
28520,71,71133,71800,La Clayette,la clayette,46.287218983051,4.3070991525424
28521,71,71134,71520,Clermain,clermain,46.367031487603,4.5899004958678
28522,71,71135,71260,Clessé,clesse,46.420742075472,4.8236648113208
28523,71,71136,71130,Clessy,clessy,46.557533375796,4.0797463057325
28524,71,71137,71250,Cluny,cluny,46.434602909836,4.6680052868852
28525,71,71139,71460,Collonge-en-Charollais,collonge en charollais,46.64287173913,4.5285613664596
28526,71,71140,71360,Collonge-la-Madeleine,collonge la madeleine,46.9411746,4.5240194
28527,71,71141,71800,Colombier-en-Brionnais,colombier en brionnais,46.345963571429,4.3278708730159
28528,71,71142,71990,La Comelle,la comelle,46.879378153846,4.1173562307692
28529,71,71143,71480,Condal,condal,46.466730676329,5.2844503381643
28530,71,71144,71540,Cordesse,cordesse,47.040048205128,4.3386068376068
28531,71,71145,71460,Cormatin,cormatin,46.533953,4.6992195454546
28532,71,71146,71250,Cortambert,cortambert,46.464654901961,4.6899162745098
28533,71,71147,71460,Cortevaix,cortevaix,46.532235165563,4.640938410596
28534,71,71148,71170,Coublanc,coublanc,46.173080927835,4.2777479381443
28535,71,71149,71490,Couches,couches,46.871646683673,4.563819744898
28536,71,71150,71680,Crêches-sur-Saône,creches sur saone,46.236679605263,4.7802176315789
28537,71,71151,71490,Créot,creot,46.916834736842,4.6130914473684
28538,71,71152,71760,Cressy-sur-Somme,cressy sur somme,46.703448495575,3.8686342035398
28539,71,71153,71200,Le Creusot,le creusot,46.808665625,4.425864375
28540,71,71154,71530,Crissey,crissey,46.817890119048,4.8942653571429
28541,71,71155,71140,Cronat,cronat,46.728137069486,3.7077416616314
28542,71,71156,71260,Cruzille,cruzille,46.509698795812,4.7834229319372
28543,71,71157,71480,Cuiseaux,cuiseaux,46.504678941176,5.3638896470588
28544,71,71158,71290,Cuisery,cuisery,46.558592093023,4.9968282945736
28545,71,71159,71460,Culles-les-Roches,culles les roches,46.646234752475,4.6519211881188
28546,71,71160,71800,Curbigny,curbigny,46.3121,4.3155894
28547,71,71161,71130,Curdin,curdin,46.594148440367,4.0001199082569
28548,71,71162,71400,Curgy,curgy,46.987140953947,4.3818473355263
28549,71,71163,71520,Curtil-sous-Buffières,curtil sous buffieres,46.401401985816,4.5281553900709
28550,71,71164,71460,Curtil-sous-Burnand,curtil sous burnand,46.584699745763,4.6263205084746
28551,71,71165,71550,Cussy-en-Morvan,cussy en morvan,47.089777344828,4.1839932068965
28552,71,71166,71320,Cuzy,cuzy,46.761405,4.027156043956
28553,71,71167,71620,Damerey,damerey,46.832326554622,4.9950634453782
28554,71,71168,71310,Dampierre-en-Bresse,dampierre en bresse,46.827642166667,5.1957130555556
28555,71,71169,71960,Davayé,davaye,46.30401893617,4.7494056382979
28556,71,71170,71150,Demigny,demigny,46.921285524476,4.8471911538461
28557,71,71171,71510,Dennevy,dennevy,46.863821428571,4.6434609821429
28558,71,71172,71190,Dettey,dettey,46.766310961538,4.1937177197802
28559,71,71173,71330,Devrouze,devrouze,46.761180449438,5.1663979400749
28560,71,71174,71150,Dezize-lès-Maranges,dezize les maranges,46.918220882353,4.6560066176471
28561,71,71175,71330,Diconne,diconne,46.778130290698,5.1282506395349
28562,71,71176,71160,Digoin,digoin,46.490187254902,4.0350847712418
28563,71,71177,71480,Dommartin-lès-Cuiseaux,dommartin les cuiseaux,46.501611266968,5.2886040723982
28564,71,71178,71520,Dompierre-les-Ormes,dompierre les ormes,46.355730663717,4.4879096902655
28565,71,71179,71420,Dompierre-sous-Sanvignes,dompierre sous sanvignes,46.665819705882,4.2246610784314
28566,71,71181,71250,Donzy-le-Pertuis,donzy le pertuis,46.447586644295,4.7176581208054
28567,71,71182,71640,Dracy-le-Fort,dracy le fort,46.793978928571,4.7642408928571
28568,71,71183,71490,Dracy-lès-Couches,dracy les couches,46.896297281553,4.5572203883495
28569,71,71184,71400,Dracy-Saint-Loup,dracy saint loup,47.015588879668,4.3444468879668
28570,71,71185,71800,Dyo,dyo,46.364613658537,4.2865605691057
28571,71,71186,71350,Écuelles,ecuelles,46.951960350877,5.0735692982456
28572,71,71187,71210,Écuisses,ecuisses,46.752871813472,4.5276690673575
28573,71,71188,71360,Épertully,epertully,46.945352222222,4.6030735185185
28574,71,71189,71380,Épervans,epervans,46.748293225806,4.9028787096774
28575,71,71190,71360,Épinac,epinac,46.987999929577,4.5138458802817
28576,71,71191,71510,Essertenne,essertenne,46.810129897436,4.5426833333333
28577,71,71192,71190,Étang-sur-Arroux,etang sur arroux,46.865491622419,4.1890886135693
28578,71,71193,71240,Étrigny,etrigny,46.585361489362,4.7855235106383
28579,71,71194,71150,Farges-lès-Chalon,farges les chalon,46.835346419753,4.8058193827161
28580,71,71195,71700,Farges-lès-Mâcon,farges les macon,46.515326862745,4.9079503921569
28581,71,71196,71580,Le Fay,le fay,46.662402122642,5.3327570754717
28582,71,71198,71580,Flacey-en-Bresse,flacey en bresse,46.591736738197,5.3740741201717
28583,71,71199,71250,Flagy,flagy,46.490467387387,4.6396067567568
28584,71,71200,71340,Fleury-la-Montagne,fleury la montagne,46.196714444444,4.1262381481481
28585,71,71201,71390,Fley,fley,46.678870337079,4.6371035955056
28586,71,71202,71150,Fontaines,fontaines,46.849665617021,4.7901040851064
28587,71,71203,71120,Fontenay,fontenay,46.475772702703,4.297984054054
28588,71,71204,71530,Fragnes-La Loyère,fragnes la loyere,46.841785067568,4.8330033108108
28589,71,71205,71330,Frangy-en-Bresse,frangy en bresse,46.714970232558,5.3339559069767
28590,71,71206,71440,La Frette,la frette,46.638887458564,5.0502157458563
28591,71,71207,71270,Fretterans,fretterans,46.925458787879,5.2909148484849
28592,71,71208,71270,Frontenard,frontenard,46.89891738806,5.1643970149254
28593,71,71209,71580,Frontenaud,frontenaud,46.549695210728,5.2907137547893
28594,71,71210,71960,Fuissé,fuisse,46.280111076923,4.7483175384615
28595,71,71212,71420,Génelard,genelard,46.582334090909,4.2459393939394
28596,71,71213,71290,La Genête,la genete,46.550998823529,5.0488124789916
28597,71,71214,71460,Genouilly,genouilly,46.652032537313,4.5684553731343
28598,71,71215,71590,Gergy,gergy,46.88720452381,4.9275081904762
28599,71,71216,71460,Germagny,germagny,46.673898405797,4.5962997101449
28600,71,71217,71520,Germolles-sur-Grosne,germolles sur grosne,46.27939032967,4.5950495604396
28601,71,71218,71800,Gibles,gibles,46.312845402299,4.3875485632184
28602,71,71219,71240,Gigny-sur-Saône,gigny sur saone,46.651861348315,4.9314664044944
28603,71,71220,71160,Gilly-sur-Loire,gilly sur loire,46.553533241758,3.7944422527472
28604,71,71221,71640,Givry,givry,46.769460509259,4.7615546759259
28605,71,71222,71300,Gourdon,gourdon,46.640228524096,4.4396822289157
28606,71,71223,71990,La Grande-Verrière,la grande verriere,46.970650309735,4.1439481858407
28607,71,71224,71430,Grandvaux,grandvaux,46.505215333333,4.2615497948718
28608,71,71225,71390,Granges,granges,46.728173680982,4.7508548466258
28609,71,71226,71700,Grevilly,grevilly,46.514885205479,4.8186701369863
28610,71,71227,71760,Grury,grury,46.663497671958,3.9211273015873
28611,71,71228,71620,Guerfand,guerfand,46.783360978261,5.0298739130435
28612,71,71229,71160,Les Guerreaux,les guerreaux,46.542436954315,3.9175725888325
28613,71,71230,71130,Gueugnon,gueugnon,46.595766179402,4.0489172425249
28614,71,71231,71220,La Guiche,la guiche,46.535499813665,4.4324610559006
28615,71,71232,71600,Hautefond,hautefond,46.433051818182,4.1669424242424
28616,71,71233,71600,L'Hôpital-le-Mercier,l hopital le mercier,46.392101654676,4.0203847482014
28617,71,71234,71290,Huilly-sur-Seille,huilly sur seille,46.612088205128,5.0527307692308
28618,71,71235,71870,Hurigny,hurigny,46.344609294118,4.7957875294118
28619,71,71236,71960,Igé,ige,46.40653635514,4.740193364486
28620,71,71237,71540,Igornay,igornay,47.059508909091,4.377776
28621,71,71238,71340,Iguerande,iguerande,46.219125151515,4.0738663636364
28622,71,71239,71760,Issy-l'Évêque,issy l eveque,46.713343638344,3.9935816122004
28623,71,71240,71250,Jalogny,jalogny,46.411467647059,4.6358583193277
28624,71,71241,71640,Jambles,jambles,46.775502012579,4.6717972327044
28625,71,71242,71460,Joncy,joncy,46.616739494382,4.5477734831461
28626,71,71243,71480,Joudes,joudes,46.475608343949,5.3404286624204
28627,71,71244,71290,Jouvençon,jouvencon,46.576645606061,5.054355530303
28628,71,71245,71240,Jugy,jugy,46.604938114754,4.8646070491803
28629,71,71246,71440,Juif,juif,46.685352,5.1643789333333
28630,71,71247,71390,Jully-lès-Buxy,jully les buxy,46.692484144737,4.7273435526316
28631,71,71248,71700,Lacrost,lacrost,46.567859302326,4.9387770930233
28632,71,71249,71240,Laives,laives,46.65595640884,4.8316306077348
28633,71,71250,71870,Laizé,laize,46.384351970803,4.8007603649635
28634,71,71251,71190,Laizy,laizy,46.911230481928,4.189052811245
28635,71,71252,71240,Lalheue,lalheue,46.650277874016,4.7965690551181
28636,71,71253,71380,Lans,lans,46.765725494506,4.9298407692308
28637,71,71254,71270,Lays-sur-le-Doubs,lays sur le doubs,46.92171446281,5.2400513223141
28638,71,71255,71140,Lesme,lesme,46.644498709677,3.7231746774194
28639,71,71256,71440,Lessard-en-Bresse,lessard en bresse,46.739710287356,5.0786694252874
28640,71,71257,71530,Lessard-le-National,lessard le national,46.873909125,4.8441025
28641,71,71258,71570,Leynes,leynes,46.263847058824,4.7300197647059
28642,71,71259,71110,Ligny-en-Brionnais,ligny en brionnais,46.24481032,4.1974684
28643,71,71261,71290,Loisy,loisy,46.592699491525,5.012084279661
28644,71,71262,71270,Longepierre,longepierre,46.932877567568,5.2008727702703
28645,71,71263,71500,Louhans,louhans,46.632875888502,5.2417888850174
28646,71,71264,71250,Lournand,lournand,46.466925333333,4.6541349444444
28647,71,71266,71540,Lucenay-l'Évêque,lucenay l eveque,47.088832929293,4.2545938383838
28648,71,71267,71260,Lugny,lugny,46.483756546763,4.8190489928058
28649,71,71268,71120,Lugny-lès-Charolles,lugny les charolles,46.41059486631,4.2072075401069
28650,71,71269,71100,Lux,lux,46.750548933333,4.8493125333333
28651,71,71270,71000,Mâcon,macon,46.314133112583,4.8113324503311
28652,71,71271,71340,Mailly,mailly,46.228311029412,4.1077569117647
28653,71,71272,71460,Malay,malay,46.566203952096,4.6769977844311
28654,71,71273,71140,Maltat,maltat,46.671111317829,3.8160310077519
28655,71,71274,71240,Mancey,mancey,46.569495034965,4.8455566433566
28656,71,71275,71110,Marcigny,marcigny,46.276215208333,4.0442541666667
28657,71,71276,71120,Marcilly-la-Gueurce,marcilly la gueurce,46.398723207547,4.3047235849057
28658,71,71277,71390,Marcilly-lès-Buxy,marcilly les buxy,46.730725173611,4.5855404861111
28659,71,71278,71300,Marigny,marigny,46.678435590909,4.4617389545455
28660,71,71279,71220,Le Rousset-Marizy,le rousset marizy,46.57095815,4.43120045
28661,71,71280,71760,Marly-sous-Issy,marly sous issy,46.732439812734,3.9344002996255
28662,71,71281,71420,Marly-sur-Arroux,marly sur arroux,46.627198068182,4.1234788068182
28663,71,71282,71710,Marmagne,marmagne,46.844182360515,4.3712021888412
28664,71,71283,71240,Marnay,marnay,46.701135568182,4.9152465909091
28665,71,71284,71700,Martailly-lès-Brancion,martailly les brancion,46.534400609756,4.7910035365854
28666,71,71285,71220,Martigny-le-Comte,martigny le comte,46.535256071429,4.3401052678571
28667,71,71286,71300,Mary,mary,46.61100142132,4.5056527411167
28668,71,71287,71250,Massilly,massilly,46.489906320755,4.6720925471698
28669,71,71289,71520,Matour,matour,46.3136435,4.4827209
28670,71,71290,71250,Mazille,mazille,46.391884477612,4.6000271641791
28671,71,71291,71340,Melay,melay,46.206442210145,4.0072075724638
28672,71,71292,71640,Mellecey,mellecey,46.814295833333,4.7618362820513
28673,71,71293,71470,Ménetreuil,menetreuil,46.584083576642,5.1209758029197
28674,71,71294,71640,Mercurey,mercurey,46.83138965035,4.7250501398601
28675,71,71295,71310,Mervans,mervans,46.79426286802,5.1925693908629
28676,71,71296,71390,Messey-sur-Grosne,messey sur grosne,46.645046470588,4.7528822222222
28677,71,71297,71190,Mesvres,mesvres,46.868992689394,4.2515921969697
28678,71,71299,71960,Milly-Lamartine,milly lamartine,46.34849,4.6978446153846
28679,71,71300,71480,Le Miroir,le miroir,46.547963417266,5.3381539208633
28680,71,71301,71140,Mont,mont,46.631347876106,3.8206033185841
28681,71,71302,71390,Montagny-lès-Buxy,montagny les buxy,46.705747692308,4.6724810769231
28682,71,71303,71500,Montagny-près-Louhans,montagny pres louhans,46.658034457831,5.2831242771084
28683,71,71304,71520,Montagny-sur-Grosne,montagny sur grosne,46.355222101449,4.5462062318841
28684,71,71305,71260,Montbellet,montbellet,46.474184431138,4.8716202994012
28685,71,71306,71300,Montceau-les-Mines,montceau les mines,46.675993393939,4.3506550909091
28686,71,71307,71110,Montceaux-l'Étoile,montceaux l etoile,46.358798716814,4.0509160619469
28687,71,71308,71240,Montceaux-Ragny,montceaux ragny,46.618879833333,4.8434998333333
28688,71,71309,71710,Montcenis,montcenis,46.786353467742,4.392942983871
28689,71,71310,71210,Montchanin,montchanin,46.749296142857,4.4805854285714
28690,71,71311,71500,Montcony,montcony,46.695798014706,5.2963830882353
28691,71,71312,71620,Montcoy,montcoy,46.801037875,5.001179
28692,71,71313,71400,Monthelon,monthelon,46.957624340659,4.2198625824176
28693,71,71314,71310,Montjay,montjay,46.8069301875,5.3036269375
28694,71,71315,71270,Mont-lès-Seurre,mont les seurre,46.952156639344,5.1300303278688
28695,71,71316,71520,Montmelard,montmelard,46.33585631068,4.4131116504854
28696,71,71317,71320,Montmort,montmort,46.74450852071,4.0935895266272
28697,71,71318,71470,Montpont-en-Bresse,montpont en bresse,46.541177438692,5.1760052316076
28698,71,71319,71440,Montret,montret,46.679010663265,5.1143638265306
28699,71,71320,71300,Mont-Saint-Vincent,mont saint vincent,46.646448154762,4.4892361309524
28700,71,71321,71510,Morey,morey,46.790577096774,4.5874384516129
28701,71,71322,71360,Morlet,morlet,46.95158785124,4.5014076033058
28702,71,71323,71220,Mornay,mornay,46.495993084112,4.3759124299065
28703,71,71324,71390,Moroges,moroges,46.748581428571,4.6758796103896
28704,71,71325,71160,La Motte-Saint-Jean,la motte saint jean,46.516424635762,3.9580734437086
28705,71,71326,71270,Mouthier-en-Bresse,mouthier en bresse,46.863071086262,5.3832392332268
28706,71,71327,71170,Mussy-sous-Dun,mussy sous dun,46.241193898305,4.3390602542373
28707,71,71328,71240,Nanton,nanton,46.616035441176,4.8202829411765
28708,71,71329,71270,Navilly,navilly,46.924768153846,5.1464809230769
28709,71,71330,71130,Neuvy-Grandchamp,neuvy grandchamp,46.596390661578,3.9229605597964
28710,71,71331,71600,Nochize,nochize,46.399554840764,4.1687529936306
28711,71,71332,71290,Ormes,ormes,46.638131209677,4.9684881451613
28712,71,71333,71380,Oslon,oslon,46.777967738095,4.9339175
28713,71,71334,71420,Oudry,oudry,46.576212954545,4.1640904545455
28714,71,71335,71800,Ouroux-sous-le-Bois-Sainte-Marie,ouroux sous le bois sainte marie,46.361433295455,4.3108704545455
28715,71,71336,71370,Ouroux-sur-Saône,ouroux sur saone,46.7274735,4.9562629444444
28716,71,71337,71800,Oyé,oye,46.331121048951,4.1948248251748
28717,71,71338,71700,Ozenay,ozenay,46.534168680556,4.844715625
28718,71,71339,71120,Ozolles,ozolles,46.390756951872,4.3501899465241
28719,71,71340,71430,Palinges,palinges,46.550129267399,4.2013982783883
28720,71,71341,71350,Palleau,palleau,46.962189821429,5.0217636904762
28721,71,71342,71600,Paray-le-Monial,paray le monial,46.451169583333,4.1124596590909
28722,71,71343,71150,Paris-l'Hôpital,paris l hopital,46.913639032258,4.6381748387097
28723,71,71344,71220,Passy,passy,46.541535652174,4.5354449275362
28724,71,71345,71260,Péronne,peronne,46.439791818182,4.8026027272727
28725,71,71346,71420,Perrecy-les-Forges,perrecy les forges,46.617808992806,4.2314252877698
28726,71,71347,71510,Perreuil,perreuil,46.822553727273,4.5653313636364
28727,71,71348,71160,Perrigny-sur-Loire,perrigny sur loire,46.547888553191,3.8612274893617
28728,71,71349,71400,La Petite-Verrière,la petite verriere,47.044352896175,4.1629097814208
28729,71,71350,71960,Pierreclos,pierreclos,46.334092773109,4.6735477310924
28730,71,71351,71270,Pierre-de-Bresse,pierre de bresse,46.877055,5.2575306465517
28731,71,71352,71330,Le Planois,le planois,46.788152167832,5.3201620979021
28732,71,71353,71700,Plottes,plottes,46.533595465839,4.8840298136646
28733,71,71354,71600,Poisson,poisson,46.3817388,4.1387446
28734,71,71355,71270,Pontoux,pontoux,46.909706754386,5.1233085087719
28735,71,71356,71230,Pouilloux,pouilloux,46.610171690141,4.3528609859155
28736,71,71357,71270,Pourlans,pourlans,46.960411862069,5.2409962068965
28737,71,71358,71220,Pressy-sous-Dondin,pressy sous dondin,46.477118738739,4.501325045045
28738,71,71359,71290,Préty,prety,46.538659759036,4.9566159036145
28739,71,71360,71960,Prissé,prisse,46.324352583333,4.751254
28740,71,71361,71800,Prizy,prizy,46.352082368421,4.2180652631579
28741,71,71362,71570,Pruzilly,pruzilly,46.258984871795,4.6956582051282
28742,71,71363,71460,Le Puley,le puley,46.678142234043,4.5644336170213
28743,71,71364,71310,La Racineuse,la racineuse,46.828884166667,5.1680928787879
28744,71,71365,71290,Rancy,rancy,46.595701707317,5.0856765853659
28745,71,71366,71290,Ratenelle,ratenelle,46.527003764706,5.0011764705882
28746,71,71367,71500,Ratte,ratte,46.63650342723,5.2999288262911
28747,71,71368,71540,Reclesne,reclesne,47.047853333333,4.2910328395062
28748,71,71369,71150,Remigny,remigny,46.910955178571,4.7237473214286
28749,71,71370,71160,Rigny-sur-Arroux,rigny sur arroux,46.544032916667,4.0224439583333
28750,71,71371,71960,La Roche-Vineuse,la roche vineuse,46.350465316456,4.7445703164557
28751,71,71372,71570,Romanèche-Thorins,romaneche thorins,46.190491705426,4.7428862790698
28752,71,71373,71470,Romenay,romenay,46.514552853026,5.0880915273775
28753,71,71374,71390,Rosey,rosey,46.740960327869,4.7145349180328
28754,71,71376,71550,Roussillon-en-Morvan,roussillon en morvan,47.02727,4.1139933223684
28755,71,71377,71700,Royer,royer,46.555916835443,4.8235889873418
28756,71,71378,71150,Rully,rully,46.874276396396,4.7640058558559
28757,71,71379,71580,Sagy,sagy,46.59554987055,5.32566802589
28758,71,71380,71580,Saillenard,saillenard,46.698665759162,5.3721177486911
28759,71,71381,71250,Sailly,sailly,46.532974552846,4.5637897560976
28760,71,71382,71160,Saint-Agnan,saint agnan,46.521768348624,3.8889998623853
28761,71,71383,71260,Saint-Albain,saint albain,46.422733452381,4.8655482142857
28762,71,71384,71240,Saint-Ambreuil,saint ambreuil,46.677966222222,4.8244117222222
28763,71,71385,71570,Saint-Amour-Bellevue,saint amour bellevue,46.243081111111,4.7366055555556
28764,71,71386,71440,Saint-André-en-Bresse,saint andre en bresse,46.649201011236,5.0860613483146
28765,71,71387,71220,Saint-André-le-Désert,saint andre le desert,46.500607823129,4.536305170068
28766,71,71388,71430,Saint-Aubin-en-Charollais,saint aubin en charollais,46.501199614148,4.2092035048231
28767,71,71389,71140,Saint-Aubin-sur-Loire,saint aubin sur loire,46.569152153846,3.7643768461538
28768,71,71390,71300,Saint-Berain-sous-Sanvignes,saint berain sous sanvignes,46.719310750751,4.2875573573574
28769,71,71391,71510,Saint-Bérain-sur-Dheune,saint berain sur dheune,46.819185578231,4.6119580952381
28770,71,71392,71390,Saint-Boil,saint boil,46.645588645833,4.699904375
28771,71,71393,71340,Saint-Bonnet-de-Cray,saint bonnet de cray,46.199701307692,4.1690804615385
28772,71,71394,71220,Saint-Bonnet-de-Joux,saint bonnet de joux,46.478216699029,4.4318818932039
28773,71,71395,71430,Saint-Bonnet-de-Vieille-Vigne,saint bonnet de vieille vigne,46.526370689655,4.2671283251232
28774,71,71396,71310,Saint-Bonnet-en-Bresse,saint bonnet en bresse,46.858471693989,5.1836381420765
28775,71,71397,71250,Sainte-Cécile,sainte cecile,46.384341870968,4.6329150322581
28776,71,71398,71370,Saint-Christophe-en-Bresse,saint christophe en bresse,46.739562819549,4.9954909774436
28777,71,71399,71800,Saint-Christophe-en-Brionnais,saint christophe en brionnais,46.284817393939,4.1926710909091
28778,71,71400,71460,Saint-Clément-sur-Guye,saint clement sur guye,46.614459633028,4.5866605504587
28779,71,71401,71470,Sainte-Croix,sainte croix,46.560583213296,5.2377830747922
28780,71,71402,71240,Saint-Cyr,saint cyr,46.685069107143,4.8930439285714
28781,71,71403,71640,Saint-Denis-de-Vaux,saint denis de vaux,46.790611041667,4.6975216666667
28782,71,71404,71390,Saint-Désert,saint desert,46.758201153846,4.7099508974359
28783,71,71405,71620,Saint-Didier-en-Bresse,saint didier en bresse,46.850368555556,5.1075120555556
28784,71,71406,71110,Saint-Didier-en-Brionnais,saint didier en brionnais,46.339824076433,4.1234210828026
28785,71,71407,71190,Saint-Didier-sur-Arroux,saint didier sur arroux,46.833720322581,4.1125822119816
28786,71,71408,71740,Saint-Edmond,saint edmond,46.201787909091,4.2142989090909
28787,71,71409,71490,Saint-Émiland,saint emiland,46.896627634855,4.4734905394191
28788,71,71410,71370,Saint-Étienne-en-Bresse,saint etienne en bresse,46.70820492823,5.0645188516746
28789,71,71411,71320,Saint-Eugène,saint eugene,46.735604618938,4.2211101385681
28790,71,71412,71210,Saint-Eusèbe,saint eusebe,46.722371930693,4.4509567326733
28791,71,71413,71670,Saint-Firmin,saint firmin,46.840340805085,4.4695324152542
28792,71,71414,71400,Saint-Forgeot,saint forgeot,46.995410736842,4.2896176315789
28793,71,71415,71110,Sainte-Foy,sainte foy,46.277778389831,4.1308498305085
28794,71,71416,71260,Saint-Gengoux-de-Scissé,saint gengoux de scisse,46.462578521739,4.7684493043478
28795,71,71417,71460,Saint-Gengoux-le-National,saint gengoux le national,46.60981931677,4.663207826087
28796,71,71419,71330,Saint-Germain-du-Bois,saint germain du bois,46.735078582996,5.244526437247
28797,71,71420,71370,Saint-Germain-du-Plain,saint germain du plain,46.695896963563,4.9908447773279
28798,71,71421,71800,Saint-Germain-en-Brionnais,saint germain en brionnais,46.346915833333,4.2468038095238
28799,71,71422,71390,Saint-Germain-lès-Buxy,saint germain les buxy,46.69995031746,4.7673083333333
28800,71,71423,71350,Saint-Gervais-en-Vallière,saint gervais en valliere,46.953197104072,4.9599092760181
28801,71,71424,71490,Saint-Gervais-sur-Couches,saint gervais sur couches,46.922327627119,4.5645992090395
28802,71,71425,71510,Saint-Gilles,saint gilles,46.87795037037,4.663987037037
28803,71,71426,71390,Sainte-Hélène,sainte helene,46.757075131579,4.6293452631579
28804,71,71427,71460,Saint-Huruge,saint huruge,46.58011,4.57716
28805,71,71428,71170,Saint-Igny-de-Roche,saint igny de roche,46.188198738739,4.3053287387387
28806,71,71430,71640,Saint-Jean-de-Vaux,saint jean de vaux,46.806561428571,4.6951671428571
28807,71,71431,71490,Saint-Jean-de-Trézy,saint jean de trezy,46.841616,4.5904640689655
28808,71,71433,71800,Saint-Julien-de-Civry,saint julien de civry,46.371269828326,4.2171067381974
28809,71,71434,71110,Saint-Julien-de-Jonzy,saint julien de jonzy,46.249101338028,4.1375488732394
28810,71,71435,71210,Saint-Julien-sur-Dheune,saint julien sur dheune,46.772442612613,4.548913963964
28811,71,71436,71210,Saint-Laurent-d'Andenay,saint laurent d andenay,46.731441931034,4.515364
28812,71,71437,71800,Saint-Laurent-en-Brionnais,saint laurent en brionnais,46.266837479675,4.2511879674797
28813,71,71438,71360,Saint-Léger-du-Bois,saint leger du bois,47.026796025641,4.4309196794872
28814,71,71439,71600,Saint-Léger-lès-Paray,saint leger les paray,46.484436296296,4.1079857777778
28815,71,71440,71990,Saint-Léger-sous-Beuvray,saint leger sous beuvray,46.914140187793,4.0906950234742
28816,71,71441,71520,Saint-Léger-sous-la-Bussière,saint leger sous la bussiere,46.311699787234,4.5625132624113
28817,71,71442,71510,Saint-Léger-sur-Dheune,saint leger sur dheune,46.839476143791,4.6405417647059
28818,71,71443,71350,Saint-Loup-Géanges,saint loup geanges,46.948257416413,4.9180698784195
28819,71,71444,71240,Saint-Loup-de-Varennes,saint loup de varennes,46.723259875,4.852308875
28820,71,71445,71380,Saint-Marcel,saint marcel,46.774129662921,4.8957715730337
28821,71,71446,71460,Saint-Marcelin-de-Cray,saint marcelin de cray,46.564845771429,4.5176662857143
28822,71,71447,71640,Saint-Mard-de-Vaux,saint mard de vaux,46.814231046512,4.6731055813954
28823,71,71448,71118,Saint-Martin-Belle-Roche,saint martin belle roche,46.37934975,4.853276
28824,71,71449,71390,Saint-Martin-d'Auxy,saint martin d auxy,46.720699425287,4.5501888505747
28825,71,71450,71490,Saint-Martin-de-Commune,saint martin de commune,46.903466635071,4.5171105687204
28826,71,71451,71740,Saint-Martin-de-Lixy,saint martin de lixy,46.198612446809,4.237084893617
28827,71,71452,71220,Saint-Martin-de-Salencey,saint martin de salencey,46.522458362069,4.5027568965517
28828,71,71453,71110,Saint-Martin-du-Lac,saint martin du lac,46.24651503268,4.0522414379085
28829,71,71454,71580,Saint-Martin-du-Mont,saint martin du mont,46.622043254902,5.2924705098039
28830,71,71455,71460,Saint-Martin-du-Tartre,saint martin du tartre,46.649366910569,4.6050986178862
28831,71,71456,71620,Saint-Martin-en-Bresse,saint martin en bresse,46.799983375394,5.0606810725552
28832,71,71457,71350,Saint-Martin-en-Gâtinois,saint martin en gatinois,46.94416936,5.01042176
28833,71,71458,71460,Saint-Martin-la-Patrouille,saint martin la patrouille,46.586636075949,4.5397167088608
28834,71,71459,71640,Saint-Martin-sous-Montaigu,saint martin sous montaigu,46.812269850746,4.7106223880597
28835,71,71460,71260,Saint-Maurice-de-Satonnay,saint maurice de satonnay,46.401167481481,4.7823966666667
28836,71,71461,71460,Saint-Maurice-des-Champs,saint maurice des champs,46.623377962963,4.6238996296296
28837,71,71462,71620,Saint-Maurice-en-Rivière,saint maurice en riviere,46.846061981982,5.0291001801802
28838,71,71463,71740,Saint-Maurice-lès-Châteauneuf,saint maurice les chateauneuf,46.22333984,4.25198816
28839,71,71464,71490,Saint-Maurice-lès-Couches,saint maurice les couches,46.877348,4.6038750588235
28840,71,71465,71460,Saint-Micaud,saint micaud,46.692756793478,4.5247439673913
28841,71,71466,71190,Saint-Nizier-sur-Arroux,saint nizier sur arroux,46.814597647059,4.1578129411765
28842,71,71468,71670,Saint-Pierre-de-Varennes,saint pierre de varennes,46.84267432,4.5029948
28843,71,71469,71520,Saint-Pierre-le-Vieux,saint pierre le vieux,46.290835675676,4.5291493693694
28844,71,71470,71520,Saint-Point,saint point,46.337008727273,4.6172732727273
28845,71,71471,71390,Saint-Privé,saint prive,46.700642058824,4.5757483333333
28846,71,71472,71990,Saint-Prix,saint prix,46.97120595,4.0520891
28847,71,71473,71800,Saint-Racho,saint racho,46.264165168539,4.3715375280899
28848,71,71474,71320,Sainte-Radegonde,sainte radegonde,46.690994125,4.0803364375
28849,71,71475,71100,Saint-Rémy,saint remy,46.755825608466,4.8180058201058
28850,71,71477,71230,Saint-Romain-sous-Gourdon,saint romain sous gourdon,46.616198041958,4.4136681118881
28851,71,71478,71420,Saint-Romain-sous-Versigny,saint romain sous versigny,46.65325587963,4.1892556481481
28852,71,71479,71200,Saint-Sernin-du-Bois,saint sernin du bois,46.838064150943,4.4266950943396
28853,71,71480,71510,Saint-Sernin-du-Plain,saint sernin du plain,46.890574482759,4.6169486206896
28854,71,71481,71570,Saint-Symphorien-d'Ancelles,saint symphorien d ancelles,46.198180235294,4.7695585882353
28855,71,71482,71710,Saint-Symphorien-de-Marmagne,saint symphorien de marmagne,46.836186255507,4.3146307048458
28856,71,71483,71800,Saint-Symphorien-des-Bois,saint symphorien des bois,46.3246872,4.2931404
28857,71,71484,71500,Saint-Usuge,saint usuge,46.68628270557,5.2406514588859
28858,71,71485,71390,Saint-Vallerin,saint vallerin,46.684871851852,4.670945308642
28859,71,71486,71230,Saint-Vallier,saint vallier,46.645500446429,4.3550276339286
28860,71,71487,71570,Saint-Vérand,saint verand,46.254539090909,4.7290639393939
28861,71,71488,71250,Saint-Vincent-des-Prés,saint vincent des pres,46.473514320988,4.5579186419753
28862,71,71489,71440,Saint-Vincent-en-Bresse,saint vincent en bresse,46.672124071856,5.053685988024
28863,71,71490,71430,Saint-Vincent-Bragny,saint vincent bragny,46.522224891641,4.1286279876161
28864,71,71491,71600,Saint-Yan,saint yan,46.401315226337,4.0534387654321
28865,71,71492,71460,Saint-Ythaire,saint ythaire,46.567616785714,4.6062247857143
28866,71,71493,71360,Saisy,saisy,46.959297375887,4.5575427659575
28867,71,71494,71260,La Salle,la salle,46.406957288136,4.8514473728814
28868,71,71495,71250,Salornay-sur-Guye,salornay sur guye,46.517880147059,4.5992122794118
28869,71,71496,71150,Sampigny-lès-Maranges,sampigny les maranges,46.903283877551,4.65213
28870,71,71497,71000,Sancé,sance,46.341817142857,4.8342487301587
28871,71,71498,71460,Santilly,santilly,46.619714074074,4.7089877777778
28872,71,71499,71410,Sanvignes-les-Mines,sanvignes les mines,46.669226656442,4.2794786196319
28873,71,71500,71110,Sarry,sarry,46.3131552,4.104299
28874,71,71501,71390,Sassangy,sassangy,46.724288157895,4.6383494736842
28875,71,71502,71530,Sassenay,sassenay,46.830740353982,4.9084712389381
28876,71,71503,71390,Saules,saules,46.656805189873,4.6745997468354
28877,71,71504,71350,Saunières,saunieres,46.914359104478,5.0689444776119
28878,71,71505,71460,Savianges,savianges,46.689641473684,4.6031904210526
28879,71,71506,71580,Savigny-en-Revermont,savigny en revermont,46.631388709677,5.3876368458781
28880,71,71507,71460,Savigny-sur-Grosne,savigny sur grosne,46.581300507246,4.6659482608696
28881,71,71508,71440,Savigny-sur-Seille,savigny sur seille,46.635502746114,5.0945476683938
28882,71,71509,71400,La Celle-en-Morvan,la celle en morvan,47.009922941176,4.1785012299465
28883,71,71510,71110,Semur-en-Brionnais,semur en brionnais,46.274643225806,4.0930207258064
28884,71,71512,71240,Sennecey-le-Grand,sennecey le grand,46.631693937824,4.8887264248705
28885,71,71513,71260,Senozan,senozan,46.399550491803,4.8573704918033
28886,71,71514,71330,Sens-sur-Seille,sens sur seille,46.748652434211,5.30989
28887,71,71515,71460,Sercy,sercy,46.603071666667,4.6989441666667
28888,71,71516,71310,Serley,serley,46.788374236641,5.2375604961832
28889,71,71517,71350,Sermesse,sermesse,46.894224415584,5.0958287012987
28890,71,71518,71960,Serrières,serrieres,46.30986625,4.6666229166667
28891,71,71519,71310,Serrigny-en-Bresse,serrigny en bresse,46.825807538462,5.1212520769231
28892,71,71520,71100,Sevrey,sevrey,46.73873496063,4.8230642519685
28893,71,71521,71250,Sigy-le-Châtel,sigy le chatel,46.554545904762,4.570751047619
28894,71,71522,71290,Simandre,simandre,46.609006085271,4.988636124031
28895,71,71523,71330,Simard,simard,46.716171115538,5.1820928286853
28896,71,71524,71220,Sivignon,sivignon,46.429891094891,4.4970362773723
28897,71,71525,71960,Sologny,sologny,46.372731946903,4.6718339823009
28898,71,71526,71960,Solutré-Pouilly,solutre pouilly,46.295211759259,4.7239457407407
28899,71,71527,71540,Sommant,sommant,47.055185517241,4.2006748965517
28900,71,71528,71500,Sornay,sornay,46.618549347826,5.1733955978261
28901,71,71529,71220,Suin,suin,46.440150149254,4.4595232338308
28902,71,71530,71360,Sully,sully,46.982014818182,4.4518395151515
28903,71,71531,71190,La Tagnière,la tagniere,46.788700626703,4.2179974386921
28904,71,71532,71250,Taizé,taize,46.51024893617,4.6771869148936
28905,71,71533,71740,Tancon,tancon,46.196292236842,4.2629128289474
28906,71,71534,71330,Le Tartre,le tartre,46.745433918919,5.3524008108108
28907,71,71535,71400,Tavernay,tavernay,46.996955777778,4.2381090555556
28908,71,71537,71190,Thil-sur-Arroux,thil sur arroux,46.804392881356,4.0944404237288
28909,71,71538,71440,Thurey,thurey,46.743428388626,5.1274052606635
28910,71,71539,71490,Tintry,tintry,46.933615206186,4.4901407216495
28911,71,71540,71210,Torcy,torcy,46.766500705882,4.4483177058824
28912,71,71541,71270,Torpes,torpes,46.836658577075,5.3395271146245
28913,71,71542,71320,Toulon-sur-Arroux,toulon sur arroux,46.691032172414,4.1551341724138
28914,71,71543,71700,Tournus,tournus,46.562839642857,4.9004314880952
28915,71,71544,71350,Toutenant,toutenant,46.868945526316,5.1079227631579
28916,71,71545,71520,Tramayes,tramayes,46.310506277056,4.5959011255411
28917,71,71546,71520,Trambly,trambly,46.330408516129,4.5315290967742
28918,71,71547,71520,Trivy,trivy,46.392045666667,4.4882287777778
28919,71,71548,71440,Tronchy,tronchy,46.72598275,5.0726789375
28920,71,71549,71290,La Truchère,la truchere,46.514407358491,4.9536999056604
28921,71,71550,71700,Uchizy,uchizy,46.501078365385,4.8780815384615
28922,71,71551,71190,Uchon,uchon,46.807807733333,4.2586900666667
28923,71,71552,71130,Uxeau,uxeau,46.65608728,4.04151984
28924,71,71553,71800,Vareilles,vareilles,46.300682875,4.25160275
28925,71,71554,71110,Varenne-l'Arconce,varenne l arconce,46.343076754386,4.1514506140351
28926,71,71555,71240,Varennes-le-Grand,varennes le grand,46.704517434555,4.8850572774869
28927,71,71556,71000,Varennes-lès-Mâcon,varennes les macon,46.275001919192,4.8068886868687
28928,71,71557,71600,Varenne-Saint-Germain,varenne saint germain,46.436748333333,4.0293676666667
28929,71,71558,71480,Varennes-Saint-Sauveur,varennes saint sauveur,46.504904834254,5.2344782320442
28930,71,71559,71800,Varennes-sous-Dun,varennes sous dun,46.276998888889,4.3373799305556
28931,71,71561,71800,Vauban,vauban,46.268377905759,4.2186258638743
28932,71,71562,71120,Vaudebarrier,vaudebarrier,46.416452742857,4.3130596
28933,71,71563,71460,Vaux-en-Pré,vaux en pre,46.622729327731,4.604547394958
28934,71,71564,71120,Vendenesse-lès-Charolles,vendenesse les charolles,46.440608564815,4.3534230092593
28935,71,71565,71130,Vendenesse-sur-Arroux,vendenesse sur arroux,46.63163473029,4.0675629045643
28936,71,71566,71350,Verdun-sur-le-Doubs,verdun sur le doubs,46.889941830986,5.0222591549296
28937,71,71567,71960,Vergisson,vergisson,46.308722209302,4.7114851162791
28938,71,71568,71440,Vérissey,verissey,46.711675714286,5.1283107142857
28939,71,71570,71590,Verjux,verjux,46.875566101695,4.9709876271186
28940,71,71571,71220,Verosvres,verosvres,46.397526842105,4.4381504678363
28941,71,71572,71240,Vers,vers,46.583185754717,4.8541866037736
28942,71,71573,71110,Versaugues,versaugues,46.3713926875,4.0606988125
28943,71,71574,71960,Verzé,verze,46.377766415094,4.7362711949686
28944,71,71576,71700,Le Villars,le villars,46.526402105263,4.9182388157895
28945,71,71577,71620,Villegaudin,villegaudin,46.803285952381,5.1005124603175
28946,71,71578,71270,Clux-Villeneuve,clux villeneuve,46.958998979592,5.1795897959184
28947,71,71579,71390,Villeneuve-en-Montagne,villeneuve en montagne,46.758735855513,4.5861664638783
28948,71,71580,71500,Vincelles,vincelles,46.664068783784,5.2269065540541
28949,71,71581,71110,Vindecy,vindecy,46.354394509804,4.0086335294118
28950,71,71582,71250,La Vineuse sur Fregande,la vineuse sur fregande,46.467283590909,4.5852154545454
28951,71,71583,71680,Vinzelles,vinzelles,46.267129375,4.7801079166667
28952,71,71584,71260,Viré,vire,46.44500699115,4.8528005309735
28953,71,71585,71530,Virey-le-Grand,virey le grand,46.852206213592,4.8676618446602
28954,71,71586,71120,Viry,viry,46.472967712177,4.3399874538745
28955,71,71588,71600,Vitry-en-Charollais,vitry en charollais,46.467975186916,4.0651703738318
28956,71,71589,71140,Vitry-sur-Loire,vitry sur loire,46.685723677419,3.7280219354839
28957,71,71590,71600,Volesvres,volesvres,46.477056869565,4.1761756521739
28958,71,71591,71260,Fleurville,fleurville,46.441930714286,4.8782418571429
